{"type":"FeatureCollection","features":[{"type":"Feature","id":2,"properties":{"name":"Watsi-Genge","code":"","country":"Democratic Republic of the Congo","country_code":"COD","port_type":"River"},"geometry":{"type":"Point","coordinates":[20.62966,-0.9456]}},{"type":"Feature","id":3,"properties":{"name":"Charlotte (Skidegate)","code":"CASKI","country":"Canada","country_code":"CAN","port_type":"Sea"},"geometry":{"type":"Point","coordinates":[-132.00969,53.24742]}},{"type":"Feature","id":4,"properties":{"name":"Homer","code":"USHOI","country":"","country_code":"USA","port_type":"Sea"},"geometry":{"type":"Point","coordinates":[-151.41553,59.60159]}},{"type":"Feature","id":5,"properties":{"name":"Hartsdale","code":"USHAS","country":"","country_code":"USA","port_type":"Sea"},"geometry":{"type":"Point","coordinates":[-74.0021,40.7061]}},{"type":"Feature","id":6,"properties":{"name":"Killingholme","code":"GBKGH","country":"","country_code":"GBR","port_type":"Sea"},"geometry":{"type":"Point","coordinates":[-0.21512,53.64561]}},{"type":"Feature","id":7,"properties":{"name":"Shoreham","code":"GBSHO","country":"U.K. of Great Britain and Northern Ireland","country_code":"GBR","port_type":"Sea"},"geometry":{"type":"Point","coordinates":[-0.26934,50.83232]}},{"type":"Feature","id":8,"properties":{"name":"Southend","code":"GBSND","country":"U.K. of Great Britain and Northern Ireland","country_code":"GBR","port_type":"Sea"},"geometry":{"type":"Point","coordinates":[0.7155,51.53415]}},{"type":"Feature","id":9,"properties":{"name":"Santa Fe","code":"ARSFN","country":"Argentina","country_code":"ARG","port_type":"River"},"geometry":{"type":"Point","coordinates":[-60.69712,-31.65014]}},{"type":"Feature","id":10,"properties":{"name":"Punta De Palmas","code":"VEPLV","country":"Venezuela","country_code":"VEN","port_type":"Sea"},"geometry":{"type":"Point","coordinates":[-71.63472,10.4409]}},{"type":"Feature","id":11,"properties":{"name":"Moin Bay","code":"CRMOB","country":"Costa Rica","country_code":"CRI","port_type":"Sea"},"geometry":{"type":"Point","coordinates":[-83.07669,10.00433]}},{"type":"Feature","id":12,"properties":{"name":"Canaport","code":"CACPT","country":"Canada","country_code":"CAN","port_type":"Sea"},"geometry":{"type":"Point","coordinates":[-65.98286,45.2085]}},{"type":"Feature","id":13,"properties":{"name":"Winslow","code":"USWSE","country":"United States of America","country_code":"USA","port_type":"Sea"},"geometry":{"type":"Point","coordinates":[-122.51324,47.62285]}},{"type":"Feature","id":14,"properties":{"name":"West Foreland","code":"USWFO","country":"","country_code":"USA","port_type":"Sea"},"geometry":{"type":"Point","coordinates":[-151.71198,60.7133]}},{"type":"Feature","id":15,"properties":{"name":"Redwood City","code":"USRWC","country":"United States of America","country_code":"USA","port_type":"Sea"},"geometry":{"type":"Point","coordinates":[-122.20405,37.5132]}},{"type":"Feature","id":16,"properties":{"name":"Shawano","code":"USSWS","country":"United States of America","country_code":"USA","port_type":"Sea"},"geometry":{"type":"Point","coordinates":[-89.3605,29.24043]}},{"type":"Feature","id":17,"properties":{"name":"Mars","code":"USXJB","country":"United States of America","country_code":"USA","port_type":"Sea"},"geometry":{"type":"Point","coordinates":[-91.8058,29.50305]}},{"type":"Feature","id":18,"properties":{"name":"Sullom Voe","code":"GBSUL","country":"U.K. of Great Britain and Northern Ireland","country_code":"GBR","port_type":"Sea"},"geometry":{"type":"Point","coordinates":[-1.29003,60.45831]}},{"type":"Feature","id":19,"properties":{"name":"Salina","code":"ITSLA","country":"","country_code":"ITA","port_type":"Sea"},"geometry":{"type":"Point","coordinates":[14.87226,38.5593]}},{"type":"Feature","id":20,"properties":{"name":"Eleusis","code":"GREEU","country":"Greece","country_code":"GRC","port_type":"Sea"},"geometry":{"type":"Point","coordinates":[23.51074,38.04274]}},{"type":"Feature","id":21,"properties":{"name":"Syros (Syra)","code":"GRJSY","country":"Greece","country_code":"GRC","port_type":"Sea"},"geometry":{"type":"Point","coordinates":[24.94032,37.43767]}},{"type":"Feature","id":22,"properties":{"name":"Cebu","code":"","country":"Philippines","country_code":"PHL","port_type":"Sea"},"geometry":{"type":"Point","coordinates":[124.40972,10.62832]}},{"type":"Feature","id":23,"properties":{"name":"Coco Grove Nature Resort","code":"","country":"Philippines","country_code":"PHL","port_type":"Sea"},"geometry":{"type":"Point","coordinates":[124.2838,10.61768]}},{"type":"Feature","id":24,"properties":{"name":"Pointe Des Galets","code":"REPDG","country":"Réunion","country_code":"REU","port_type":"Sea"},"geometry":{"type":"Point","coordinates":[55.31133,-20.93108]}},{"type":"Feature","id":25,"properties":{"name":"Sulina (Port Et Zone Franche)","code":"ROSUL","country":"Romania","country_code":"ROU","port_type":"Sea"},"geometry":{"type":"Point","coordinates":[29.66218,45.15849]}},{"type":"Feature","id":26,"properties":{"name":"Damman","code":"SADMN","country":"Saudi Arabia","country_code":"SAU","port_type":"Sea"},"geometry":{"type":"Point","coordinates":[50.19733,26.48684]}},{"type":"Feature","id":27,"properties":{"name":"Tijuana","code":"MXTIJ","country":"","country_code":"MEX","port_type":"Sea"},"geometry":{"type":"Point","coordinates":[-117.12305,32.50821]}},{"type":"Feature","id":28,"properties":{"name":"Jose Ignacio Terminal","code":"UYJIT","country":"Uruguay","country_code":"URY","port_type":"Sea"},"geometry":{"type":"Point","coordinates":[-54.63312,-34.84588]}},{"type":"Feature","id":29,"properties":{"name":"Khark Island","code":"IRKHK","country":"Iran  (Islamic Republic of)","country_code":"IRN","port_type":"Sea"},"geometry":{"type":"Point","coordinates":[50.33049,29.21619]}},{"type":"Feature","id":30,"properties":{"name":"Bandar Mahshahr","code":"IRMRX","country":"Iran  (Islamic Republic of)","country_code":"IRN","port_type":"River"},"geometry":{"type":"Point","coordinates":[49.17771,30.46914]}},{"type":"Feature","id":31,"properties":{"name":"Porto Foxi (Sarroch)","code":"ITPFX","country":"Italy","country_code":"ITA","port_type":"Sea"},"geometry":{"type":"Point","coordinates":[9.01368,39.09045]}},{"type":"Feature","id":32,"properties":{"name":"Rharous","code":"","country":"Mali","country_code":"MLI","port_type":"River"},"geometry":{"type":"Point","coordinates":[-1.92331,16.88259]}},{"type":"Feature","id":33,"properties":{"name":"Ambohitsara","code":"","country":"Madagascar","country_code":"MDG","port_type":"River"},"geometry":{"type":"Point","coordinates":[48.46241,-20.86592]}},{"type":"Feature","id":34,"properties":{"name":"Pomala","code":"IDPUM","country":"Indonesia","country_code":"IDN","port_type":"Sea"},"geometry":{"type":"Point","coordinates":[121.59489,-4.1828]}},{"type":"Feature","id":35,"properties":{"name":"Telok Ayer","code":"IDTKA","country":"Indonesia","country_code":"IDN","port_type":"Unknown"},"geometry":{"type":"Point","coordinates":[109.57272,-0.76919]}},{"type":"Feature","id":36,"properties":{"name":"Lifake","code":"","country":"Democratic Republic of the Congo","country_code":"COD","port_type":"River"},"geometry":{"type":"Point","coordinates":[22.1408,1.06498]}},{"type":"Feature","id":37,"properties":{"name":"Escravos","code":"NGESC","country":"Nigeria","country_code":"NGA","port_type":"Unknown"},"geometry":{"type":"Point","coordinates":[5.20625,5.61173]}},{"type":"Feature","id":38,"properties":{"name":"My Tho","code":"VNMUT","country":"Viet Nam","country_code":"VNM","port_type":"River"},"geometry":{"type":"Point","coordinates":[106.3285,10.34402]}},{"type":"Feature","id":39,"properties":{"name":"Yafala","code":"","country":"Democratic Republic of the Congo","country_code":"COD","port_type":"River"},"geometry":{"type":"Point","coordinates":[22.11768,-1.37229]}},{"type":"Feature","id":40,"properties":{"name":"Gutthom","code":"","country":"South Sudan","country_code":"SSD","port_type":"River"},"geometry":{"type":"Point","coordinates":[31.33383,6.48444]}},{"type":"Feature","id":41,"properties":{"name":"Vum","code":"","country":"Democratic Republic of the Congo","country_code":"COD","port_type":"River"},"geometry":{"type":"Point","coordinates":[18.92355,-3.82254]}},{"type":"Feature","id":42,"properties":{"name":"Isokolokoto","code":"","country":"Democratic Republic of the Congo","country_code":"COD","port_type":"River"},"geometry":{"type":"Point","coordinates":[20.97019,0.46143]}},{"type":"Feature","id":43,"properties":{"name":"Koko","code":"NGKOK","country":"Nigeria","country_code":"NGA","port_type":"Unknown"},"geometry":{"type":"Point","coordinates":[5.45875,5.99881]}},{"type":"Feature","id":44,"properties":{"name":"Pugwash","code":"CAPUG","country":"Canada","country_code":"CAN","port_type":"Sea"},"geometry":{"type":"Point","coordinates":[-63.66423,45.84869]}},{"type":"Feature","id":45,"properties":{"name":"Liege (Luik)","code":"BELGG","country":"Belgium","country_code":"BEL","port_type":"Sea"},"geometry":{"type":"Point","coordinates":[5.6324,50.65459]}},{"type":"Feature","id":46,"properties":{"name":"Naha","code":"JPNAH","country":"Japan","country_code":"JPN","port_type":"Sea"},"geometry":{"type":"Point","coordinates":[127.69245,26.2447]}},{"type":"Feature","id":47,"properties":{"name":"Cossack Pioneer","code":"","country":"Australia","country_code":"AUS","port_type":"Sea"},"geometry":{"type":"Point","coordinates":[116.69787,-20.6756]}},{"type":"Feature","id":48,"properties":{"name":"Des Plaines","code":"USDES","country":"United States of America","country_code":"USA","port_type":"Sea"},"geometry":{"type":"Point","coordinates":[-90.36439,29.93482]}},{"type":"Feature","id":49,"properties":{"name":"Oakham Ness","code":"GBOAK","country":"U.K. of Great Britain and Northern Ireland","country_code":"GBR","port_type":"Sea"},"geometry":{"type":"Point","coordinates":[0.6342,51.42122]}},{"type":"Feature","id":50,"properties":{"name":"Hunterston","code":"GBHST","country":"U.K. of Great Britain and Northern Ireland","country_code":"GBR","port_type":"Sea"},"geometry":{"type":"Point","coordinates":[-4.86915,55.74505]}},{"type":"Feature","id":51,"properties":{"name":"Faslane","code":"GBFAS","country":"U.K. of Great Britain and Northern Ireland","country_code":"GBR","port_type":"Sea"},"geometry":{"type":"Point","coordinates":[-4.81973,56.06673]}},{"type":"Feature","id":52,"properties":{"name":"Palma Mallorca","code":"ESPMI","country":"Spain","country_code":"ESP","port_type":"Sea"},"geometry":{"type":"Point","coordinates":[2.6445,39.56616]}},{"type":"Feature","id":53,"properties":{"name":"Moji","code":"JPMOJ","country":"Japan","country_code":"JPN","port_type":"Sea"},"geometry":{"type":"Point","coordinates":[130.96633,33.95201]}},{"type":"Feature","id":54,"properties":{"name":"Sendai","code":"","country":"Japan","country_code":"JPN","port_type":"Sea"},"geometry":{"type":"Point","coordinates":[141.00557,38.27451]}},{"type":"Feature","id":55,"properties":{"name":"Port Of Aqtau (Aktau)","code":"","country":"Kazakhstan","country_code":"KAZ","port_type":"Sea"},"geometry":{"type":"Point","coordinates":[51.22023,43.60967]}},{"type":"Feature","id":56,"properties":{"name":"Bassein","code":"MMBSX","country":"Myanmar","country_code":"MMR","port_type":"River"},"geometry":{"type":"Point","coordinates":[94.73082,16.78112]}},{"type":"Feature","id":57,"properties":{"name":"La Palma","code":"PAPLP","country":"Panama","country_code":"PAN","port_type":"Sea"},"geometry":{"type":"Point","coordinates":[-78.14191,8.40629]}},{"type":"Feature","id":58,"properties":{"name":"Lajes","code":"PTLAJ","country":"Azores Islands","country_code":"PRT","port_type":"Sea"},"geometry":{"type":"Point","coordinates":[-31.1711,39.37902]}},{"type":"Feature","id":59,"properties":{"name":"Mesaieed","code":"QAUMS","country":"Qatar","country_code":"QAT","port_type":"Unknown"},"geometry":{"type":"Point","coordinates":[51.56731,24.91738]}},{"type":"Feature","id":60,"properties":{"name":"Punta Colorada","code":"ARPCO","country":"Argentina","country_code":"ARG","port_type":"Sea"},"geometry":{"type":"Point","coordinates":[-65.03439,-41.69762]}},{"type":"Feature","id":61,"properties":{"name":"South Riding Point","code":"BSSRP","country":"Bahamas","country_code":"BHS","port_type":"Sea"},"geometry":{"type":"Point","coordinates":[-78.23165,26.62642]}},{"type":"Feature","id":62,"properties":{"name":"Woodlands","code":"SGWDL","country":"","country_code":"SGP","port_type":"Sea"},"geometry":{"type":"Point","coordinates":[103.77974,1.45201]}},{"type":"Feature","id":63,"properties":{"name":"Aioi","code":"JPAIO","country":"Japan","country_code":"JPN","port_type":"Sea"},"geometry":{"type":"Point","coordinates":[134.46388,34.78907]}},{"type":"Feature","id":64,"properties":{"name":"Mukho","code":"KRMUK","country":"Republic of Korea","country_code":"KOR","port_type":"Sea"},"geometry":{"type":"Point","coordinates":[129.11646,37.55231]}},{"type":"Feature","id":65,"properties":{"name":"Arman","code":"RUARM","country":"Russian Federation","country_code":"RUS","port_type":"Sea"},"geometry":{"type":"Point","coordinates":[150.77662,59.54024]}},{"type":"Feature","id":66,"properties":{"name":"Tuxpan","code":"MXTUX","country":"Mexico","country_code":"MEX","port_type":"Sea"},"geometry":{"type":"Point","coordinates":[-97.39383,20.94442]}},{"type":"Feature","id":67,"properties":{"name":"Puerto Miranda / Maracaibo L.","code":"VEMIV","country":"","country_code":"VEN","port_type":"Sea"},"geometry":{"type":"Point","coordinates":[-71.5519,10.76144]}},{"type":"Feature","id":68,"properties":{"name":"La Salina / Maracaibo L","code":"VELSV","country":"","country_code":"VEN","port_type":"Sea"},"geometry":{"type":"Point","coordinates":[-71.4548,10.37679]}},{"type":"Feature","id":69,"properties":{"name":"Moulmein","code":"MMMNU","country":"","country_code":"MMR","port_type":"Sea"},"geometry":{"type":"Point","coordinates":[97.6175,16.49322]}},{"type":"Feature","id":70,"properties":{"name":"Sidi Kerir","code":"EGSKT","country":"","country_code":"EGY","port_type":"Sea"},"geometry":{"type":"Point","coordinates":[29.67018,31.05359]}},{"type":"Feature","id":71,"properties":{"name":"Stignaesvaerkets Havn","code":"DKSTG","country":"Denmark","country_code":"DNK","port_type":"Sea"},"geometry":{"type":"Point","coordinates":[11.25443,55.20852]}},{"type":"Feature","id":72,"properties":{"name":"Inkoo","code":"FIINK","country":"Finland","country_code":"FIN","port_type":"Sea"},"geometry":{"type":"Point","coordinates":[24.00623,60.04148]}},{"type":"Feature","id":73,"properties":{"name":"Crooked Island","code":"BSCRI","country":"Bahamas","country_code":"BHS","port_type":"Sea"},"geometry":{"type":"Point","coordinates":[-74.18962,22.75116]}},{"type":"Feature","id":74,"properties":{"name":"Barahona","code":"DOBRX","country":"Dominican Republic","country_code":"DOM","port_type":"Sea"},"geometry":{"type":"Point","coordinates":[-71.08721,18.21611]}},{"type":"Feature","id":75,"properties":{"name":"Bandar Abbas","code":"IRBND","country":"Iran  (Islamic Republic of)","country_code":"IRN","port_type":"Sea"},"geometry":{"type":"Point","coordinates":[56.20611,27.14681]}},{"type":"Feature","id":76,"properties":{"name":"Forno","code":"BRFNO","country":"Brazil","country_code":"BRA","port_type":"Sea"},"geometry":{"type":"Point","coordinates":[-42.01826,-22.96957]}},{"type":"Feature","id":77,"properties":{"name":"Kalecik","code":"CYKAL","country":"Cyprus","country_code":"CYP","port_type":"Sea"},"geometry":{"type":"Point","coordinates":[33.99319,35.32798]}},{"type":"Feature","id":78,"properties":{"name":"El Iskandariya","code":"EGALY","country":"","country_code":"EGY","port_type":"Sea"},"geometry":{"type":"Point","coordinates":[29.86204,31.16936]}},{"type":"Feature","id":79,"properties":{"name":"Ras Shukheir","code":"EGRSH","country":"Egypt","country_code":"EGY","port_type":"Sea"},"geometry":{"type":"Point","coordinates":[33.27519,28.13602]}},{"type":"Feature","id":80,"properties":{"name":"Lingah","code":"IRLIN","country":"","country_code":"IRN","port_type":"Sea"},"geometry":{"type":"Point","coordinates":[54.89053,26.55452]}},{"type":"Feature","id":81,"properties":{"name":"Basrah","code":"IQBSR","country":"Iraq","country_code":"IRQ","port_type":"River"},"geometry":{"type":"Point","coordinates":[47.84923,30.51164]}},{"type":"Feature","id":82,"properties":{"name":"Hibiki","code":"JPHBK","country":"Japan","country_code":"JPN","port_type":"Sea"},"geometry":{"type":"Point","coordinates":[130.77865,33.93027]}},{"type":"Feature","id":83,"properties":{"name":"Yawata","code":"JPYWT","country":"Japan","country_code":"JPN","port_type":"Sea"},"geometry":{"type":"Point","coordinates":[130.78127,33.88705]}},{"type":"Feature","id":84,"properties":{"name":"Juaymah Terminal","code":"SAJUT","country":"Saudi Arabia","country_code":"SAU","port_type":"Sea"},"geometry":{"type":"Point","coordinates":[50.01443,26.79268]}},{"type":"Feature","id":85,"properties":{"name":"Tembladora","code":"TTTEM","country":"Trinidad and Tobago","country_code":"TTO","port_type":"Sea"},"geometry":{"type":"Point","coordinates":[-61.56864,10.67923]}},{"type":"Feature","id":86,"properties":{"name":"Haydarpasa","code":"TRHAY","country":"","country_code":"TUR","port_type":"Sea"},"geometry":{"type":"Point","coordinates":[29.01452,41.00242]}},{"type":"Feature","id":87,"properties":{"name":"Foca","code":"TRFOC","country":"","country_code":"TUR","port_type":"Sea"},"geometry":{"type":"Point","coordinates":[26.7521,38.66761]}},{"type":"Feature","id":88,"properties":{"name":"St Thomas Island","code":"VISTT","country":"United States Virgin Islands","country_code":"VIR","port_type":"Sea"},"geometry":{"type":"Point","coordinates":[-64.93865,18.33887]}},{"type":"Feature","id":89,"properties":{"name":"Barcadera","code":"AWBAR","country":"Aruba","country_code":"ABW","port_type":"Sea"},"geometry":{"type":"Point","coordinates":[-69.99846,12.48094]}},{"type":"Feature","id":90,"properties":{"name":"Bullen Bay","code":"ANBUB","country":"Netherlands Antilles","country_code":"ANT","port_type":"Sea"},"geometry":{"type":"Point","coordinates":[-69.0259,12.19427]}},{"type":"Feature","id":91,"properties":{"name":"Zayed","code":"AEMZD","country":"United Arab Emirates","country_code":"ARE","port_type":"Sea"},"geometry":{"type":"Point","coordinates":[54.37681,24.51602]}},{"type":"Feature","id":92,"properties":{"name":"Barbuda","code":"AGBBQ","country":"Antigua and Barbuda","country_code":"ATG","port_type":"Sea"},"geometry":{"type":"Point","coordinates":[-61.82788,17.64144]}},{"type":"Feature","id":93,"properties":{"name":"Jiangyin","code":"CNJIA","country":"China","country_code":"CHN","port_type":"Sea"},"geometry":{"type":"Point","coordinates":[120.17442,31.92039]}},{"type":"Feature","id":94,"properties":{"name":"Sittwe","code":"MMAKY","country":"Myanmar","country_code":"MMR","port_type":"Sea"},"geometry":{"type":"Point","coordinates":[92.90128,20.14001]}},{"type":"Feature","id":95,"properties":{"name":"Pointe A La Hache","code":"USPHC","country":"United States of America","country_code":"USA","port_type":"Sea"},"geometry":{"type":"Point","coordinates":[-89.79325,29.57611]}},{"type":"Feature","id":96,"properties":{"name":"Port Of Semey","code":"","country":"Kazakhstan","country_code":"KAZ","port_type":"Unknown"},"geometry":{"type":"Point","coordinates":[80.20868,50.43993]}},{"type":"Feature","id":97,"properties":{"name":"Antwerp","code":"","country":"Belgium","country_code":"BEL","port_type":"Unknown"},"geometry":{"type":"Point","coordinates":[4.4174,51.24332]}},{"type":"Feature","id":98,"properties":{"name":"Navarino","code":"GRNAV","country":"Greece","country_code":"GRC","port_type":"Sea"},"geometry":{"type":"Point","coordinates":[21.69516,36.91472]}},{"type":"Feature","id":99,"properties":{"name":"Port Of Atyrau","code":"","country":"Kazakhstan","country_code":"KAZ","port_type":"Sea"},"geometry":{"type":"Point","coordinates":[51.86886,47.07208]}},{"type":"Feature","id":100,"properties":{"name":"Malingu","code":"","country":"Democratic Republic of the Congo","country_code":"COD","port_type":"River"},"geometry":{"type":"Point","coordinates":[16.58492,-5.87762]}},{"type":"Feature","id":101,"properties":{"name":"Bolafa","code":"","country":"Democratic Republic of the Congo","country_code":"COD","port_type":"River"},"geometry":{"type":"Point","coordinates":[22.1123,1.53925]}},{"type":"Feature","id":102,"properties":{"name":"Malta (Valetta)","code":"MTMLA","country":"Malta","country_code":"MLT","port_type":"Sea"},"geometry":{"type":"Point","coordinates":[14.51314,35.89425]}},{"type":"Feature","id":103,"properties":{"name":"N'Gi","code":"","country":"Democratic Republic of the Congo","country_code":"COD","port_type":"River"},"geometry":{"type":"Point","coordinates":[17.15382,-4.41232]}},{"type":"Feature","id":104,"properties":{"name":"Za'Farana","code":"","country":"Egypt","country_code":"EGY","port_type":"Sea"},"geometry":{"type":"Point","coordinates":[32.66471,29.11107]}},{"type":"Feature","id":105,"properties":{"name":"Saleologa","code":"","country":"Samoa","country_code":"WSM","port_type":"Sea"},"geometry":{"type":"Point","coordinates":[-172.21695,-13.74475]}},{"type":"Feature","id":106,"properties":{"name":"Lilo","code":"","country":"Democratic Republic of the Congo","country_code":"COD","port_type":"River"},"geometry":{"type":"Point","coordinates":[25.4275,-0.61864]}},{"type":"Feature","id":107,"properties":{"name":"Bangu","code":"","country":"Democratic Republic of the Congo","country_code":"COD","port_type":"River"},"geometry":{"type":"Point","coordinates":[19.18075,-0.24726]}},{"type":"Feature","id":108,"properties":{"name":"Aola Bay","code":"SBAOB","country":"","country_code":"SLB","port_type":"Unknown"},"geometry":{"type":"Point","coordinates":[160.49173,-9.53525]}},{"type":"Feature","id":109,"properties":{"name":"Walton","code":"CAWTN","country":"Canada","country_code":"CAN","port_type":"Sea"},"geometry":{"type":"Point","coordinates":[-64.00853,45.23111]}},{"type":"Feature","id":110,"properties":{"name":"Northville (Riverhead)","code":"USNVR","country":"United States of America","country_code":"USA","port_type":"Sea"},"geometry":{"type":"Point","coordinates":[-72.65551,40.91828]}},{"type":"Feature","id":111,"properties":{"name":"Felton","code":"","country":"Cuba","country_code":"CUB","port_type":"Sea"},"geometry":{"type":"Point","coordinates":[-75.6073,20.72725]}},{"type":"Feature","id":112,"properties":{"name":"Tanamo","code":"CUTAN","country":"Cuba","country_code":"CUB","port_type":"Sea"},"geometry":{"type":"Point","coordinates":[-75.33573,20.67864]}},{"type":"Feature","id":113,"properties":{"name":"Fraser Mills","code":"CAFRM","country":"Canada","country_code":"CAN","port_type":"Sea"},"geometry":{"type":"Point","coordinates":[-122.91238,49.19981]}},{"type":"Feature","id":114,"properties":{"name":"Berville","code":"FRBEV","country":"France","country_code":"FRA","port_type":"Sea"},"geometry":{"type":"Point","coordinates":[0.3606,49.43485]}},{"type":"Feature","id":115,"properties":{"name":"Bagotville","code":"CABGT","country":"Canada","country_code":"CAN","port_type":"Sea"},"geometry":{"type":"Point","coordinates":[-70.87961,48.34383]}},{"type":"Feature","id":116,"properties":{"name":"Norsworthy","code":"USNSW","country":"United States of America","country_code":"USA","port_type":"Sea"},"geometry":{"type":"Point","coordinates":[-95.1928,29.74113]}},{"type":"Feature","id":117,"properties":{"name":"Hamaroy","code":"NOHMY","country":"Norway","country_code":"NOR","port_type":"Sea"},"geometry":{"type":"Point","coordinates":[15.63392,68.08477]}},{"type":"Feature","id":118,"properties":{"name":"Melilli","code":"ITMEL","country":"Italy","country_code":"ITA","port_type":"Sea"},"geometry":{"type":"Point","coordinates":[15.25179,37.10968]}},{"type":"Feature","id":119,"properties":{"name":"Studstrupvaerkets Havn","code":"DKSSV","country":"Denmark","country_code":"DNK","port_type":"Sea"},"geometry":{"type":"Point","coordinates":[10.34783,56.24891]}},{"type":"Feature","id":120,"properties":{"name":"Bugo","code":"","country":"","country_code":"PHL","port_type":"Sea"},"geometry":{"type":"Point","coordinates":[124.75312,8.50849]}},{"type":"Feature","id":121,"properties":{"name":"Nowy Port","code":"PLNOW","country":"Poland","country_code":"POL","port_type":"Sea"},"geometry":{"type":"Point","coordinates":[18.65782,54.40853]}},{"type":"Feature","id":122,"properties":{"name":"Thira","code":"GRJTR","country":"Greece","country_code":"GRC","port_type":"Sea"},"geometry":{"type":"Point","coordinates":[25.43119,36.3861]}},{"type":"Feature","id":123,"properties":{"name":"Mutsuogawara","code":"","country":"Japan","country_code":"JPN","port_type":"Sea"},"geometry":{"type":"Point","coordinates":[141.38524,40.96875]}},{"type":"Feature","id":124,"properties":{"name":"Ras Laffan","code":"","country":"","country_code":"QAT","port_type":"Sea"},"geometry":{"type":"Point","coordinates":[51.59255,25.91414]}},{"type":"Feature","id":125,"properties":{"name":"Shortland Harbour","code":"SBSHH","country":"","country_code":"SLB","port_type":"Unknown"},"geometry":{"type":"Point","coordinates":[155.86379,-7.08892]}},{"type":"Feature","id":126,"properties":{"name":"Hera fishing port","code":"","country":"Timor-Leste","country_code":"TLS","port_type":"Sea"},"geometry":{"type":"Point","coordinates":[125.68134,-8.53445]}},{"type":"Feature","id":127,"properties":{"name":"Thi Nai","code":"","country":"Viet Nam","country_code":"VNM","port_type":"Sea"},"geometry":{"type":"Point","coordinates":[109.22867,13.7813]}},{"type":"Feature","id":128,"properties":{"name":"Ras Zubbaya","code":"AEDUY","country":"United Arab Emirates","country_code":"ARE","port_type":"Unknown"},"geometry":{"type":"Point","coordinates":[54.133,24.32187]}},{"type":"Feature","id":129,"properties":{"name":"New Holland","code":"GBNHO","country":"U.K. of Great Britain and Northern Ireland","country_code":"GBR","port_type":"Sea"},"geometry":{"type":"Point","coordinates":[-0.36337,53.70469]}},{"type":"Feature","id":130,"properties":{"name":"Djerba","code":"TNDJE","country":"Tunisia","country_code":"TUN","port_type":"Sea"},"geometry":{"type":"Point","coordinates":[10.85775,33.88626]}},{"type":"Feature","id":131,"properties":{"name":"Talca","code":"CLTLX","country":"Chile","country_code":"CHL","port_type":"Sea"},"geometry":{"type":"Point","coordinates":[-73.10178,-36.7283]}},{"type":"Feature","id":132,"properties":{"name":"Kuantan","code":"MYKUA","country":"Malaysia","country_code":"MYS","port_type":"Sea"},"geometry":{"type":"Point","coordinates":[103.42386,3.97809]}},{"type":"Feature","id":133,"properties":{"name":"Kerteh Terminal","code":"MYKET","country":"Malaysia","country_code":"MYS","port_type":"Sea"},"geometry":{"type":"Point","coordinates":[103.45553,4.58999]}},{"type":"Feature","id":134,"properties":{"name":"Mokpo","code":"KRMOK","country":"Republic of Korea","country_code":"KOR","port_type":"Sea"},"geometry":{"type":"Point","coordinates":[126.38245,34.78086]}},{"type":"Feature","id":135,"properties":{"name":"Port Kelang","code":"MYPKG","country":"Malaysia","country_code":"MYS","port_type":"Sea"},"geometry":{"type":"Point","coordinates":[101.36368,3.02802]}},{"type":"Feature","id":136,"properties":{"name":"Guaranao Bay","code":"VEGUB","country":"Venezuela","country_code":"VEN","port_type":"Sea"},"geometry":{"type":"Point","coordinates":[-70.21381,11.66943]}},{"type":"Feature","id":137,"properties":{"name":"Henjam","code":"IRHEJ","country":"","country_code":"IRN","port_type":"Sea"},"geometry":{"type":"Point","coordinates":[55.89432,26.68227]}},{"type":"Feature","id":138,"properties":{"name":"Okayama","code":"JPOKJ","country":"Japan","country_code":"JPN","port_type":"Sea"},"geometry":{"type":"Point","coordinates":[133.9644,34.604]}},{"type":"Feature","id":139,"properties":{"name":"Tianjinxingang","code":"CNTXG","country":"China","country_code":"CHN","port_type":"Sea"},"geometry":{"type":"Point","coordinates":[117.23743,39.08764]}},{"type":"Feature","id":140,"properties":{"name":"Fao","code":"IQFAO","country":"Iraq","country_code":"IRQ","port_type":"River"},"geometry":{"type":"Point","coordinates":[48.483,29.97458]}},{"type":"Feature","id":141,"properties":{"name":"Acapulco","code":"MXACA","country":"Mexico","country_code":"MEX","port_type":"Sea"},"geometry":{"type":"Point","coordinates":[-99.90401,16.84868]}},{"type":"Feature","id":142,"properties":{"name":"Banten","code":"IDCIG","country":"Indonesia","country_code":"IDN","port_type":"Sea"},"geometry":{"type":"Point","coordinates":[105.95816,-6.01375]}},{"type":"Feature","id":143,"properties":{"name":"Ain Sukhna","code":"EGAIS","country":"Egypt","country_code":"EGY","port_type":"Sea"},"geometry":{"type":"Point","coordinates":[32.34742,29.6541]}},{"type":"Feature","id":144,"properties":{"name":"Rothesay","code":"GBRAY","country":"U.K. of Great Britain and Northern Ireland","country_code":"GBR","port_type":"Sea"},"geometry":{"type":"Point","coordinates":[-5.05427,55.83818]}},{"type":"Feature","id":145,"properties":{"name":"Port Huron","code":"USPHN","country":"United States of America","country_code":"USA","port_type":"Lake"},"geometry":{"type":"Point","coordinates":[-82.42034,42.9712]}},{"type":"Feature","id":146,"properties":{"name":"Patterson","code":"USPAN","country":"","country_code":"USA","port_type":"Sea"},"geometry":{"type":"Point","coordinates":[-123.43221,48.12044]}},{"type":"Feature","id":147,"properties":{"name":"Stanlow","code":"GBSOW","country":"U.K. of Great Britain and Northern Ireland","country_code":"GBR","port_type":"Sea"},"geometry":{"type":"Point","coordinates":[-2.83623,53.28606]}},{"type":"Feature","id":148,"properties":{"name":"Porvoo","code":"FIPRV","country":"Finland","country_code":"FIN","port_type":"Sea"},"geometry":{"type":"Point","coordinates":[25.67178,60.38291]}},{"type":"Feature","id":149,"properties":{"name":"Misumi","code":"JPMIS","country":"Japan","country_code":"JPN","port_type":"Sea"},"geometry":{"type":"Point","coordinates":[130.47129,32.60706]}},{"type":"Feature","id":150,"properties":{"name":"Oshima","code":"JPOSM","country":"Japan","country_code":"JPN","port_type":"Sea"},"geometry":{"type":"Point","coordinates":[139.3575,34.74983]}},{"type":"Feature","id":151,"properties":{"name":"Nagoya","code":"JPNGO","country":"Japan","country_code":"JPN","port_type":"Sea"},"geometry":{"type":"Point","coordinates":[136.86533,35.07877]}},{"type":"Feature","id":152,"properties":{"name":"Dhuba","code":"SADHU","country":"Saudi Arabia","country_code":"SAU","port_type":"Sea"},"geometry":{"type":"Point","coordinates":[36.44388,26.25249]}},{"type":"Feature","id":153,"properties":{"name":"La Pampilla","code":"PELPP","country":"Peru","country_code":"PER","port_type":"Sea"},"geometry":{"type":"Point","coordinates":[-77.13473,-11.95655]}},{"type":"Feature","id":154,"properties":{"name":"Providenciales","code":"TCPLS","country":"Turks and Caicos islands","country_code":"TCA","port_type":"Sea"},"geometry":{"type":"Point","coordinates":[-72.14035,21.81422]}},{"type":"Feature","id":155,"properties":{"name":"Trinidad","code":"BOTDD","country":"Trinidad and Tobago","country_code":"TTO","port_type":"Sea"},"geometry":{"type":"Point","coordinates":[-61.51813,10.65208]}},{"type":"Feature","id":156,"properties":{"name":"Tutunciftlik","code":"TRTUT","country":"","country_code":"TUR","port_type":"Sea"},"geometry":{"type":"Point","coordinates":[29.77666,40.74509]}},{"type":"Feature","id":157,"properties":{"name":"Gokova","code":"TRGKV","country":"","country_code":"TUR","port_type":"Sea"},"geometry":{"type":"Point","coordinates":[28.3247,37.05086]}},{"type":"Feature","id":158,"properties":{"name":"Gulluk","code":"TRGUL","country":"Turkey","country_code":"TUR","port_type":"Sea"},"geometry":{"type":"Point","coordinates":[27.58976,37.22763]}},{"type":"Feature","id":159,"properties":{"name":"Haimen","code":"CNHME","country":"China","country_code":"CHN","port_type":"Sea"},"geometry":{"type":"Point","coordinates":[121.09082,31.79178]}},{"type":"Feature","id":160,"properties":{"name":"Chennai","code":"INMAA","country":"India","country_code":"IND","port_type":"Sea"},"geometry":{"type":"Point","coordinates":[80.29179,13.08638]}},{"type":"Feature","id":161,"properties":{"name":"Unnamed port","code":"","country":"Democratic Republic of the Congo","country_code":"COD","port_type":"Unknown"},"geometry":{"type":"Point","coordinates":[17.45106,-6.1084]}},{"type":"Feature","id":162,"properties":{"name":"Ama","code":"","country":"United States of America","country_code":"USA","port_type":"Unknown"},"geometry":{"type":"Point","coordinates":[-90.31018,29.93935]}},{"type":"Feature","id":163,"properties":{"name":"Port Of Pavlodar","code":"","country":"Kazakhstan","country_code":"KAZ","port_type":"Unknown"},"geometry":{"type":"Point","coordinates":[76.9375,52.26504]}},{"type":"Feature","id":164,"properties":{"name":"Montoir","code":"","country":"France","country_code":"FRA","port_type":"Unknown"},"geometry":{"type":"Point","coordinates":[-2.06356,47.30823]}},{"type":"Feature","id":165,"properties":{"name":"Kingushi Aval","code":"","country":"Democratic Republic of the Congo","country_code":"COD","port_type":"River"},"geometry":{"type":"Point","coordinates":[16.5421,-4.99577]}},{"type":"Feature","id":166,"properties":{"name":"Sevilla (Seville)","code":"ESSVQ","country":"Spain","country_code":"ESP","port_type":"Sea"},"geometry":{"type":"Point","coordinates":[-5.99628,37.35761]}},{"type":"Feature","id":167,"properties":{"name":"Kikundi","code":"","country":"Democratic Republic of the Congo","country_code":"COD","port_type":"River"},"geometry":{"type":"Point","coordinates":[18.73045,-4.67662]}},{"type":"Feature","id":168,"properties":{"name":"Bremerton","code":"USPWT","country":"United States of America","country_code":"USA","port_type":"Sea"},"geometry":{"type":"Point","coordinates":[-122.64346,47.55647]}},{"type":"Feature","id":169,"properties":{"name":"Hongai","code":"VNHON","country":"Viet Nam","country_code":"VNM","port_type":"Sea"},"geometry":{"type":"Point","coordinates":[107.08111,20.9484]}},{"type":"Feature","id":170,"properties":{"name":"Wamba","code":"","country":"Democratic Republic of the Congo","country_code":"COD","port_type":"River"},"geometry":{"type":"Point","coordinates":[22.39548,-1.56329]}},{"type":"Feature","id":171,"properties":{"name":"Malela","code":"","country":"Democratic Republic of the Congo","country_code":"COD","port_type":"River"},"geometry":{"type":"Point","coordinates":[20.4595,-0.27757]}},{"type":"Feature","id":172,"properties":{"name":"Lachine","code":"CALAC","country":"Canada","country_code":"CAN","port_type":"Sea"},"geometry":{"type":"Point","coordinates":[-73.67093,45.43195]}},{"type":"Feature","id":173,"properties":{"name":"Trois-Rivieres (Three Rivers)","code":"CATRR","country":"","country_code":"CAN","port_type":"Sea"},"geometry":{"type":"Point","coordinates":[-72.5441,46.33498]}},{"type":"Feature","id":174,"properties":{"name":"Naryan Mar","code":"RUNNM","country":"Russian Federation","country_code":"RUS","port_type":"River"},"geometry":{"type":"Point","coordinates":[52.97819,67.64154]}},{"type":"Feature","id":175,"properties":{"name":"Cape Race","code":"CACRE","country":"","country_code":"CAN","port_type":"Sea"},"geometry":{"type":"Point","coordinates":[-53.07504,46.65998]}},{"type":"Feature","id":176,"properties":{"name":"Lindesnes","code":"NOLDS","country":"Norway","country_code":"NOR","port_type":"Sea"},"geometry":{"type":"Point","coordinates":[7.10958,58.02451]}},{"type":"Feature","id":177,"properties":{"name":"Sortland","code":"NOSLX","country":"Norway","country_code":"NOR","port_type":"Sea"},"geometry":{"type":"Point","coordinates":[15.41978,68.69851]}},{"type":"Feature","id":178,"properties":{"name":"Eemshaven","code":"NLEEM","country":"Netherlands","country_code":"NLD","port_type":"Sea"},"geometry":{"type":"Point","coordinates":[6.81309,53.45567]}},{"type":"Feature","id":179,"properties":{"name":"Ras Budran","code":"","country":"Egypt","country_code":"EGY","port_type":"Unknown"},"geometry":{"type":"Point","coordinates":[33.17307,28.94412]}},{"type":"Feature","id":180,"properties":{"name":"Kashima","code":"JPKSM","country":"Japan","country_code":"JPN","port_type":"Sea"},"geometry":{"type":"Point","coordinates":[140.68824,35.92849]}},{"type":"Feature","id":181,"properties":{"name":"Mtwapa","code":"","country":"","country_code":"KEN","port_type":"River"},"geometry":{"type":"Point","coordinates":[39.74008,-3.95237]}},{"type":"Feature","id":182,"properties":{"name":"Sour","code":"","country":"","country_code":"LBN","port_type":"Sea"},"geometry":{"type":"Point","coordinates":[35.19441,33.27516]}},{"type":"Feature","id":183,"properties":{"name":"Ruse","code":"BGRDU","country":"Bulgaria","country_code":"BGR","port_type":"Sea"},"geometry":{"type":"Point","coordinates":[25.93863,43.84213]}},{"type":"Feature","id":184,"properties":{"name":"Ringi Cove","code":"SBRIN","country":"Solomon islands","country_code":"SLB","port_type":"Unknown"},"geometry":{"type":"Point","coordinates":[157.11375,-8.12095]}},{"type":"Feature","id":185,"properties":{"name":"Allardyce Harbour","code":"SBALB","country":"Solomon islands","country_code":"SLB","port_type":"Unknown"},"geometry":{"type":"Point","coordinates":[158.65405,-7.77671]}},{"type":"Feature","id":186,"properties":{"name":"Porto Alexandre","code":"AOPLE","country":"Angola","country_code":"AGO","port_type":"Sea"},"geometry":{"type":"Point","coordinates":[11.82692,-15.80344]}},{"type":"Feature","id":187,"properties":{"name":"Malongo","code":"AOMAL","country":"","country_code":"AGO","port_type":"Sea"},"geometry":{"type":"Point","coordinates":[12.19824,-5.39638]}},{"type":"Feature","id":188,"properties":{"name":"Vita","code":"CUVIT","country":"Cuba","country_code":"CUB","port_type":"Sea"},"geometry":{"type":"Point","coordinates":[-75.95281,21.07662]}},{"type":"Feature","id":189,"properties":{"name":"Xingang","code":"","country":"China","country_code":"CHN","port_type":"Unknown"},"geometry":{"type":"Point","coordinates":[117.75317,38.99875]}},{"type":"Feature","id":190,"properties":{"name":"Marans","code":"FRMRN","country":"France","country_code":"FRA","port_type":"Sea"},"geometry":{"type":"Point","coordinates":[-0.99903,46.31292]}},{"type":"Feature","id":191,"properties":{"name":"Higashi-Harima","code":"JPTSG","country":"Japan","country_code":"JPN","port_type":"Sea"},"geometry":{"type":"Point","coordinates":[134.85507,34.7047]}},{"type":"Feature","id":192,"properties":{"name":"Labuan","code":"MYLBU","country":"Malaysia","country_code":"MYS","port_type":"Sea"},"geometry":{"type":"Point","coordinates":[115.24334,5.27616]}},{"type":"Feature","id":193,"properties":{"name":"Butzfleth","code":"DEBUZ","country":"Germany","country_code":"DEU","port_type":"Sea"},"geometry":{"type":"Point","coordinates":[9.50928,53.65256]}},{"type":"Feature","id":194,"properties":{"name":"Brevik","code":"NOBVK","country":"Norway","country_code":"NOR","port_type":"Sea"},"geometry":{"type":"Point","coordinates":[9.69912,59.05398]}},{"type":"Feature","id":195,"properties":{"name":"Coloncha","code":"VECOL","country":"Venezuela","country_code":"VEN","port_type":"Sea"},"geometry":{"type":"Point","coordinates":[-71.80326,9.22313]}},{"type":"Feature","id":196,"properties":{"name":"El Tablazo / Maracaibo L","code":"VEETV","country":"","country_code":"VEN","port_type":"Sea"},"geometry":{"type":"Point","coordinates":[-71.53717,10.75933]}},{"type":"Feature","id":197,"properties":{"name":"Balogo","code":"PHBLG","country":"","country_code":"PHL","port_type":"Sea"},"geometry":{"type":"Point","coordinates":[121.04326,13.75936]}},{"type":"Feature","id":198,"properties":{"name":"Pyongtaek","code":"KRPTK","country":"","country_code":"KOR","port_type":"Sea"},"geometry":{"type":"Point","coordinates":[126.85044,36.95051]}},{"type":"Feature","id":199,"properties":{"name":"Cumarebo","code":"VECMR","country":"Venezuela","country_code":"VEN","port_type":"Sea"},"geometry":{"type":"Point","coordinates":[-69.35587,11.48839]}},{"type":"Feature","id":200,"properties":{"name":"Las Piedras","code":"VELSP","country":"","country_code":"VEN","port_type":"Sea"},"geometry":{"type":"Point","coordinates":[-70.22181,11.71858]}},{"type":"Feature","id":201,"properties":{"name":"Patillos","code":"CLPTI","country":"Chile","country_code":"CHL","port_type":"Sea"},"geometry":{"type":"Point","coordinates":[-70.19537,-20.7488]}},{"type":"Feature","id":202,"properties":{"name":"Map Ta Phut","code":"THMAT","country":"Thailand","country_code":"THA","port_type":"Sea"},"geometry":{"type":"Point","coordinates":[101.15214,12.66904]}},{"type":"Feature","id":203,"properties":{"name":"Wemyss Bay","code":"GBWMB","country":"U.K. of Great Britain and Northern Ireland","country_code":"GBR","port_type":"Sea"},"geometry":{"type":"Point","coordinates":[-4.88938,55.87592]}},{"type":"Feature","id":204,"properties":{"name":"Clydeport","code":"GBCYP","country":"U.K. of Great Britain and Northern Ireland","country_code":"GBR","port_type":"Sea"},"geometry":{"type":"Point","coordinates":[-4.35129,55.86947]}},{"type":"Feature","id":205,"properties":{"name":"Barrow Island","code":"AUBWB","country":"Australia","country_code":"AUS","port_type":"Sea"},"geometry":{"type":"Point","coordinates":[115.46166,-20.78873]}},{"type":"Feature","id":206,"properties":{"name":"Moskenes","code":"NOMSK","country":"Norway","country_code":"NOR","port_type":"Sea"},"geometry":{"type":"Point","coordinates":[13.04609,67.90357]}},{"type":"Feature","id":207,"properties":{"name":"Ramfjordnes","code":"NORMJ","country":"Norway","country_code":"NOR","port_type":"Sea"},"geometry":{"type":"Point","coordinates":[19.00223,69.50986]}},{"type":"Feature","id":208,"properties":{"name":"Dingle","code":"GBDIN","country":"U.K. of Great Britain and Northern Ireland","country_code":"GBR","port_type":"Sea"},"geometry":{"type":"Point","coordinates":[-2.97257,53.37803]}},{"type":"Feature","id":209,"properties":{"name":"Port Taranaki","code":"NZNPL","country":"","country_code":"NZL","port_type":"Sea"},"geometry":{"type":"Point","coordinates":[174.03565,-39.05831]}},{"type":"Feature","id":210,"properties":{"name":"Marsden Point","code":"NZMAP","country":"New Zealand","country_code":"NZL","port_type":"Sea"},"geometry":{"type":"Point","coordinates":[174.48896,-35.83594]}},{"type":"Feature","id":211,"properties":{"name":"Douglas","code":"GBDGS","country":"Isle of Man","country_code":"IMN","port_type":"Sea"},"geometry":{"type":"Point","coordinates":[-4.47651,54.14731]}},{"type":"Feature","id":212,"properties":{"name":"Europoort (Europort)","code":"NLEUR","country":"Netherlands","country_code":"NLD","port_type":"Sea"},"geometry":{"type":"Point","coordinates":[4.10797,51.95621]}},{"type":"Feature","id":213,"properties":{"name":"Cabo Negro","code":"CLCNX","country":"Chile","country_code":"CHL","port_type":"Sea"},"geometry":{"type":"Point","coordinates":[-70.8303,-52.95594]}},{"type":"Feature","id":214,"properties":{"name":"Zhangzhou","code":"CNZZU","country":"China","country_code":"CHN","port_type":"Sea"},"geometry":{"type":"Point","coordinates":[118.05832,24.40777]}},{"type":"Feature","id":215,"properties":{"name":"Vadinar","code":"INVAD","country":"India","country_code":"IND","port_type":"Sea"},"geometry":{"type":"Point","coordinates":[69.70132,22.44433]}},{"type":"Feature","id":216,"properties":{"name":"Kozhikode","code":"INCCJ","country":"India","country_code":"IND","port_type":"Sea"},"geometry":{"type":"Point","coordinates":[75.76653,11.26475]}},{"type":"Feature","id":217,"properties":{"name":"Fukui","code":"JPFKJ","country":"Japan","country_code":"JPN","port_type":"Sea"},"geometry":{"type":"Point","coordinates":[136.13697,36.20392]}},{"type":"Feature","id":218,"properties":{"name":"Ryotsu","code":"JPSDO","country":"Japan","country_code":"JPN","port_type":"Sea"},"geometry":{"type":"Point","coordinates":[138.43509,38.0852]}},{"type":"Feature","id":219,"properties":{"name":"Cul De Sac","code":"LCCDS","country":"Saint Lucia","country_code":"LCA","port_type":"Sea"},"geometry":{"type":"Point","coordinates":[-61.01169,13.98204]}},{"type":"Feature","id":220,"properties":{"name":"Misima Island","code":"PGMIS","country":"Papua New Guinea","country_code":"PNG","port_type":"Unknown"},"geometry":{"type":"Point","coordinates":[152.84523,-10.68796]}},{"type":"Feature","id":221,"properties":{"name":"Skredsvik","code":"SESKR","country":"Sweden","country_code":"SWE","port_type":"Sea"},"geometry":{"type":"Point","coordinates":[11.66347,58.38152]}},{"type":"Feature","id":222,"properties":{"name":"Saleef Port","code":"YESAL","country":"Yemen","country_code":"YEM","port_type":"Sea"},"geometry":{"type":"Point","coordinates":[42.66979,15.31516]}},{"type":"Feature","id":223,"properties":{"name":"Fuikbaai","code":"ANFUI","country":"Netherlands Antilles","country_code":"ANT","port_type":"Sea"},"geometry":{"type":"Point","coordinates":[-68.83356,12.05588]}},{"type":"Feature","id":224,"properties":{"name":"Mina Saqr","code":"AEMSA","country":"United Arab Emirates","country_code":"ARE","port_type":"Sea"},"geometry":{"type":"Point","coordinates":[56.05441,25.97176]}},{"type":"Feature","id":225,"properties":{"name":"Ed Daliah","code":"","country":"","country_code":"LBN","port_type":"Unknown"},"geometry":{"type":"Point","coordinates":[35.47341,33.884]}},{"type":"Feature","id":226,"properties":{"name":"Hitachinaka","code":"","country":"Japan","country_code":"JPN","port_type":"Sea"},"geometry":{"type":"Point","coordinates":[140.61034,36.4237]}},{"type":"Feature","id":227,"properties":{"name":"Manombo","code":"MGMOB","country":"Madagascar","country_code":"MDG","port_type":"Sea"},"geometry":{"type":"Point","coordinates":[43.4754,-22.95701]}},{"type":"Feature","id":228,"properties":{"name":"Osaka","code":"","country":"Japan","country_code":"JPN","port_type":"Sea"},"geometry":{"type":"Point","coordinates":[135.43084,34.6416]}},{"type":"Feature","id":229,"properties":{"name":"Rochester","code":"USROC","country":"United States of America","country_code":"USA","port_type":"Lake"},"geometry":{"type":"Point","coordinates":[-77.60574,43.25258]}},{"type":"Feature","id":230,"properties":{"name":"Kashofu I","code":"","country":"Democratic Republic of the Congo","country_code":"COD","port_type":"River"},"geometry":{"type":"Point","coordinates":[29.02856,-2.22421]}},{"type":"Feature","id":231,"properties":{"name":"Aguathuna (Port Au Port)","code":"CAPAP","country":"","country_code":"CAN","port_type":"Sea"},"geometry":{"type":"Point","coordinates":[-58.7561,48.54146]}},{"type":"Feature","id":232,"properties":{"name":"Ferndale","code":"USFDT","country":"","country_code":"USA","port_type":"Sea"},"geometry":{"type":"Point","coordinates":[-122.70914,48.82639]}},{"type":"Feature","id":233,"properties":{"name":"Brooklyn","code":"CABKN","country":"Canada","country_code":"CAN","port_type":"Sea"},"geometry":{"type":"Point","coordinates":[-64.69516,44.05227]}},{"type":"Feature","id":234,"properties":{"name":"Ballast Head","code":"AUBAH","country":"Australia","country_code":"AUS","port_type":"Sea"},"geometry":{"type":"Point","coordinates":[137.78228,-35.77152]}},{"type":"Feature","id":235,"properties":{"name":"Fort Albany","code":"CAFAL","country":"Canada","country_code":"CAN","port_type":"Sea"},"geometry":{"type":"Point","coordinates":[-81.67584,52.22112]}},{"type":"Feature","id":236,"properties":{"name":"Port Arthur","code":"CAPOA","country":"","country_code":"CAN","port_type":"Lake"},"geometry":{"type":"Point","coordinates":[-89.21899,48.43254]}},{"type":"Feature","id":237,"properties":{"name":"Father Point","code":"CAFAP","country":"Canada","country_code":"CAN","port_type":"Sea"},"geometry":{"type":"Point","coordinates":[-68.47011,48.5169]}},{"type":"Feature","id":238,"properties":{"name":"Traver","code":"USTVY","country":"United States of America","country_code":"USA","port_type":"Lake"},"geometry":{"type":"Point","coordinates":[-85.62269,44.76622]}},{"type":"Feature","id":239,"properties":{"name":"Ramseur","code":"USRSR","country":"United States of America","country_code":"USA","port_type":"Sea"},"geometry":{"type":"Point","coordinates":[-73.7511,42.62609]}},{"type":"Feature","id":240,"properties":{"name":"Thamshavn","code":"NOTHA","country":"Norway","country_code":"NOR","port_type":"Sea"},"geometry":{"type":"Point","coordinates":[9.87871,63.31983]}},{"type":"Feature","id":241,"properties":{"name":"Granton","code":"GBGRN","country":"U.K. of Great Britain and Northern Ireland","country_code":"GBR","port_type":"Sea"},"geometry":{"type":"Point","coordinates":[-3.16182,55.98038]}},{"type":"Feature","id":242,"properties":{"name":"Straumsvik","code":"ISSTR","country":"Iceland","country_code":"ISL","port_type":"Sea"},"geometry":{"type":"Point","coordinates":[-22.03755,64.04534]}},{"type":"Feature","id":243,"properties":{"name":"Akrotiri","code":"CYAKT","country":"Cyprus","country_code":"CYP","port_type":"Sea"},"geometry":{"type":"Point","coordinates":[33.03232,34.57054]}},{"type":"Feature","id":244,"properties":{"name":"Arguineguin","code":"ESARI","country":"Spain","country_code":"ESP","port_type":"Sea"},"geometry":{"type":"Point","coordinates":[-15.68331,27.75727]}},{"type":"Feature","id":245,"properties":{"name":"Tokyo","code":"JPTYO","country":"Japan","country_code":"JPN","port_type":"Sea"},"geometry":{"type":"Point","coordinates":[139.80021,35.63683]}},{"type":"Feature","id":246,"properties":{"name":"Hakata","code":"","country":"Japan","country_code":"JPN","port_type":"Unknown"},"geometry":{"type":"Point","coordinates":[130.40854,33.60391]}},{"type":"Feature","id":247,"properties":{"name":"Muhammad Bin Qasim","code":"PKBQM","country":"","country_code":"PAK","port_type":"Sea"},"geometry":{"type":"Point","coordinates":[67.3265,24.76535]}},{"type":"Feature","id":248,"properties":{"name":"Barcelona","code":"","country":"","country_code":"PHL","port_type":"Sea"},"geometry":{"type":"Point","coordinates":[123.55672,10.82046]}},{"type":"Feature","id":249,"properties":{"name":"Basarabi","code":"ROBAB","country":"Romania","country_code":"ROU","port_type":"Sea"},"geometry":{"type":"Point","coordinates":[28.3939,44.1792]}},{"type":"Feature","id":250,"properties":{"name":"Buka Ipangu","code":"","country":"Angola","country_code":"AGO","port_type":"Unknown"},"geometry":{"type":"Point","coordinates":[16.6481,-6.10397]}},{"type":"Feature","id":251,"properties":{"name":"Michurin","code":"BGMIC","country":"Bulgaria","country_code":"BGR","port_type":"Sea"},"geometry":{"type":"Point","coordinates":[27.85799,42.17156]}},{"type":"Feature","id":252,"properties":{"name":"Port Kamsar","code":"GNKMR","country":"Guinea","country_code":"GIN","port_type":"Sea"},"geometry":{"type":"Point","coordinates":[-14.61396,10.64948]}},{"type":"Feature","id":253,"properties":{"name":"Dibaya","code":"","country":"Democratic Republic of the Congo","country_code":"COD","port_type":"River"},"geometry":{"type":"Point","coordinates":[19.86086,-4.14248]}},{"type":"Feature","id":254,"properties":{"name":"Bena Dibele","code":"","country":"Democratic Republic of the Congo","country_code":"COD","port_type":"River"},"geometry":{"type":"Point","coordinates":[22.82537,-4.11096]}},{"type":"Feature","id":255,"properties":{"name":"Bashishombe","code":"","country":"Democratic Republic of the Congo","country_code":"COD","port_type":"River"},"geometry":{"type":"Point","coordinates":[21.01084,-4.64903]}},{"type":"Feature","id":256,"properties":{"name":"Mapangu","code":"","country":"Democratic Republic of the Congo","country_code":"COD","port_type":"River"},"geometry":{"type":"Point","coordinates":[20.9843,-5.45787]}},{"type":"Feature","id":257,"properties":{"name":"Kasenyi","code":"","country":"Democratic Republic of the Congo","country_code":"COD","port_type":"Lake"},"geometry":{"type":"Point","coordinates":[30.44307,1.3931]}},{"type":"Feature","id":258,"properties":{"name":"Mahagi","code":"","country":"Democratic Republic of the Congo","country_code":"COD","port_type":"Lake"},"geometry":{"type":"Point","coordinates":[31.24024,2.14212]}},{"type":"Feature","id":259,"properties":{"name":"Kilwa","code":"","country":"Democratic Republic of the Congo","country_code":"COD","port_type":"Lake"},"geometry":{"type":"Point","coordinates":[28.34162,-9.28898]}},{"type":"Feature","id":260,"properties":{"name":"Masia","code":"","country":"Democratic Republic of the Congo","country_code":"COD","port_type":"River"},"geometry":{"type":"Point","coordinates":[16.5273,-3.07379]}},{"type":"Feature","id":261,"properties":{"name":"Libenge","code":"","country":"Democratic Republic of the Congo","country_code":"COD","port_type":"River"},"geometry":{"type":"Point","coordinates":[18.62844,3.64043]}},{"type":"Feature","id":262,"properties":{"name":"Zongo","code":"","country":"Democratic Republic of the Congo","country_code":"COD","port_type":"River"},"geometry":{"type":"Point","coordinates":[18.60014,4.35458]}},{"type":"Feature","id":263,"properties":{"name":"Kamba","code":"","country":"Democratic Republic of the Congo","country_code":"COD","port_type":"River"},"geometry":{"type":"Point","coordinates":[22.22002,-4.0057]}},{"type":"Feature","id":264,"properties":{"name":"Havana","code":"","country":"","country_code":"CUB","port_type":"Unknown"},"geometry":{"type":"Point","coordinates":[-82.34714,23.1236]}},{"type":"Feature","id":265,"properties":{"name":"Ibaka","code":"","country":"Democratic Republic of the Congo","country_code":"COD","port_type":"River"},"geometry":{"type":"Point","coordinates":[23.22856,-4.63082]}},{"type":"Feature","id":266,"properties":{"name":"Gabia","code":"","country":"Democratic Republic of the Congo","country_code":"COD","port_type":"River"},"geometry":{"type":"Point","coordinates":[17.12902,-4.55037]}},{"type":"Feature","id":267,"properties":{"name":"Popokabaka","code":"","country":"Democratic Republic of the Congo","country_code":"COD","port_type":"River"},"geometry":{"type":"Point","coordinates":[16.5787,-5.69573]}},{"type":"Feature","id":268,"properties":{"name":"Kasenga","code":"","country":"Democratic Republic of the Congo","country_code":"COD","port_type":"River"},"geometry":{"type":"Point","coordinates":[28.62025,-10.39208]}},{"type":"Feature","id":269,"properties":{"name":"Pania-Mutombo","code":"","country":"Democratic Republic of the Congo","country_code":"COD","port_type":"River"},"geometry":{"type":"Point","coordinates":[23.8513,-5.18555]}},{"type":"Feature","id":270,"properties":{"name":"Businga","code":"","country":"Democratic Republic of the Congo","country_code":"COD","port_type":"River"},"geometry":{"type":"Point","coordinates":[20.87784,3.32727]}},{"type":"Feature","id":271,"properties":{"name":"Kutu","code":"","country":"Democratic Republic of the Congo","country_code":"COD","port_type":"River"},"geometry":{"type":"Point","coordinates":[18.14202,-2.73073]}},{"type":"Feature","id":272,"properties":{"name":"Keta","code":"GHKIT","country":"Ghana","country_code":"GHA","port_type":"Sea"},"geometry":{"type":"Point","coordinates":[0.98527,5.90744]}},{"type":"Feature","id":273,"properties":{"name":"Galle","code":"LKGAL","country":"","country_code":"LKA","port_type":"Sea"},"geometry":{"type":"Point","coordinates":[80.23298,6.03219]}},{"type":"Feature","id":274,"properties":{"name":"Baraderes","code":"","country":"Haiti","country_code":"HTI","port_type":"Unknown"},"geometry":{"type":"Point","coordinates":[-73.64318,18.5029]}},{"type":"Feature","id":275,"properties":{"name":"Lille","code":"FRLLE","country":"France","country_code":"FRA","port_type":"Sea"},"geometry":{"type":"Point","coordinates":[3.02637,50.62586]}},{"type":"Feature","id":276,"properties":{"name":"Prudhoe","code":"USPUO","country":"United States of America","country_code":"USA","port_type":"Sea"},"geometry":{"type":"Point","coordinates":[-148.31395,70.3125]}},{"type":"Feature","id":277,"properties":{"name":"Unnamed port","code":"","country":"Iceland","country_code":"ISL","port_type":"Lake"},"geometry":{"type":"Point","coordinates":[-18.29607,65.02647]}},{"type":"Feature","id":278,"properties":{"name":"Langkawi","code":"MYLGK","country":"Malaysia","country_code":"MYS","port_type":"Sea"},"geometry":{"type":"Point","coordinates":[99.85596,6.31061]}},{"type":"Feature","id":279,"properties":{"name":"Sevivara Point","code":"IDSVP","country":"Timor-Leste","country_code":"TLS","port_type":"Sea"},"geometry":{"type":"Point","coordinates":[127.1977,-8.34347]}},{"type":"Feature","id":280,"properties":{"name":"Kaohsiung","code":"TWKHH","country":"Taiwan","country_code":"TWN","port_type":"Sea"},"geometry":{"type":"Point","coordinates":[120.28511,22.60863]}},{"type":"Feature","id":281,"properties":{"name":"Yonkers","code":"USYON","country":"United States of America","country_code":"USA","port_type":"Sea"},"geometry":{"type":"Point","coordinates":[-73.90321,40.93516]}},{"type":"Feature","id":282,"properties":{"name":"General Santos","code":"PHDAD","country":"","country_code":"PHL","port_type":"Sea"},"geometry":{"type":"Point","coordinates":[125.15525,6.09409]}},{"type":"Feature","id":283,"properties":{"name":"Kailanga","code":"","country":"Democratic Republic of the Congo","country_code":"COD","port_type":"River"},"geometry":{"type":"Point","coordinates":[21.71864,1.32376]}},{"type":"Feature","id":284,"properties":{"name":"St Petersburg","code":"RULED","country":"Russian Federation","country_code":"RUS","port_type":"Sea"},"geometry":{"type":"Point","coordinates":[30.22013,59.94858]}},{"type":"Feature","id":285,"properties":{"name":"Puerto Barrios","code":"GTPBR","country":"","country_code":"GTM","port_type":"Sea"},"geometry":{"type":"Point","coordinates":[-88.60516,15.73406]}},{"type":"Feature","id":286,"properties":{"name":"Conakry","code":"GNCKY","country":"","country_code":"GIN","port_type":"Sea"},"geometry":{"type":"Point","coordinates":[-13.7125,9.51828]}},{"type":"Feature","id":287,"properties":{"name":"Jacmel","code":"","country":"Haiti","country_code":"HTI","port_type":"Unknown"},"geometry":{"type":"Point","coordinates":[-72.5357,18.2318]}},{"type":"Feature","id":288,"properties":{"name":"Bocagrande","code":"USBCG","country":"","country_code":"USA","port_type":"Sea"},"geometry":{"type":"Point","coordinates":[-82.25586,26.74853]}},{"type":"Feature","id":289,"properties":{"name":"Shimizu","code":"JPSMZ","country":"Japan","country_code":"JPN","port_type":"Sea"},"geometry":{"type":"Point","coordinates":[138.49723,35.00662]}},{"type":"Feature","id":290,"properties":{"name":"Limetree Bay","code":"VILIB","country":"","country_code":"VIR","port_type":"Sea"},"geometry":{"type":"Point","coordinates":[-64.75497,17.7008]}},{"type":"Feature","id":291,"properties":{"name":"Larne","code":"GBLAR","country":"U.K. of Great Britain and Northern Ireland","country_code":"GBR","port_type":"Sea"},"geometry":{"type":"Point","coordinates":[-5.80023,54.84893]}},{"type":"Feature","id":292,"properties":{"name":"Tarragona","code":"ESTAR","country":"Spain","country_code":"ESP","port_type":"Sea"},"geometry":{"type":"Point","coordinates":[1.2407,41.11093]}},{"type":"Feature","id":293,"properties":{"name":"Yanonge","code":"","country":"Democratic Republic of the Congo","country_code":"COD","port_type":"River"},"geometry":{"type":"Point","coordinates":[24.71692,0.59753]}},{"type":"Feature","id":294,"properties":{"name":"Saint George'S","code":"GDSTG","country":"Grenada","country_code":"GRD","port_type":"Sea"},"geometry":{"type":"Point","coordinates":[-61.74913,12.05017]}},{"type":"Feature","id":295,"properties":{"name":"Seattle","code":"USSEA","country":"United States of America","country_code":"USA","port_type":"Sea"},"geometry":{"type":"Point","coordinates":[-122.33823,47.59379]}},{"type":"Feature","id":296,"properties":{"name":"Vestmanhavn","code":"FOVES","country":"Faroe Islands","country_code":"FRO","port_type":"Sea"},"geometry":{"type":"Point","coordinates":[-7.16988,62.15336]}},{"type":"Feature","id":297,"properties":{"name":"Oulu","code":"FIOUL","country":"Finland","country_code":"FIN","port_type":"Sea"},"geometry":{"type":"Point","coordinates":[25.43588,65.00017]}},{"type":"Feature","id":298,"properties":{"name":"Mo I Rana","code":"NOMQN","country":"Norway","country_code":"NOR","port_type":"Sea"},"geometry":{"type":"Point","coordinates":[14.13048,66.31407]}},{"type":"Feature","id":299,"properties":{"name":"Marsaxlokk","code":"MTMAR","country":"Malta","country_code":"MLT","port_type":"Sea"},"geometry":{"type":"Point","coordinates":[14.53761,35.81691]}},{"type":"Feature","id":300,"properties":{"name":"Caticlan","code":"","country":"Philippines","country_code":"PHL","port_type":"Sea"},"geometry":{"type":"Point","coordinates":[121.95044,11.92782]}},{"type":"Feature","id":301,"properties":{"name":"Sitia","code":"GRJSH","country":"Greece","country_code":"GRC","port_type":"Sea"},"geometry":{"type":"Point","coordinates":[26.11098,35.21253]}},{"type":"Feature","id":302,"properties":{"name":"Qurayyat","code":"","country":"Oman","country_code":"OMN","port_type":"Sea"},"geometry":{"type":"Point","coordinates":[58.92382,23.2573]}},{"type":"Feature","id":303,"properties":{"name":"Hadsund","code":"DKHSU","country":"Denmark","country_code":"DNK","port_type":"Sea"},"geometry":{"type":"Point","coordinates":[10.12581,56.71706]}},{"type":"Feature","id":304,"properties":{"name":"Rio Marina","code":"ITRMA","country":"","country_code":"ITA","port_type":"Sea"},"geometry":{"type":"Point","coordinates":[10.42879,42.81354]}},{"type":"Feature","id":305,"properties":{"name":"Lorient","code":"FRLRT","country":"France","country_code":"FRA","port_type":"Sea"},"geometry":{"type":"Point","coordinates":[-3.36081,47.72968]}},{"type":"Feature","id":306,"properties":{"name":"Binga","code":"","country":"Democratic Republic of the Congo","country_code":"COD","port_type":"River"},"geometry":{"type":"Point","coordinates":[20.50903,2.39416]}},{"type":"Feature","id":307,"properties":{"name":"Gruvon","code":"SEGRU","country":"Sweden","country_code":"SWE","port_type":"Sea"},"geometry":{"type":"Point","coordinates":[13.12375,59.34149]}},{"type":"Feature","id":308,"properties":{"name":"Svelgen","code":"NOSVE","country":"Norway","country_code":"NOR","port_type":"Sea"},"geometry":{"type":"Point","coordinates":[5.29368,61.76962]}},{"type":"Feature","id":309,"properties":{"name":"Ormara","code":"PKORW","country":"","country_code":"PAK","port_type":"Sea"},"geometry":{"type":"Point","coordinates":[64.67433,25.20276]}},{"type":"Feature","id":310,"properties":{"name":"El Minie","code":"","country":"","country_code":"LBN","port_type":"Unknown"},"geometry":{"type":"Point","coordinates":[35.92342,34.48356]}},{"type":"Feature","id":311,"properties":{"name":"Lubeck","code":"DELBC","country":"Germany","country_code":"DEU","port_type":"Sea"},"geometry":{"type":"Point","coordinates":[10.69889,53.89636]}},{"type":"Feature","id":312,"properties":{"name":"Killybegs","code":"IEKBS","country":"Ireland","country_code":"IRL","port_type":"Sea"},"geometry":{"type":"Point","coordinates":[-8.44534,54.63133]}},{"type":"Feature","id":313,"properties":{"name":"Haderslev","code":"DKHAD","country":"Denmark","country_code":"DNK","port_type":"Sea"},"geometry":{"type":"Point","coordinates":[9.49648,55.2476]}},{"type":"Feature","id":314,"properties":{"name":"Hirohata","code":"JPHRH","country":"Japan","country_code":"JPN","port_type":"Sea"},"geometry":{"type":"Point","coordinates":[134.6237,34.78481]}},{"type":"Feature","id":315,"properties":{"name":"Kuwait Navy Base","code":"","country":"Kuwait","country_code":"KWT","port_type":"Sea"},"geometry":{"type":"Point","coordinates":[48.28194,28.86345]}},{"type":"Feature","id":316,"properties":{"name":"Bahia de Caraquez","code":"ECBHA","country":"Ecuador","country_code":"ECU","port_type":"Sea"},"geometry":{"type":"Point","coordinates":[-80.42418,-0.61084]}},{"type":"Feature","id":317,"properties":{"name":"Polloc","code":"PHPLC","country":"","country_code":"PHL","port_type":"Sea"},"geometry":{"type":"Point","coordinates":[124.22257,7.35111]}},{"type":"Feature","id":318,"properties":{"name":"Vavony","code":"","country":"Madagascar","country_code":"MDG","port_type":"River"},"geometry":{"type":"Point","coordinates":[49.18276,-18.76998]}},{"type":"Feature","id":319,"properties":{"name":"Port Dover","code":"CAPDV","country":"Canada","country_code":"CAN","port_type":"Lake"},"geometry":{"type":"Point","coordinates":[-80.19719,42.78291]}},{"type":"Feature","id":320,"properties":{"name":"Hobro","code":"DKHBO","country":"Denmark","country_code":"DNK","port_type":"Sea"},"geometry":{"type":"Point","coordinates":[9.80337,56.63844]}},{"type":"Feature","id":321,"properties":{"name":"Sharjah","code":"AESHJ","country":"United Arab Emirates","country_code":"ARE","port_type":"Sea"},"geometry":{"type":"Point","coordinates":[55.37687,25.36269]}},{"type":"Feature","id":322,"properties":{"name":"Alliance","code":"USAIH","country":"United States of America","country_code":"USA","port_type":"Sea"},"geometry":{"type":"Point","coordinates":[-89.96531,29.67435]}},{"type":"Feature","id":323,"properties":{"name":"Isthmia","code":"GRITM","country":"Greece","country_code":"GRC","port_type":"Sea"},"geometry":{"type":"Point","coordinates":[23.00835,37.91645]}},{"type":"Feature","id":324,"properties":{"name":"Cotonou","code":"BJCOO","country":"Benin","country_code":"BEN","port_type":"Sea"},"geometry":{"type":"Point","coordinates":[2.42593,6.34929]}},{"type":"Feature","id":325,"properties":{"name":"Levis","code":"CALEV","country":"Canada","country_code":"CAN","port_type":"Sea"},"geometry":{"type":"Point","coordinates":[-71.19492,46.78911]}},{"type":"Feature","id":326,"properties":{"name":"Porto Corsini","code":"ITPCS","country":"Italy","country_code":"ITA","port_type":"Sea"},"geometry":{"type":"Point","coordinates":[12.28201,44.49452]}},{"type":"Feature","id":327,"properties":{"name":"Burgeo","code":"CABUO","country":"","country_code":"CAN","port_type":"Sea"},"geometry":{"type":"Point","coordinates":[-57.60936,47.60924]}},{"type":"Feature","id":328,"properties":{"name":"Limni","code":"GRLII","country":"Greece","country_code":"GRC","port_type":"Sea"},"geometry":{"type":"Point","coordinates":[23.32182,38.76343]}},{"type":"Feature","id":329,"properties":{"name":"Cobh","code":"IECOB","country":"Ireland","country_code":"IRL","port_type":"Sea"},"geometry":{"type":"Point","coordinates":[-8.32325,51.84788]}},{"type":"Feature","id":330,"properties":{"name":"Genova","code":"","country":"","country_code":"ITA","port_type":"Unknown"},"geometry":{"type":"Point","coordinates":[8.92996,44.40205]}},{"type":"Feature","id":331,"properties":{"name":"Leer","code":"DELEE","country":"Germany","country_code":"DEU","port_type":"Sea"},"geometry":{"type":"Point","coordinates":[7.46004,53.22295]}},{"type":"Feature","id":332,"properties":{"name":"Yanai","code":"","country":"Japan","country_code":"JPN","port_type":"Sea"},"geometry":{"type":"Point","coordinates":[132.13416,33.95667]}},{"type":"Feature","id":333,"properties":{"name":"Naze","code":"","country":"Japan","country_code":"JPN","port_type":"Sea"},"geometry":{"type":"Point","coordinates":[129.49498,28.38602]}},{"type":"Feature","id":334,"properties":{"name":"Baku","code":"","country":"Azerbaijan","country_code":"AZE","port_type":"Sea"},"geometry":{"type":"Point","coordinates":[49.84528,40.34486]}},{"type":"Feature","id":335,"properties":{"name":"Shelburne","code":"CASBU","country":"Canada","country_code":"CAN","port_type":"Sea"},"geometry":{"type":"Point","coordinates":[-65.31997,43.75676]}},{"type":"Feature","id":336,"properties":{"name":"Hopa","code":"TRHOP","country":"","country_code":"TUR","port_type":"Sea"},"geometry":{"type":"Point","coordinates":[41.42923,41.40556]}},{"type":"Feature","id":337,"properties":{"name":"Soraker","code":"SESOR","country":"Sweden","country_code":"SWE","port_type":"Sea"},"geometry":{"type":"Point","coordinates":[17.50669,62.50187]}},{"type":"Feature","id":338,"properties":{"name":"En Naqoura","code":"","country":"Lebanon","country_code":"LBN","port_type":"Unknown"},"geometry":{"type":"Point","coordinates":[35.14311,33.12491]}},{"type":"Feature","id":339,"properties":{"name":"El Heri","code":"","country":"Lebanon","country_code":"LBN","port_type":"Unknown"},"geometry":{"type":"Point","coordinates":[35.71581,34.31069]}},{"type":"Feature","id":340,"properties":{"name":"Port Colborne","code":"CAPCO","country":"","country_code":"CAN","port_type":"Lake"},"geometry":{"type":"Point","coordinates":[-79.24546,42.87226]}},{"type":"Feature","id":341,"properties":{"name":"Pomoyo","code":"","country":"Democratic Republic of the Congo","country_code":"COD","port_type":"River"},"geometry":{"type":"Point","coordinates":[16.53,-4.17277]}},{"type":"Feature","id":342,"properties":{"name":"Cadiz","code":"ESCAD","country":"Spain","country_code":"ESP","port_type":"Sea"},"geometry":{"type":"Point","coordinates":[-6.28584,36.53249]}},{"type":"Feature","id":343,"properties":{"name":"Luebo","code":"","country":"Democratic Republic of the Congo","country_code":"COD","port_type":"River"},"geometry":{"type":"Point","coordinates":[21.40916,-5.33897]}},{"type":"Feature","id":344,"properties":{"name":"Salaverry","code":"PESVY","country":"Peru","country_code":"PER","port_type":"Sea"},"geometry":{"type":"Point","coordinates":[-78.98235,-8.22857]}},{"type":"Feature","id":345,"properties":{"name":"Paita","code":"PEPAI","country":"","country_code":"PER","port_type":"Sea"},"geometry":{"type":"Point","coordinates":[-81.10577,-5.0847]}},{"type":"Feature","id":346,"properties":{"name":"Redon","code":"FRRDN","country":"France","country_code":"FRA","port_type":"Sea"},"geometry":{"type":"Point","coordinates":[-2.08906,47.64521]}},{"type":"Feature","id":347,"properties":{"name":"Ambalavontaka","code":"","country":"Madagascar","country_code":"MDG","port_type":"River"},"geometry":{"type":"Point","coordinates":[48.32649,-21.32497]}},{"type":"Feature","id":348,"properties":{"name":"Luabo","code":"","country":"Mozambique","country_code":"MOZ","port_type":"Unknown"},"geometry":{"type":"Point","coordinates":[36.09244,-18.39597]}},{"type":"Feature","id":349,"properties":{"name":"Fortune","code":"CAFOR","country":"Canada","country_code":"CAN","port_type":"Sea"},"geometry":{"type":"Point","coordinates":[-55.82975,47.07354]}},{"type":"Feature","id":350,"properties":{"name":"Basongo","code":"","country":"Democratic Republic of the Congo","country_code":"COD","port_type":"River"},"geometry":{"type":"Point","coordinates":[20.3647,-4.32593]}},{"type":"Feature","id":351,"properties":{"name":"Irebu","code":"","country":"Democratic Republic of the Congo","country_code":"COD","port_type":"River"},"geometry":{"type":"Point","coordinates":[17.77738,-0.60455]}},{"type":"Feature","id":352,"properties":{"name":"Ampanotoamaizina","code":"","country":"Madagascar","country_code":"MDG","port_type":"River"},"geometry":{"type":"Point","coordinates":[49.19784,-18.70184]}},{"type":"Feature","id":353,"properties":{"name":"Sabine","code":"USSAB","country":"","country_code":"USA","port_type":"Sea"},"geometry":{"type":"Point","coordinates":[-93.86484,29.7191]}},{"type":"Feature","id":354,"properties":{"name":"Fernandina Beach","code":"USFEB","country":"United States of America","country_code":"USA","port_type":"Sea"},"geometry":{"type":"Point","coordinates":[-81.46334,30.6784]}},{"type":"Feature","id":355,"properties":{"name":"Basankusu","code":"","country":"Democratic Republic of the Congo","country_code":"COD","port_type":"River"},"geometry":{"type":"Point","coordinates":[19.80515,1.22927]}},{"type":"Feature","id":356,"properties":{"name":"Kitaibaraki","code":"","country":"Japan","country_code":"JPN","port_type":"Sea"},"geometry":{"type":"Point","coordinates":[140.78379,36.82914]}},{"type":"Feature","id":357,"properties":{"name":"Point Comfort","code":"USPCR","country":"United States of America","country_code":"USA","port_type":"Sea"},"geometry":{"type":"Point","coordinates":[-96.54913,28.64406]}},{"type":"Feature","id":358,"properties":{"name":"Zelenika","code":"YUZEL","country":"Montenegro","country_code":"MNE","port_type":"Sea"},"geometry":{"type":"Point","coordinates":[18.57279,42.45022]}},{"type":"Feature","id":359,"properties":{"name":"Bangkok","code":"THBKK","country":"Thailand","country_code":"THA","port_type":"River"},"geometry":{"type":"Point","coordinates":[100.56578,13.70734]}},{"type":"Feature","id":360,"properties":{"name":"Bangui","code":"","country":"Central African Republic","country_code":"CAF","port_type":"River"},"geometry":{"type":"Point","coordinates":[18.57873,4.35808]}},{"type":"Feature","id":361,"properties":{"name":"Maluku","code":"","country":"Democratic Republic of the Congo","country_code":"COD","port_type":"River"},"geometry":{"type":"Point","coordinates":[15.55272,-4.05352]}},{"type":"Feature","id":362,"properties":{"name":"Corail","code":"","country":"Haiti","country_code":"HTI","port_type":"Unknown"},"geometry":{"type":"Point","coordinates":[-73.89068,18.56787]}},{"type":"Feature","id":363,"properties":{"name":"Dong Hoi","code":"VNDOH","country":"Viet Nam","country_code":"VNM","port_type":"Sea"},"geometry":{"type":"Point","coordinates":[106.63216,17.45737]}},{"type":"Feature","id":364,"properties":{"name":"Es Saadiyat","code":"","country":"Lebanon","country_code":"LBN","port_type":"Unknown"},"geometry":{"type":"Point","coordinates":[35.42614,33.6944]}},{"type":"Feature","id":365,"properties":{"name":"Talibon","code":"","country":"Philippines","country_code":"PHL","port_type":"Sea"},"geometry":{"type":"Point","coordinates":[124.327,10.15141]}},{"type":"Feature","id":366,"properties":{"name":"Harper","code":"LRHAR","country":"","country_code":"LBR","port_type":"Sea"},"geometry":{"type":"Point","coordinates":[-7.72703,4.36886]}},{"type":"Feature","id":367,"properties":{"name":"Dongo","code":"","country":"Democratic Republic of the Congo","country_code":"COD","port_type":"River"},"geometry":{"type":"Point","coordinates":[18.40466,2.72481]}},{"type":"Feature","id":368,"properties":{"name":"Kalundu","code":"","country":"Democratic Republic of the Congo","country_code":"COD","port_type":"Lake"},"geometry":{"type":"Point","coordinates":[29.13003,-3.43394]}},{"type":"Feature","id":369,"properties":{"name":"Lukolela","code":"","country":"Democratic Republic of the Congo","country_code":"COD","port_type":"River"},"geometry":{"type":"Point","coordinates":[17.18377,-1.05557]}},{"type":"Feature","id":370,"properties":{"name":"Uvira","code":"","country":"Democratic Republic of the Congo","country_code":"COD","port_type":"Lake"},"geometry":{"type":"Point","coordinates":[29.1296,-3.4418]}},{"type":"Feature","id":371,"properties":{"name":"Lusengo","code":"","country":"Democratic Republic of the Congo","country_code":"COD","port_type":"River"},"geometry":{"type":"Point","coordinates":[19.40103,1.78397]}},{"type":"Feature","id":372,"properties":{"name":"Favignana","code":"ITFAV","country":"Italy","country_code":"ITA","port_type":"Sea"},"geometry":{"type":"Point","coordinates":[12.32716,37.93234]}},{"type":"Feature","id":373,"properties":{"name":"Portsmouth","code":"GBPME","country":"U.K. of Great Britain and Northern Ireland","country_code":"GBR","port_type":"Sea"},"geometry":{"type":"Point","coordinates":[-1.09311,50.80806]}},{"type":"Feature","id":374,"properties":{"name":"Bujumbura","code":"","country":"Burundi","country_code":"BDI","port_type":"River"},"geometry":{"type":"Point","coordinates":[29.34555,-3.37743]}},{"type":"Feature","id":375,"properties":{"name":"Lulonga","code":"","country":"Democratic Republic of the Congo","country_code":"COD","port_type":"River"},"geometry":{"type":"Point","coordinates":[18.38224,0.63912]}},{"type":"Feature","id":376,"properties":{"name":"Antsiramihanana","code":"","country":"Madagascar","country_code":"MDG","port_type":"River"},"geometry":{"type":"Point","coordinates":[49.00957,-19.19448]}},{"type":"Feature","id":377,"properties":{"name":"Carloforte","code":"ITCLF","country":"Italy","country_code":"ITA","port_type":"Sea"},"geometry":{"type":"Point","coordinates":[8.3085,39.14699]}},{"type":"Feature","id":378,"properties":{"name":"Kavieng","code":"PGKVG","country":"Papua New Guinea","country_code":"PNG","port_type":"Unknown"},"geometry":{"type":"Point","coordinates":[150.78931,-2.58504]}},{"type":"Feature","id":379,"properties":{"name":"Es Safra","code":"","country":"","country_code":"LBN","port_type":"Unknown"},"geometry":{"type":"Point","coordinates":[35.62566,34.03494]}},{"type":"Feature","id":380,"properties":{"name":"Lokoja","code":"","country":"Nigeria","country_code":"NGA","port_type":"River"},"geometry":{"type":"Point","coordinates":[6.749,7.79961]}},{"type":"Feature","id":381,"properties":{"name":"Glomfjord","code":"NOGLO","country":"Norway","country_code":"NOR","port_type":"Sea"},"geometry":{"type":"Point","coordinates":[13.9397,66.81393]}},{"type":"Feature","id":382,"properties":{"name":"Sawakin","code":"","country":"Sudan","country_code":"SDN","port_type":"Sea"},"geometry":{"type":"Point","coordinates":[37.34273,19.11574]}},{"type":"Feature","id":383,"properties":{"name":"Baddeck","code":"CABAD","country":"","country_code":"CAN","port_type":"Sea"},"geometry":{"type":"Point","coordinates":[-60.74807,46.10014]}},{"type":"Feature","id":384,"properties":{"name":"Dakar","code":"SNDKR","country":"","country_code":"MLI","port_type":"Sea"},"geometry":{"type":"Point","coordinates":[-17.42513,14.68863]}},{"type":"Feature","id":385,"properties":{"name":"Liloan","code":"","country":"Philippines","country_code":"PHL","port_type":"Sea"},"geometry":{"type":"Point","coordinates":[125.12508,10.15907]}},{"type":"Feature","id":386,"properties":{"name":"Kisangani","code":"","country":"Democratic Republic of the Congo","country_code":"COD","port_type":"River"},"geometry":{"type":"Point","coordinates":[25.194,0.50677]}},{"type":"Feature","id":387,"properties":{"name":"Kalemie","code":"","country":"Democratic Republic of the Congo","country_code":"COD","port_type":"Lake"},"geometry":{"type":"Point","coordinates":[29.20113,-5.94774]}},{"type":"Feature","id":388,"properties":{"name":"Ilebo","code":"","country":"Democratic Republic of the Congo","country_code":"COD","port_type":"River"},"geometry":{"type":"Point","coordinates":[20.56961,-4.33198]}},{"type":"Feature","id":389,"properties":{"name":"Umm Qasr","code":"IQUQR","country":"Iraq","country_code":"IRQ","port_type":"Sea"},"geometry":{"type":"Point","coordinates":[47.93691,30.05038]}},{"type":"Feature","id":390,"properties":{"name":"Bolobo","code":"","country":"Democratic Republic of the Congo","country_code":"COD","port_type":"River"},"geometry":{"type":"Point","coordinates":[16.22456,-2.15393]}},{"type":"Feature","id":391,"properties":{"name":"Baybay","code":"","country":"","country_code":"PHL","port_type":"Sea"},"geometry":{"type":"Point","coordinates":[124.79863,10.67586]}},{"type":"Feature","id":392,"properties":{"name":"Hilongos","code":"","country":"","country_code":"PHL","port_type":"Sea"},"geometry":{"type":"Point","coordinates":[124.74379,10.3707]}},{"type":"Feature","id":393,"properties":{"name":"Morondava","code":"MGMOQ","country":"","country_code":"MDG","port_type":"River"},"geometry":{"type":"Point","coordinates":[44.27342,-20.29036]}},{"type":"Feature","id":394,"properties":{"name":"Temera","code":"","country":"Mali","country_code":"MLI","port_type":"River"},"geometry":{"type":"Point","coordinates":[-0.89769,16.99875]}},{"type":"Feature","id":395,"properties":{"name":"Tema","code":"GHTEM","country":"Ghana","country_code":"GHA","port_type":"Sea"},"geometry":{"type":"Point","coordinates":[0.0057,5.63042]}},{"type":"Feature","id":396,"properties":{"name":"Lusambo","code":"","country":"Democratic Republic of the Congo","country_code":"COD","port_type":"River"},"geometry":{"type":"Point","coordinates":[23.43444,-4.97534]}},{"type":"Feature","id":397,"properties":{"name":"Kinshasa","code":"","country":"Democratic Republic of the Congo","country_code":"COD","port_type":"River"},"geometry":{"type":"Point","coordinates":[15.32049,-4.29838]}},{"type":"Feature","id":398,"properties":{"name":"Wau","code":"","country":"South Sudan","country_code":"SSD","port_type":"River"},"geometry":{"type":"Point","coordinates":[28.00718,7.70905]}},{"type":"Feature","id":399,"properties":{"name":"Akula","code":"","country":"Democratic Republic of the Congo","country_code":"COD","port_type":"River"},"geometry":{"type":"Point","coordinates":[20.18482,2.37442]}},{"type":"Feature","id":400,"properties":{"name":"Mushie","code":"","country":"Democratic Republic of the Congo","country_code":"COD","port_type":"River"},"geometry":{"type":"Point","coordinates":[16.92354,-3.02476]}},{"type":"Feature","id":401,"properties":{"name":"Niamina","code":"","country":"Mali","country_code":"MLI","port_type":"River"},"geometry":{"type":"Point","coordinates":[-6.98246,13.31305]}},{"type":"Feature","id":402,"properties":{"name":"Funchal","code":"PTFNC","country":"Madeira Islands","country_code":"PRT","port_type":"Sea"},"geometry":{"type":"Point","coordinates":[-16.91728,32.64166]}},{"type":"Feature","id":403,"properties":{"name":"Cheikh Zennad","code":"","country":"","country_code":"LBN","port_type":"Sea"},"geometry":{"type":"Point","coordinates":[35.98605,34.60732]}},{"type":"Feature","id":404,"properties":{"name":"Kirango","code":"","country":"Mali","country_code":"MLI","port_type":"River"},"geometry":{"type":"Point","coordinates":[-6.07129,13.70402]}},{"type":"Feature","id":405,"properties":{"name":"Contrecoeur","code":"CACOC","country":"Canada","country_code":"CAN","port_type":"Sea"},"geometry":{"type":"Point","coordinates":[-73.2391,45.85787]}},{"type":"Feature","id":406,"properties":{"name":"Abidjan","code":"CIABJ","country":"Côte d'Ivoire","country_code":"CIV","port_type":"Sea"},"geometry":{"type":"Point","coordinates":[-4.01567,5.31057]}},{"type":"Feature","id":407,"properties":{"name":"Mogadishu","code":"","country":"Somalia","country_code":"SOM","port_type":"Sea"},"geometry":{"type":"Point","coordinates":[45.33836,2.02372]}},{"type":"Feature","id":408,"properties":{"name":"Amal","code":"SEAMA","country":"Sweden","country_code":"SWE","port_type":"Sea"},"geometry":{"type":"Point","coordinates":[12.70784,59.05472]}},{"type":"Feature","id":409,"properties":{"name":"Lome","code":"TGLFW","country":"Togo","country_code":"TGO","port_type":"Sea"},"geometry":{"type":"Point","coordinates":[1.27344,6.13796]}},{"type":"Feature","id":410,"properties":{"name":"Monrovia","code":"LRMLW","country":"","country_code":"LBR","port_type":"Sea"},"geometry":{"type":"Point","coordinates":[-10.79589,6.33922]}},{"type":"Feature","id":411,"properties":{"name":"Freetown","code":"SLFNA","country":"","country_code":"SLE","port_type":"Sea"},"geometry":{"type":"Point","coordinates":[-13.21556,8.49313]}},{"type":"Feature","id":412,"properties":{"name":"Bissau","code":"GWOXB","country":"","country_code":"GNB","port_type":"Sea"},"geometry":{"type":"Point","coordinates":[-15.57693,11.85996]}},{"type":"Feature","id":413,"properties":{"name":"Katonda","code":"","country":"Democratic Republic of the Congo","country_code":"COD","port_type":"River"},"geometry":{"type":"Point","coordinates":[29.05244,-1.99933]}},{"type":"Feature","id":414,"properties":{"name":"Bugarura","code":"","country":"Democratic Republic of the Congo","country_code":"COD","port_type":"River"},"geometry":{"type":"Point","coordinates":[29.06153,-2.03514]}},{"type":"Feature","id":415,"properties":{"name":"San Isidro","code":"","country":"Philippines","country_code":"PHL","port_type":"Sea"},"geometry":{"type":"Point","coordinates":[124.35045,11.40489]}},{"type":"Feature","id":416,"properties":{"name":"Berbera","code":"","country":"","country_code":"SOM,YEM, ETH","port_type":"Sea"},"geometry":{"type":"Point","coordinates":[44.99735,10.43781]}},{"type":"Feature","id":417,"properties":{"name":"Surigao","code":"PHSUG","country":"Philippines","country_code":"PHL","port_type":"Sea"},"geometry":{"type":"Point","coordinates":[125.45457,9.81533]}},{"type":"Feature","id":418,"properties":{"name":"Kiumba","code":"","country":"Democratic Republic of the Congo","country_code":"COD","port_type":"River"},"geometry":{"type":"Point","coordinates":[29.09117,-1.94096]}},{"type":"Feature","id":419,"properties":{"name":"La Louviere","code":"BELLO","country":"Belgium","country_code":"BEL","port_type":"Sea"},"geometry":{"type":"Point","coordinates":[4.18935,50.49633]}},{"type":"Feature","id":420,"properties":{"name":"Ardalstangen","code":"NOARD","country":"Norway","country_code":"NOR","port_type":"Sea"},"geometry":{"type":"Point","coordinates":[7.70851,61.23498]}},{"type":"Feature","id":421,"properties":{"name":"Cartagena","code":"COCTG","country":"","country_code":"COL","port_type":"Sea"},"geometry":{"type":"Point","coordinates":[-75.53294,10.40575]}},{"type":"Feature","id":422,"properties":{"name":"Belawan","code":"IDBLW","country":"","country_code":"IDN","port_type":"Sea"},"geometry":{"type":"Point","coordinates":[98.71623,3.79246]}},{"type":"Feature","id":423,"properties":{"name":"Gorontalo","code":"IDGTO","country":"","country_code":"IDN","port_type":"Sea"},"geometry":{"type":"Point","coordinates":[123.06938,0.49764]}},{"type":"Feature","id":424,"properties":{"name":"Foundiougne","code":"SNFOU","country":"Senegal","country_code":"SEN","port_type":"Sea"},"geometry":{"type":"Point","coordinates":[-16.46728,14.1301]}},{"type":"Feature","id":425,"properties":{"name":"Andranokoditra","code":"","country":"Madagascar","country_code":"MDG","port_type":"River"},"geometry":{"type":"Point","coordinates":[49.24862,-18.59749]}},{"type":"Feature","id":426,"properties":{"name":"Dusseldorf","code":"DEDUS","country":"Germany","country_code":"DEU","port_type":"Sea"},"geometry":{"type":"Point","coordinates":[6.75225,51.2165]}},{"type":"Feature","id":427,"properties":{"name":"Bukavu","code":"","country":"Democratic Republic of the Congo","country_code":"COD","port_type":"Lake"},"geometry":{"type":"Point","coordinates":[28.85055,-2.49332]}},{"type":"Feature","id":428,"properties":{"name":"Goma","code":"","country":"Democratic Republic of the Congo","country_code":"COD","port_type":"Lake"},"geometry":{"type":"Point","coordinates":[29.22245,-1.6859]}},{"type":"Feature","id":429,"properties":{"name":"Iharana","code":"","country":"Madagascar","country_code":"MDG","port_type":"Sea"},"geometry":{"type":"Point","coordinates":[50.00626,-13.3542]}},{"type":"Feature","id":430,"properties":{"name":"Odessa","code":"UAODS","country":"Ukraine","country_code":"UKR","port_type":"Sea"},"geometry":{"type":"Point","coordinates":[30.74854,46.48652]}},{"type":"Feature","id":431,"properties":{"name":"Kherson","code":"UAKHE","country":"Ukraine","country_code":"UKR","port_type":"Sea"},"geometry":{"type":"Point","coordinates":[32.66325,46.65936]}},{"type":"Feature","id":432,"properties":{"name":"Yalta","code":"UAYAL","country":"Ukraine","country_code":"UKR","port_type":"Sea"},"geometry":{"type":"Point","coordinates":[34.17137,44.49547]}},{"type":"Feature","id":433,"properties":{"name":"Kerch","code":"UAKEH","country":"Ukraine","country_code":"UKR","port_type":"Sea"},"geometry":{"type":"Point","coordinates":[36.48145,45.36156]}},{"type":"Feature","id":434,"properties":{"name":"Reni","code":"UARNI","country":"Ukraine","country_code":"UKR","port_type":"River"},"geometry":{"type":"Point","coordinates":[28.28888,45.42039]}},{"type":"Feature","id":435,"properties":{"name":"Mariupol","code":"","country":"Ukraine","country_code":"UKR","port_type":"Sea"},"geometry":{"type":"Point","coordinates":[37.57886,47.09613]}},{"type":"Feature","id":436,"properties":{"name":"Vung Tau","code":"VNVUT","country":"Viet Nam","country_code":"VNM","port_type":"Sea"},"geometry":{"type":"Point","coordinates":[107.07185,10.33871]}},{"type":"Feature","id":437,"properties":{"name":"Owen Sound","code":"CAOWS","country":"Canada","country_code":"CAN","port_type":"Lake"},"geometry":{"type":"Point","coordinates":[-80.94519,44.58452]}},{"type":"Feature","id":438,"properties":{"name":"Parry Sound","code":"CAPRS","country":"Canada","country_code":"CAN","port_type":"Lake"},"geometry":{"type":"Point","coordinates":[-80.03586,45.33901]}},{"type":"Feature","id":439,"properties":{"name":"Port Weller","code":"CAPWE","country":"Canada","country_code":"CAN","port_type":"Lake"},"geometry":{"type":"Point","coordinates":[-79.21533,43.22714]}},{"type":"Feature","id":440,"properties":{"name":"Gatun","code":"PAGTN","country":"Panama","country_code":"PAN","port_type":"Lake"},"geometry":{"type":"Point","coordinates":[-79.91489,9.26823]}},{"type":"Feature","id":441,"properties":{"name":"Mushuni","code":"","country":"Democratic Republic of the Congo","country_code":"COD","port_type":"River"},"geometry":{"type":"Point","coordinates":[17.93301,-4.20396]}},{"type":"Feature","id":442,"properties":{"name":"Wafania","code":"","country":"Democratic Republic of the Congo","country_code":"COD","port_type":"River"},"geometry":{"type":"Point","coordinates":[20.44253,-1.50699]}},{"type":"Feature","id":443,"properties":{"name":"Matane","code":"CAYME","country":"Canada","country_code":"CAN","port_type":"Sea"},"geometry":{"type":"Point","coordinates":[-67.56091,48.83754]}},{"type":"Feature","id":444,"properties":{"name":"Isongo","code":"","country":"Democratic Republic of the Congo","country_code":"COD","port_type":"River"},"geometry":{"type":"Point","coordinates":[21.25721,-0.75336]}},{"type":"Feature","id":445,"properties":{"name":"Verdal","code":"NOVER","country":"Norway","country_code":"NOR","port_type":"Sea"},"geometry":{"type":"Point","coordinates":[11.45041,63.7849]}},{"type":"Feature","id":446,"properties":{"name":"Stewart","code":"CASTW","country":"Canada","country_code":"CAN","port_type":"Sea"},"geometry":{"type":"Point","coordinates":[-129.99211,55.92518]}},{"type":"Feature","id":447,"properties":{"name":"Tshumbiri","code":"","country":"Democratic Republic of the Congo","country_code":"COD","port_type":"River"},"geometry":{"type":"Point","coordinates":[16.24109,-2.64176]}},{"type":"Feature","id":448,"properties":{"name":"Butala","code":"","country":"Democratic Republic of the Congo","country_code":"COD","port_type":"River"},"geometry":{"type":"Point","coordinates":[20.89145,-4.11384]}},{"type":"Feature","id":449,"properties":{"name":"Eolo","code":"","country":"Democratic Republic of the Congo","country_code":"COD","port_type":"River"},"geometry":{"type":"Point","coordinates":[18.90356,-3.70276]}},{"type":"Feature","id":450,"properties":{"name":"Tampina","code":"","country":"Madagascar","country_code":"MDG","port_type":"River"},"geometry":{"type":"Point","coordinates":[49.27788,-18.5248]}},{"type":"Feature","id":451,"properties":{"name":"Marovintsy","code":"","country":"Madagascar","country_code":"MDG","port_type":"River"},"geometry":{"type":"Point","coordinates":[48.94762,-19.24634]}},{"type":"Feature","id":452,"properties":{"name":"Yumbi","code":"","country":"Democratic Republic of the Congo","country_code":"COD","port_type":"River"},"geometry":{"type":"Point","coordinates":[16.56654,-1.88792]}},{"type":"Feature","id":453,"properties":{"name":"Mobeka","code":"","country":"Democratic Republic of the Congo","country_code":"COD","port_type":"River"},"geometry":{"type":"Point","coordinates":[19.76289,1.88887]}},{"type":"Feature","id":454,"properties":{"name":"Iloilo","code":"PHCRT","country":"","country_code":"PHL","port_type":"Sea"},"geometry":{"type":"Point","coordinates":[122.58278,10.69083]}},{"type":"Feature","id":455,"properties":{"name":"Aden","code":"YEADE","country":"","country_code":"YEM","port_type":"Sea"},"geometry":{"type":"Point","coordinates":[45.00748,12.79655]}},{"type":"Feature","id":456,"properties":{"name":"Mangai","code":"","country":"Democratic Republic of the Congo","country_code":"COD","port_type":"River"},"geometry":{"type":"Point","coordinates":[19.57509,-4.05109]}},{"type":"Feature","id":457,"properties":{"name":"Lodi","code":"","country":"Democratic Republic of the Congo","country_code":"COD","port_type":"River"},"geometry":{"type":"Point","coordinates":[21.33528,-4.02605]}},{"type":"Feature","id":458,"properties":{"name":"Bokila","code":"","country":"Democratic Republic of the Congo","country_code":"COD","port_type":"River"},"geometry":{"type":"Point","coordinates":[21.67708,-4.02723]}},{"type":"Feature","id":459,"properties":{"name":"Burea","code":"SEBUR","country":"Sweden","country_code":"SWE","port_type":"Sea"},"geometry":{"type":"Point","coordinates":[21.23904,64.622]}},{"type":"Feature","id":460,"properties":{"name":"Fecamp","code":"FRFEC","country":"France","country_code":"FRA","port_type":"Sea"},"geometry":{"type":"Point","coordinates":[0.36504,49.76123]}},{"type":"Feature","id":461,"properties":{"name":"Banjul","code":"GMBJL","country":"","country_code":"GMB","port_type":"Sea"},"geometry":{"type":"Point","coordinates":[-16.57261,13.44666]}},{"type":"Feature","id":462,"properties":{"name":"Moa","code":"CUMOA","country":"Cuba","country_code":"CUB","port_type":"Sea"},"geometry":{"type":"Point","coordinates":[-74.90792,20.65441]}},{"type":"Feature","id":463,"properties":{"name":"Pilon","code":"CUPIL","country":"Cuba","country_code":"CUB","port_type":"Sea"},"geometry":{"type":"Point","coordinates":[-77.3213,19.90244]}},{"type":"Feature","id":464,"properties":{"name":"Tripoli","code":"","country":"Lebanon","country_code":"LBN","port_type":"Sea"},"geometry":{"type":"Point","coordinates":[35.8313,34.45253]}},{"type":"Feature","id":465,"properties":{"name":"Lattakia","code":"SYLTK","country":"","country_code":"SYR","port_type":"Sea"},"geometry":{"type":"Point","coordinates":[35.7654,35.50998]}},{"type":"Feature","id":466,"properties":{"name":"Tartous","code":"SYTTS","country":"","country_code":"SYR","port_type":"Sea"},"geometry":{"type":"Point","coordinates":[35.87337,34.90933]}},{"type":"Feature","id":467,"properties":{"name":"Kabara","code":"","country":"Mali","country_code":"MLI","port_type":"River"},"geometry":{"type":"Point","coordinates":[-2.98521,16.70479]}},{"type":"Feature","id":468,"properties":{"name":"Mopti","code":"","country":"Mali","country_code":"MLI","port_type":"River"},"geometry":{"type":"Point","coordinates":[-4.20005,14.49752]}},{"type":"Feature","id":469,"properties":{"name":"Toliara","code":"MGTLE","country":"","country_code":"MDG","port_type":"Sea"},"geometry":{"type":"Point","coordinates":[43.66442,-23.37752]}},{"type":"Feature","id":470,"properties":{"name":"Toamasina","code":"MGTMM","country":"","country_code":"MDG","port_type":"Sea"},"geometry":{"type":"Point","coordinates":[49.42657,-18.15439]}},{"type":"Feature","id":471,"properties":{"name":"Beirut","code":"","country":"Lebanon","country_code":"LBN","port_type":"Sea"},"geometry":{"type":"Point","coordinates":[35.51784,33.90151]}},{"type":"Feature","id":472,"properties":{"name":"Koulikoro","code":"","country":"Mali","country_code":"MLI","port_type":"River"},"geometry":{"type":"Point","coordinates":[-7.55752,12.85769]}},{"type":"Feature","id":473,"properties":{"name":"Adok","code":"","country":"South Sudan","country_code":"SSD","port_type":"River"},"geometry":{"type":"Point","coordinates":[30.32083,8.18492]}},{"type":"Feature","id":474,"properties":{"name":"Bentiu","code":"","country":"South Sudan","country_code":"SSD","port_type":"River"},"geometry":{"type":"Point","coordinates":[29.80528,9.29067]}},{"type":"Feature","id":475,"properties":{"name":"Bor","code":"","country":"South Sudan","country_code":"SSD","port_type":"River"},"geometry":{"type":"Point","coordinates":[31.55338,6.20396]}},{"type":"Feature","id":476,"properties":{"name":"Juba","code":"","country":"South Sudan","country_code":"SSD","port_type":"River"},"geometry":{"type":"Point","coordinates":[31.61432,4.8306]}},{"type":"Feature","id":477,"properties":{"name":"Malakal","code":"","country":"South Sudan","country_code":"SSD","port_type":"River"},"geometry":{"type":"Point","coordinates":[31.65087,9.52636]}},{"type":"Feature","id":478,"properties":{"name":"Aqaba","code":"JOAQJ","country":"","country_code":"SYR","port_type":"Sea"},"geometry":{"type":"Point","coordinates":[34.99603,29.51308]}},{"type":"Feature","id":479,"properties":{"name":"Wema","code":"","country":"Democratic Republic of the Congo","country_code":"COD","port_type":"River"},"geometry":{"type":"Point","coordinates":[21.63578,-0.47905]}},{"type":"Feature","id":480,"properties":{"name":"Ibembo","code":"","country":"Democratic Republic of the Congo","country_code":"COD","port_type":"River"},"geometry":{"type":"Point","coordinates":[23.61932,2.64323]}},{"type":"Feature","id":481,"properties":{"name":"Muntu","code":"","country":"Democratic Republic of the Congo","country_code":"COD","port_type":"River"},"geometry":{"type":"Point","coordinates":[18.45503,-2.90274]}},{"type":"Feature","id":482,"properties":{"name":"Botende","code":"","country":"Democratic Republic of the Congo","country_code":"COD","port_type":"River"},"geometry":{"type":"Point","coordinates":[22.7951,-1.85787]}},{"type":"Feature","id":483,"properties":{"name":"Kimbe","code":"PGKIM","country":"","country_code":"PNG","port_type":"Unknown"},"geometry":{"type":"Point","coordinates":[150.14768,-5.5496]}},{"type":"Feature","id":484,"properties":{"name":"Aitape","code":"PGATP","country":"Papua New Guinea","country_code":"PNG","port_type":"Unknown"},"geometry":{"type":"Point","coordinates":[142.35152,-3.14373]}},{"type":"Feature","id":485,"properties":{"name":"Mombasa","code":"KEMBA","country":"","country_code":"KEN,COD,UGA,SSD,SOM,ETH","port_type":"Sea"},"geometry":{"type":"Point","coordinates":[39.64962,-4.05997]}},{"type":"Feature","id":486,"properties":{"name":"Zeytinburnu","code":"TRZEY","country":"","country_code":"TUR","port_type":"Unknown"},"geometry":{"type":"Point","coordinates":[28.8942,40.98118]}},{"type":"Feature","id":487,"properties":{"name":"Les Cayes","code":"HTACA","country":"Haiti","country_code":"HTI","port_type":"Unknown"},"geometry":{"type":"Point","coordinates":[-73.74866,18.1903]}},{"type":"Feature","id":488,"properties":{"name":"Milwaukee","code":"USMKE","country":"United States of America","country_code":"USA","port_type":"Lake"},"geometry":{"type":"Point","coordinates":[-87.8977,43.01863]}},{"type":"Feature","id":489,"properties":{"name":"Port Washington","code":"USPWA","country":"United States of America","country_code":"USA","port_type":"Lake"},"geometry":{"type":"Point","coordinates":[-87.86688,43.38835]}},{"type":"Feature","id":490,"properties":{"name":"Oswego","code":"USOSW","country":"United States of America","country_code":"USA","port_type":"Lake"},"geometry":{"type":"Point","coordinates":[-76.51721,43.46273]}},{"type":"Feature","id":491,"properties":{"name":"Crescent City","code":"USCEC","country":"United States of America","country_code":"USA","port_type":"Sea"},"geometry":{"type":"Point","coordinates":[-124.18245,41.7469]}},{"type":"Feature","id":492,"properties":{"name":"Bucksport","code":"USBUP","country":"United States of America","country_code":"USA","port_type":"Sea"},"geometry":{"type":"Point","coordinates":[-68.80072,44.57407]}},{"type":"Feature","id":493,"properties":{"name":"Carmanville","code":"CACMV","country":"","country_code":"CAN","port_type":"Sea"},"geometry":{"type":"Point","coordinates":[-54.28426,49.40497]}},{"type":"Feature","id":494,"properties":{"name":"Squamish","code":"CASQA","country":"","country_code":"CAN","port_type":"Sea"},"geometry":{"type":"Point","coordinates":[-123.17109,49.68616]}},{"type":"Feature","id":495,"properties":{"name":"Unalaska","code":"USUAA","country":"","country_code":"USA","port_type":"Sea"},"geometry":{"type":"Point","coordinates":[-166.55334,53.87115]}},{"type":"Feature","id":496,"properties":{"name":"Dutch Harbor","code":"USDUT","country":"United States of America","country_code":"USA","port_type":"Sea"},"geometry":{"type":"Point","coordinates":[-166.53674,53.89044]}},{"type":"Feature","id":497,"properties":{"name":"Atreco","code":"USATR","country":"United States of America","country_code":"USA","port_type":"Sea"},"geometry":{"type":"Point","coordinates":[-93.88166,29.98027]}},{"type":"Feature","id":498,"properties":{"name":"Lake Charles","code":"USLCH","country":"United States of America","country_code":"USA","port_type":"Sea"},"geometry":{"type":"Point","coordinates":[-93.2529,30.21029]}},{"type":"Feature","id":499,"properties":{"name":"Plaquemine","code":"USPLQ","country":"United States of America","country_code":"USA","port_type":"Sea"},"geometry":{"type":"Point","coordinates":[-91.2235,30.28319]}},{"type":"Feature","id":500,"properties":{"name":"Wilmington","code":"USILM","country":"United States of America","country_code":"USA","port_type":"Sea"},"geometry":{"type":"Point","coordinates":[-77.95081,34.24448]}},{"type":"Feature","id":501,"properties":{"name":"Coos Bay","code":"USCOB","country":"United States of America","country_code":"USA","port_type":"Sea"},"geometry":{"type":"Point","coordinates":[-124.20106,43.36046]}},{"type":"Feature","id":502,"properties":{"name":"Montreal","code":"CAMTR","country":"Canada","country_code":"CAN","port_type":"Sea"},"geometry":{"type":"Point","coordinates":[-73.55447,45.50598]}},{"type":"Feature","id":503,"properties":{"name":"Sydney","code":"CASYD","country":"Canada","country_code":"CAN","port_type":"Sea"},"geometry":{"type":"Point","coordinates":[-60.19996,46.14201]}},{"type":"Feature","id":504,"properties":{"name":"Newcastle","code":"CANCT","country":"Canada","country_code":"CAN","port_type":"Sea"},"geometry":{"type":"Point","coordinates":[-65.56252,46.99999]}},{"type":"Feature","id":505,"properties":{"name":"Long Harbour","code":"CALOH","country":"Canada","country_code":"CAN","port_type":"Sea"},"geometry":{"type":"Point","coordinates":[-53.81836,47.42381]}},{"type":"Feature","id":506,"properties":{"name":"Brunswick","code":"USSSI","country":"United States of America","country_code":"USA","port_type":"Sea"},"geometry":{"type":"Point","coordinates":[-81.49228,31.13101]}},{"type":"Feature","id":507,"properties":{"name":"Annapolis","code":"USANP","country":"","country_code":"USA","port_type":"Sea"},"geometry":{"type":"Point","coordinates":[-76.48021,38.98252]}},{"type":"Feature","id":508,"properties":{"name":"Liverpool","code":"CALIV","country":"Canada","country_code":"CAN","port_type":"Sea"},"geometry":{"type":"Point","coordinates":[-64.71436,44.04121]}},{"type":"Feature","id":509,"properties":{"name":"Brockville","code":"CABCK","country":"","country_code":"CAN","port_type":"Sea"},"geometry":{"type":"Point","coordinates":[-75.68675,44.58558]}},{"type":"Feature","id":510,"properties":{"name":"Bangor","code":"USBGR","country":"United States of America","country_code":"USA","port_type":"Sea"},"geometry":{"type":"Point","coordinates":[-68.78089,44.7809]}},{"type":"Feature","id":511,"properties":{"name":"Becancour","code":"CABEC","country":"","country_code":"CAN","port_type":"Sea"},"geometry":{"type":"Point","coordinates":[-72.38054,46.40246]}},{"type":"Feature","id":512,"properties":{"name":"Silverdale","code":"USSIF","country":"United States of America","country_code":"USA","port_type":"Sea"},"geometry":{"type":"Point","coordinates":[-122.6953,47.64433]}},{"type":"Feature","id":513,"properties":{"name":"Cowichan Bay","code":"CACCB","country":"","country_code":"CAN","port_type":"Sea"},"geometry":{"type":"Point","coordinates":[-123.63869,48.76042]}},{"type":"Feature","id":514,"properties":{"name":"Lewisporte","code":"CALWP","country":"","country_code":"CAN","port_type":"Sea"},"geometry":{"type":"Point","coordinates":[-55.05328,49.24695]}},{"type":"Feature","id":515,"properties":{"name":"Campbell River","code":"CACAM","country":"Canada","country_code":"CAN","port_type":"Sea"},"geometry":{"type":"Point","coordinates":[-125.24202,50.0273]}},{"type":"Feature","id":516,"properties":{"name":"Port Angeles","code":"USCLM","country":"","country_code":"USA","port_type":"Sea"},"geometry":{"type":"Point","coordinates":[-123.46101,48.13011]}},{"type":"Feature","id":517,"properties":{"name":"Lamlash","code":"GBLAH","country":"U.K. of Great Britain and Northern Ireland","country_code":"GBR","port_type":"Sea"},"geometry":{"type":"Point","coordinates":[-5.12597,55.53555]}},{"type":"Feature","id":518,"properties":{"name":"Burntisland","code":"GBBTL","country":"U.K. of Great Britain and Northern Ireland","country_code":"GBR","port_type":"Sea"},"geometry":{"type":"Point","coordinates":[-3.23194,56.05717]}},{"type":"Feature","id":519,"properties":{"name":"Fomboni","code":"KMFOU","country":"Comoros","country_code":"COM","port_type":"Sea"},"geometry":{"type":"Point","coordinates":[43.75327,-12.29011]}},{"type":"Feature","id":520,"properties":{"name":"Portrush","code":"GBPTR","country":"U.K. of Great Britain and Northern Ireland","country_code":"GBR","port_type":"Sea"},"geometry":{"type":"Point","coordinates":[-6.65835,55.20727]}},{"type":"Feature","id":521,"properties":{"name":"Patmos","code":"GRPMS","country":"Greece","country_code":"GRC","port_type":"Sea"},"geometry":{"type":"Point","coordinates":[26.54462,37.32355]}},{"type":"Feature","id":522,"properties":{"name":"Chioggia","code":"ITCHI","country":"","country_code":"ITA","port_type":"Sea"},"geometry":{"type":"Point","coordinates":[12.27653,45.2245]}},{"type":"Feature","id":523,"properties":{"name":"Trieste","code":"ITTRS","country":"Italy","country_code":"ITA","port_type":"Sea"},"geometry":{"type":"Point","coordinates":[13.76334,45.64804]}},{"type":"Feature","id":524,"properties":{"name":"Puttgarden","code":"DEPUT","country":"Germany","country_code":"DEU","port_type":"Sea"},"geometry":{"type":"Point","coordinates":[11.22509,54.50216]}},{"type":"Feature","id":525,"properties":{"name":"Sassnitz","code":"DESAS","country":"","country_code":"DEU","port_type":"Sea"},"geometry":{"type":"Point","coordinates":[13.64985,54.5152]}},{"type":"Feature","id":526,"properties":{"name":"Conneaut","code":"USCDY","country":"","country_code":"USA","port_type":"Lake"},"geometry":{"type":"Point","coordinates":[-80.55082,41.96911]}},{"type":"Feature","id":527,"properties":{"name":"Windsor","code":"CAWND","country":"United States of America","country_code":"USA","port_type":"Lake"},"geometry":{"type":"Point","coordinates":[-83.07667,42.30511]}},{"type":"Feature","id":528,"properties":{"name":"Wrightsville","code":"USXOG","country":"","country_code":"USA","port_type":"Sea"},"geometry":{"type":"Point","coordinates":[-77.78957,34.21484]}},{"type":"Feature","id":529,"properties":{"name":"Lewes","code":"USLWP","country":"","country_code":"USA","port_type":"Sea"},"geometry":{"type":"Point","coordinates":[-75.11968,38.78215]}},{"type":"Feature","id":530,"properties":{"name":"Tenes","code":"DZTEN","country":"Algeria","country_code":"DZA","port_type":"Sea"},"geometry":{"type":"Point","coordinates":[1.31884,36.52146]}},{"type":"Feature","id":531,"properties":{"name":"Horten","code":"NOHOR","country":"Norway","country_code":"NOR","port_type":"Sea"},"geometry":{"type":"Point","coordinates":[10.49314,59.4148]}},{"type":"Feature","id":532,"properties":{"name":"Slemmestad","code":"NOSLM","country":"Norway","country_code":"NOR","port_type":"Sea"},"geometry":{"type":"Point","coordinates":[10.49802,59.7818]}},{"type":"Feature","id":533,"properties":{"name":"Svano","code":"SESVX","country":"Sweden","country_code":"SWE","port_type":"Sea"},"geometry":{"type":"Point","coordinates":[17.86503,62.89587]}},{"type":"Feature","id":534,"properties":{"name":"Kristiansund","code":"NOKSU","country":"Norway","country_code":"NOR","port_type":"Sea"},"geometry":{"type":"Point","coordinates":[7.73397,63.11498]}},{"type":"Feature","id":535,"properties":{"name":"Dapa","code":"","country":"","country_code":"PHL","port_type":"Sea"},"geometry":{"type":"Point","coordinates":[126.05316,9.75569]}},{"type":"Feature","id":536,"properties":{"name":"Ellesmere Port","code":"GBELL","country":"U.K. of Great Britain and Northern Ireland","country_code":"GBR","port_type":"Sea"},"geometry":{"type":"Point","coordinates":[-2.90789,53.29667]}},{"type":"Feature","id":537,"properties":{"name":"Immingham","code":"GBIMM","country":"U.K. of Great Britain and Northern Ireland","country_code":"GBR","port_type":"Sea"},"geometry":{"type":"Point","coordinates":[-0.18992,53.62562]}},{"type":"Feature","id":538,"properties":{"name":"Solin","code":"HRSLN","country":"Croatia","country_code":"HRV","port_type":"Sea"},"geometry":{"type":"Point","coordinates":[16.46507,43.53884]}},{"type":"Feature","id":539,"properties":{"name":"Pauillac","code":"FRPAP","country":"France","country_code":"FRA","port_type":"Sea"},"geometry":{"type":"Point","coordinates":[-0.74537,45.19839]}},{"type":"Feature","id":540,"properties":{"name":"Braila","code":"ROBRA","country":"Romania","country_code":"ROU","port_type":"Sea"},"geometry":{"type":"Point","coordinates":[27.98468,45.2824]}},{"type":"Feature","id":541,"properties":{"name":"Bakar","code":"HRBAK","country":"Croatia","country_code":"HRV","port_type":"Sea"},"geometry":{"type":"Point","coordinates":[14.53705,45.30216]}},{"type":"Feature","id":542,"properties":{"name":"Rochefort","code":"FRRCO","country":"France","country_code":"FRA","port_type":"Sea"},"geometry":{"type":"Point","coordinates":[-0.95605,45.93618]}},{"type":"Feature","id":543,"properties":{"name":"Shengjin","code":"ALSHG","country":"Albania","country_code":"ALB","port_type":"Sea"},"geometry":{"type":"Point","coordinates":[19.58879,41.81386]}},{"type":"Feature","id":544,"properties":{"name":"Rye","code":"GBRYE","country":"U.K. of Great Britain and Northern Ireland","country_code":"GBR","port_type":"Sea"},"geometry":{"type":"Point","coordinates":[0.73703,50.94917]}},{"type":"Feature","id":545,"properties":{"name":"Calais","code":"FRCQF","country":"France","country_code":"FRA","port_type":"Sea"},"geometry":{"type":"Point","coordinates":[1.86574,50.96679]}},{"type":"Feature","id":546,"properties":{"name":"Tilbury","code":"GBTIL","country":"U.K. of Great Britain and Northern Ireland","country_code":"GBR","port_type":"Sea"},"geometry":{"type":"Point","coordinates":[0.3522,51.45729]}},{"type":"Feature","id":547,"properties":{"name":"Rochford","code":"GBRFD","country":"U.K. of Great Britain and Northern Ireland","country_code":"GBR","port_type":"Sea"},"geometry":{"type":"Point","coordinates":[0.72344,51.57951]}},{"type":"Feature","id":548,"properties":{"name":"Maldon","code":"GBMAL","country":"U.K. of Great Britain and Northern Ireland","country_code":"GBR","port_type":"Sea"},"geometry":{"type":"Point","coordinates":[0.6865,51.73103]}},{"type":"Feature","id":549,"properties":{"name":"Tarbert","code":"GBTAB","country":"Ireland","country_code":"IRL","port_type":"Sea"},"geometry":{"type":"Point","coordinates":[-9.37338,52.5875]}},{"type":"Feature","id":550,"properties":{"name":"Bremen","code":"DEBRE","country":"Germany","country_code":"DEU","port_type":"Sea"},"geometry":{"type":"Point","coordinates":[8.76428,53.09549]}},{"type":"Feature","id":551,"properties":{"name":"Runcorn","code":"GBRUN","country":"U.K. of Great Britain and Northern Ireland","country_code":"GBR","port_type":"Sea"},"geometry":{"type":"Point","coordinates":[-2.74926,53.33978]}},{"type":"Feature","id":552,"properties":{"name":"Khanom","code":"THKHA","country":"Thailand","country_code":"THA","port_type":"Sea"},"geometry":{"type":"Point","coordinates":[99.8803,9.20918]}},{"type":"Feature","id":553,"properties":{"name":"El Jadida","code":"MAELJ","country":"Morocco","country_code":"MAR","port_type":"Sea"},"geometry":{"type":"Point","coordinates":[-8.50211,33.25902]}},{"type":"Feature","id":554,"properties":{"name":"Kitakyushu","code":"JPTBT","country":"Japan","country_code":"JPN","port_type":"Sea"},"geometry":{"type":"Point","coordinates":[130.84722,33.91762]}},{"type":"Feature","id":555,"properties":{"name":"Collo","code":"DZCOL","country":"","country_code":"DZA","port_type":"Sea"},"geometry":{"type":"Point","coordinates":[6.57063,37.00585]}},{"type":"Feature","id":556,"properties":{"name":"Bizerte","code":"TNBIZ","country":"","country_code":"TUN","port_type":"Sea"},"geometry":{"type":"Point","coordinates":[9.87852,37.27439]}},{"type":"Feature","id":557,"properties":{"name":"Safi","code":"MASFI","country":"","country_code":"MAR","port_type":"Sea"},"geometry":{"type":"Point","coordinates":[-9.24486,32.30577]}},{"type":"Feature","id":558,"properties":{"name":"Porto Amboim","code":"AOPBN","country":"Angola","country_code":"AGO","port_type":"Sea"},"geometry":{"type":"Point","coordinates":[13.7367,-10.75145]}},{"type":"Feature","id":559,"properties":{"name":"Songkhla","code":"THSGZ","country":"Thailand","country_code":"THA","port_type":"Sea"},"geometry":{"type":"Point","coordinates":[100.56839,7.2269]}},{"type":"Feature","id":560,"properties":{"name":"Hirao","code":"JPHRA","country":"Japan","country_code":"JPN","port_type":"Sea"},"geometry":{"type":"Point","coordinates":[132.05864,33.90939]}},{"type":"Feature","id":561,"properties":{"name":"Tonda","code":"JPTND","country":"Japan","country_code":"JPN","port_type":"Sea"},"geometry":{"type":"Point","coordinates":[131.76597,34.05621]}},{"type":"Feature","id":562,"properties":{"name":"Kainan","code":"JPKAI","country":"Japan","country_code":"JPN","port_type":"Sea"},"geometry":{"type":"Point","coordinates":[135.19246,34.15601]}},{"type":"Feature","id":563,"properties":{"name":"Naruto","code":"JPNRU","country":"Japan","country_code":"JPN","port_type":"Sea"},"geometry":{"type":"Point","coordinates":[134.61553,34.14768]}},{"type":"Feature","id":564,"properties":{"name":"Caleta Olivia","code":"ARCVI","country":"Argentina","country_code":"ARG","port_type":"Sea"},"geometry":{"type":"Point","coordinates":[-67.4988,-46.47079]}},{"type":"Feature","id":565,"properties":{"name":"Nelson","code":"NZNSN","country":"New Zealand","country_code":"NZL","port_type":"Sea"},"geometry":{"type":"Point","coordinates":[173.27736,-41.26191]}},{"type":"Feature","id":566,"properties":{"name":"Albany","code":"AUALH","country":"Australia","country_code":"AUS","port_type":"Sea"},"geometry":{"type":"Point","coordinates":[117.88819,-35.02993]}},{"type":"Feature","id":567,"properties":{"name":"Fortaleza","code":"BRFOR","country":"Brazil","country_code":"BRA","port_type":"Sea"},"geometry":{"type":"Point","coordinates":[-38.47379,-3.71125]}},{"type":"Feature","id":568,"properties":{"name":"Bintulu","code":"MYBTU","country":"Malaysia","country_code":"MYS","port_type":"Sea"},"geometry":{"type":"Point","coordinates":[113.04342,3.16872]}},{"type":"Feature","id":569,"properties":{"name":"Bais","code":"PHBAI","country":"Philippines","country_code":"PHL","port_type":"Sea"},"geometry":{"type":"Point","coordinates":[123.14314,9.59447]}},{"type":"Feature","id":570,"properties":{"name":"Sanya","code":"CNSYX","country":"China","country_code":"CHN","port_type":"Sea"},"geometry":{"type":"Point","coordinates":[109.4935,18.23103]}},{"type":"Feature","id":571,"properties":{"name":"Shuidong","code":"CNSDG","country":"China","country_code":"CHN","port_type":"Sea"},"geometry":{"type":"Point","coordinates":[111.0627,21.48051]}},{"type":"Feature","id":572,"properties":{"name":"Hong Kong","code":"HKHKG","country":"Hong Kong","country_code":"HKG","port_type":"Sea"},"geometry":{"type":"Point","coordinates":[114.16482,22.30198]}},{"type":"Feature","id":573,"properties":{"name":"Shantou","code":"CNSWA","country":"China","country_code":"CHN","port_type":"Sea"},"geometry":{"type":"Point","coordinates":[116.73699,23.3518]}},{"type":"Feature","id":574,"properties":{"name":"Nishihara","code":"JPNHR","country":"Japan","country_code":"JPN","port_type":"Sea"},"geometry":{"type":"Point","coordinates":[127.78651,26.2273]}},{"type":"Feature","id":575,"properties":{"name":"Shimabara","code":"JPSMB","country":"Japan","country_code":"JPN","port_type":"Sea"},"geometry":{"type":"Point","coordinates":[130.38003,32.77916]}},{"type":"Feature","id":576,"properties":{"name":"Kanda","code":"JPKND","country":"Japan","country_code":"JPN","port_type":"Sea"},"geometry":{"type":"Point","coordinates":[131.00673,33.77352]}},{"type":"Feature","id":577,"properties":{"name":"Tateyama","code":"JPTTY","country":"Japan","country_code":"JPN","port_type":"Sea"},"geometry":{"type":"Point","coordinates":[139.854,34.98865]}},{"type":"Feature","id":578,"properties":{"name":"Tsuiyama","code":"JPTYM","country":"Japan","country_code":"JPN","port_type":"Sea"},"geometry":{"type":"Point","coordinates":[134.82683,35.64482]}},{"type":"Feature","id":579,"properties":{"name":"Erdek","code":"TRERK","country":"","country_code":"TUR","port_type":"Sea"},"geometry":{"type":"Point","coordinates":[27.79244,40.39613]}},{"type":"Feature","id":580,"properties":{"name":"Hakodate","code":"JPHKD","country":"Japan","country_code":"JPN","port_type":"Sea"},"geometry":{"type":"Point","coordinates":[140.71147,41.76984]}},{"type":"Feature","id":581,"properties":{"name":"Novorossiysk","code":"RUNVS","country":"Russian Federation","country_code":"RUS","port_type":"Sea"},"geometry":{"type":"Point","coordinates":[37.77906,44.73042]}},{"type":"Feature","id":582,"properties":{"name":"Strahan","code":"AUSRN","country":"Australia","country_code":"AUS","port_type":"Sea"},"geometry":{"type":"Point","coordinates":[145.32792,-42.15396]}},{"type":"Feature","id":583,"properties":{"name":"Picton","code":"NZPCN","country":"New Zealand","country_code":"NZL","port_type":"Sea"},"geometry":{"type":"Point","coordinates":[174.00483,-41.28537]}},{"type":"Feature","id":584,"properties":{"name":"Bell Bay","code":"AUBEL","country":"Australia","country_code":"AUS","port_type":"Sea"},"geometry":{"type":"Point","coordinates":[146.85943,-41.13518]}},{"type":"Feature","id":585,"properties":{"name":"Bahia Blanca","code":"ARBHI","country":"Argentina","country_code":"ARG","port_type":"Sea"},"geometry":{"type":"Point","coordinates":[-62.27291,-38.78797]}},{"type":"Feature","id":586,"properties":{"name":"Wallaroo","code":"AUWAL","country":"Australia","country_code":"AUS","port_type":"Sea"},"geometry":{"type":"Point","coordinates":[137.62835,-33.92361]}},{"type":"Feature","id":587,"properties":{"name":"Yamba","code":"AUYBA","country":"Australia","country_code":"AUS","port_type":"Sea"},"geometry":{"type":"Point","coordinates":[153.35728,-29.43601]}},{"type":"Feature","id":588,"properties":{"name":"Gladstone","code":"AUGLT","country":"Australia","country_code":"AUS","port_type":"Sea"},"geometry":{"type":"Point","coordinates":[151.23988,-23.83063]}},{"type":"Feature","id":589,"properties":{"name":"Papeete","code":"PFPPT","country":"French Polynesia","country_code":"PYF","port_type":"Sea"},"geometry":{"type":"Point","coordinates":[-149.56887,-17.53532]}},{"type":"Feature","id":590,"properties":{"name":"Bislig","code":"PHBPH","country":"Philippines","country_code":"PHL","port_type":"Sea"},"geometry":{"type":"Point","coordinates":[126.35562,8.19006]}},{"type":"Feature","id":591,"properties":{"name":"Huangpu","code":"CNHUA","country":"China","country_code":"CHN","port_type":"Sea"},"geometry":{"type":"Point","coordinates":[113.43781,23.09566]}},{"type":"Feature","id":592,"properties":{"name":"Shibushi","code":"JPSBS","country":"Japan","country_code":"JPN","port_type":"Sea"},"geometry":{"type":"Point","coordinates":[131.09707,31.46344]}},{"type":"Feature","id":593,"properties":{"name":"Usuki","code":"JPUSK","country":"Japan","country_code":"JPN","port_type":"Sea"},"geometry":{"type":"Point","coordinates":[131.81113,33.1248]}},{"type":"Feature","id":594,"properties":{"name":"Tomakomai","code":"JPTMK","country":"Japan","country_code":"JPN","port_type":"Sea"},"geometry":{"type":"Point","coordinates":[141.63626,42.63822]}},{"type":"Feature","id":595,"properties":{"name":"Haikou","code":"CNHAK","country":"China","country_code":"CHN","port_type":"Sea"},"geometry":{"type":"Point","coordinates":[110.28296,20.02025]}},{"type":"Feature","id":596,"properties":{"name":"Nakhodka","code":"RUNJK","country":"Russian Federation","country_code":"RUS","port_type":"Sea"},"geometry":{"type":"Point","coordinates":[132.88524,42.80684]}},{"type":"Feature","id":597,"properties":{"name":"Bowen","code":"AUZBO","country":"Australia","country_code":"AUS","port_type":"Sea"},"geometry":{"type":"Point","coordinates":[148.24799,-20.01751]}},{"type":"Feature","id":598,"properties":{"name":"Cairns","code":"AUCNS","country":"Australia","country_code":"AUS","port_type":"Sea"},"geometry":{"type":"Point","coordinates":[145.77892,-16.9312]}},{"type":"Feature","id":599,"properties":{"name":"Kudat","code":"MYKUD","country":"Malaysia","country_code":"MYS","port_type":"Sea"},"geometry":{"type":"Point","coordinates":[116.84749,6.8811]}},{"type":"Feature","id":600,"properties":{"name":"Araya","code":"VEARA","country":"Venezuela","country_code":"VEN","port_type":"Sea"},"geometry":{"type":"Point","coordinates":[-64.26399,10.57642]}},{"type":"Feature","id":601,"properties":{"name":"Beypore","code":"INBEY","country":"India","country_code":"IND","port_type":"Sea"},"geometry":{"type":"Point","coordinates":[75.80719,11.16603]}},{"type":"Feature","id":602,"properties":{"name":"Mundra","code":"INMUN","country":"India","country_code":"IND","port_type":"Sea"},"geometry":{"type":"Point","coordinates":[69.69478,22.74313]}},{"type":"Feature","id":603,"properties":{"name":"Gasan","code":"PHGAS","country":"Philippines","country_code":"PHL","port_type":"Sea"},"geometry":{"type":"Point","coordinates":[121.84354,13.32811]}},{"type":"Feature","id":604,"properties":{"name":"Tabaco","code":"PHTBC","country":"","country_code":"PHL","port_type":"Sea"},"geometry":{"type":"Point","coordinates":[123.73506,13.36124]}},{"type":"Feature","id":605,"properties":{"name":"Tanabe","code":"JPTAE","country":"Japan","country_code":"JPN","port_type":"Sea"},"geometry":{"type":"Point","coordinates":[135.36668,33.7316]}},{"type":"Feature","id":606,"properties":{"name":"Hikari","code":"JPHKR","country":"Japan","country_code":"JPN","port_type":"Sea"},"geometry":{"type":"Point","coordinates":[131.92543,33.95791]}},{"type":"Feature","id":607,"properties":{"name":"Onoda","code":"JPOND","country":"Japan","country_code":"JPN","port_type":"Sea"},"geometry":{"type":"Point","coordinates":[131.17123,33.97586]}},{"type":"Feature","id":608,"properties":{"name":"Qingdao","code":"CNTAO","country":"China","country_code":"CHN","port_type":"Sea"},"geometry":{"type":"Point","coordinates":[120.32468,36.05714]}},{"type":"Feature","id":609,"properties":{"name":"Weihai","code":"CNWEI","country":"China","country_code":"CHN","port_type":"Sea"},"geometry":{"type":"Point","coordinates":[122.12058,37.50551]}},{"type":"Feature","id":610,"properties":{"name":"Onagawa","code":"JPONG","country":"Japan","country_code":"JPN","port_type":"Sea"},"geometry":{"type":"Point","coordinates":[141.45311,38.44568]}},{"type":"Feature","id":611,"properties":{"name":"Vladivostok","code":"RUVVO","country":"Russian Federation","country_code":"RUS","port_type":"Sea"},"geometry":{"type":"Point","coordinates":[131.88321,43.11245]}},{"type":"Feature","id":612,"properties":{"name":"Tuapse","code":"RUTUA","country":"Russian Federation","country_code":"RUS","port_type":"Sea"},"geometry":{"type":"Point","coordinates":[39.06453,44.09488]}},{"type":"Feature","id":613,"properties":{"name":"Parnu","code":"EEPAR","country":"Estonia","country_code":"EST","port_type":"Sea"},"geometry":{"type":"Point","coordinates":[24.48093,58.38599]}},{"type":"Feature","id":614,"properties":{"name":"Hanko","code":"FIHKO","country":"Finland","country_code":"FIN","port_type":"Sea"},"geometry":{"type":"Point","coordinates":[22.94924,59.82253]}},{"type":"Feature","id":615,"properties":{"name":"Kantvik","code":"FIKNT","country":"Finland","country_code":"FIN","port_type":"Sea"},"geometry":{"type":"Point","coordinates":[24.38142,60.08686]}},{"type":"Feature","id":616,"properties":{"name":"Pechenga","code":"RUPCE","country":"Russian Federation","country_code":"RUS","port_type":"Sea"},"geometry":{"type":"Point","coordinates":[31.35741,69.63999]}},{"type":"Feature","id":617,"properties":{"name":"Pevek","code":"RUPWE","country":"Russian Federation","country_code":"RUS","port_type":"Sea"},"geometry":{"type":"Point","coordinates":[170.2997,69.69783]}},{"type":"Feature","id":618,"properties":{"name":"Lirquen","code":"CLLQN","country":"Chile","country_code":"CHL","port_type":"Sea"},"geometry":{"type":"Point","coordinates":[-72.98322,-36.71417]}},{"type":"Feature","id":619,"properties":{"name":"Puerto Carreno","code":"COPCR","country":"Colombia","country_code":"COL","port_type":"River"},"geometry":{"type":"Point","coordinates":[-67.47408,6.18393]}},{"type":"Feature","id":620,"properties":{"name":"Sint Nicolaas","code":"AWSNL","country":"Aruba","country_code":"ABW","port_type":"Sea"},"geometry":{"type":"Point","coordinates":[-69.90302,12.42711]}},{"type":"Feature","id":621,"properties":{"name":"Hamilton","code":"BMBDA","country":"","country_code":"BMU","port_type":"Sea"},"geometry":{"type":"Point","coordinates":[-64.78655,32.29105]}},{"type":"Feature","id":622,"properties":{"name":"Puerto Deseado","code":"ARPUD","country":"Argentina","country_code":"ARG","port_type":"Sea"},"geometry":{"type":"Point","coordinates":[-65.91264,-47.75347]}},{"type":"Feature","id":623,"properties":{"name":"San Antonio","code":"CLSAI","country":"Chile","country_code":"CHL","port_type":"Sea"},"geometry":{"type":"Point","coordinates":[-71.61743,-33.59777]}},{"type":"Feature","id":624,"properties":{"name":"Oranjestad","code":"AWORJ","country":"","country_code":"ABW","port_type":"Sea"},"geometry":{"type":"Point","coordinates":[-70.03845,12.51912]}},{"type":"Feature","id":625,"properties":{"name":"La Guaira","code":"VELAG","country":"","country_code":"VEN","port_type":"Sea"},"geometry":{"type":"Point","coordinates":[-66.94142,10.59814]}},{"type":"Feature","id":626,"properties":{"name":"Tampico","code":"MXTAM","country":"Mexico","country_code":"MEX","port_type":"Sea"},"geometry":{"type":"Point","coordinates":[-97.86337,22.21337]}},{"type":"Feature","id":627,"properties":{"name":"Iquitos","code":"PEIQT","country":"Peru","country_code":"PER","port_type":"River"},"geometry":{"type":"Point","coordinates":[-73.23963,-3.73096]}},{"type":"Feature","id":628,"properties":{"name":"Puerto Castilla","code":"HNPCA","country":"Honduras","country_code":"HND","port_type":"Sea"},"geometry":{"type":"Point","coordinates":[-85.96904,16.00621]}},{"type":"Feature","id":629,"properties":{"name":"Corinto","code":"NICIO","country":"Nicaragua","country_code":"NIC","port_type":"Sea"},"geometry":{"type":"Point","coordinates":[-87.16871,12.48084]}},{"type":"Feature","id":630,"properties":{"name":"Matarani","code":"PEMRI","country":"","country_code":"PER","port_type":"Sea"},"geometry":{"type":"Point","coordinates":[-72.10884,-17.00167]}},{"type":"Feature","id":631,"properties":{"name":"Chetumal","code":"MXCTM","country":"Mexico","country_code":"MEX","port_type":"Sea"},"geometry":{"type":"Point","coordinates":[-88.29911,18.49295]}},{"type":"Feature","id":632,"properties":{"name":"Ras Tanura","code":"SARTA","country":"Saudi Arabia","country_code":"SAU","port_type":"Sea"},"geometry":{"type":"Point","coordinates":[50.1585,26.64235]}},{"type":"Feature","id":633,"properties":{"name":"Derince","code":"TRDRC","country":"","country_code":"TUR","port_type":"Sea"},"geometry":{"type":"Point","coordinates":[29.83019,40.74981]}},{"type":"Feature","id":634,"properties":{"name":"Samsun","code":"TRSSX","country":"Turkey","country_code":"TUR","port_type":"Sea"},"geometry":{"type":"Point","coordinates":[36.33565,41.30185]}},{"type":"Feature","id":635,"properties":{"name":"Caldera","code":"CLCLD","country":"Chile","country_code":"CHL","port_type":"Sea"},"geometry":{"type":"Point","coordinates":[-70.83274,-27.06112]}},{"type":"Feature","id":636,"properties":{"name":"Golfito","code":"CRGLF","country":"Costa Rica","country_code":"CRI","port_type":"Sea"},"geometry":{"type":"Point","coordinates":[-83.16787,8.63716]}},{"type":"Feature","id":637,"properties":{"name":"Fatsa","code":"TRFAS","country":"Turkey","country_code":"TUR","port_type":"Sea"},"geometry":{"type":"Point","coordinates":[37.48562,41.04402]}},{"type":"Feature","id":638,"properties":{"name":"Cesme","code":"TRCES","country":"Turkey","country_code":"TUR","port_type":"Sea"},"geometry":{"type":"Point","coordinates":[26.29818,38.32184]}},{"type":"Feature","id":639,"properties":{"name":"Vacamonte","code":"PAVAC","country":"Panama","country_code":"PAN","port_type":"Sea"},"geometry":{"type":"Point","coordinates":[-79.67203,8.86448]}},{"type":"Feature","id":640,"properties":{"name":"Parana","code":"ARPRA","country":"Argentina","country_code":"ARG","port_type":"River"},"geometry":{"type":"Point","coordinates":[-60.52166,-31.71916]}},{"type":"Feature","id":641,"properties":{"name":"Ibicuy","code":"ARIBY","country":"Argentina","country_code":"ARG","port_type":"River"},"geometry":{"type":"Point","coordinates":[-59.17411,-33.74137]}},{"type":"Feature","id":642,"properties":{"name":"Caripito","code":"VECAR","country":"Venezuela","country_code":"VEN","port_type":"Unknown"},"geometry":{"type":"Point","coordinates":[-63.09018,10.12887]}},{"type":"Feature","id":643,"properties":{"name":"Androka","code":"MGADK","country":"Madagascar","country_code":"MDG","port_type":"Sea"},"geometry":{"type":"Point","coordinates":[44.12242,-25.00382]}},{"type":"Feature","id":644,"properties":{"name":"Arecibo","code":"PRARE","country":"Puerto Rico","country_code":"PRI","port_type":"Sea"},"geometry":{"type":"Point","coordinates":[-66.7009,18.48132]}},{"type":"Feature","id":645,"properties":{"name":"Paraiso","code":"PAPAI","country":"Panama","country_code":"PAN","port_type":"Sea"},"geometry":{"type":"Point","coordinates":[-79.621,9.0253]}},{"type":"Feature","id":646,"properties":{"name":"Las Mareas","code":"PRLAM","country":"Puerto Rico","country_code":"PRI","port_type":"Sea"},"geometry":{"type":"Point","coordinates":[-66.1563,17.93794]}},{"type":"Feature","id":647,"properties":{"name":"Aliaga","code":"TRALI","country":"Turkey","country_code":"TUR","port_type":"Sea"},"geometry":{"type":"Point","coordinates":[26.96204,38.80293]}},{"type":"Feature","id":648,"properties":{"name":"Takoradi","code":"GHTKD","country":"Ghana","country_code":"GHA","port_type":"Sea"},"geometry":{"type":"Point","coordinates":[-1.749,4.88503]}},{"type":"Feature","id":649,"properties":{"name":"Gelibolu","code":"TRGEL","country":"","country_code":"TUR","port_type":"Sea"},"geometry":{"type":"Point","coordinates":[26.67013,40.4062]}},{"type":"Feature","id":650,"properties":{"name":"Pepel","code":"SLPEP","country":"Sierra Leone","country_code":"SLE","port_type":"Sea"},"geometry":{"type":"Point","coordinates":[-13.05908,8.57546]}},{"type":"Feature","id":651,"properties":{"name":"Winneba","code":"GHWEA","country":"","country_code":"GHA","port_type":"Sea"},"geometry":{"type":"Point","coordinates":[-0.61809,5.33772]}},{"type":"Feature","id":652,"properties":{"name":"Warrenpoint","code":"GBWPT","country":"U.K. of Great Britain and Northern Ireland","country_code":"GBR","port_type":"Sea"},"geometry":{"type":"Point","coordinates":[-6.26438,54.10303]}},{"type":"Feature","id":653,"properties":{"name":"Kappeln","code":"DEKAP","country":"Germany","country_code":"DEU","port_type":"Sea"},"geometry":{"type":"Point","coordinates":[9.93535,54.65652]}},{"type":"Feature","id":654,"properties":{"name":"Wladyslawowo","code":"PLWLA","country":"Poland","country_code":"POL","port_type":"Sea"},"geometry":{"type":"Point","coordinates":[18.41342,54.79498]}},{"type":"Feature","id":655,"properties":{"name":"Bandholm","code":"DKBDX","country":"Denmark","country_code":"DNK","port_type":"Sea"},"geometry":{"type":"Point","coordinates":[11.49047,54.83641]}},{"type":"Feature","id":656,"properties":{"name":"Kalundborg","code":"DKKAL","country":"Denmark","country_code":"DNK","port_type":"Sea"},"geometry":{"type":"Point","coordinates":[11.09898,55.67512]}},{"type":"Feature","id":657,"properties":{"name":"Kilchoan","code":"GBKOA","country":"U.K. of Great Britain and Northern Ireland","country_code":"GBR","port_type":"Sea"},"geometry":{"type":"Point","coordinates":[-6.09707,56.69176]}},{"type":"Feature","id":658,"properties":{"name":"Falkenberg","code":"SEFAG","country":"Sweden","country_code":"SWE","port_type":"Sea"},"geometry":{"type":"Point","coordinates":[12.47979,56.89034]}},{"type":"Feature","id":659,"properties":{"name":"Aalborg","code":"DKAAL","country":"Denmark","country_code":"DNK","port_type":"Sea"},"geometry":{"type":"Point","coordinates":[9.93831,57.04611]}},{"type":"Feature","id":660,"properties":{"name":"Mariestad","code":"SEMAD","country":"Sweden","country_code":"SWE","port_type":"Sea"},"geometry":{"type":"Point","coordinates":[13.81963,58.71676]}},{"type":"Feature","id":661,"properties":{"name":"Kristinehamn","code":"SEKHN","country":"Sweden","country_code":"SWE","port_type":"Sea"},"geometry":{"type":"Point","coordinates":[14.08976,59.31509]}},{"type":"Feature","id":662,"properties":{"name":"Skelleftehamn","code":"SESKE","country":"Sweden","country_code":"SWE","port_type":"Sea"},"geometry":{"type":"Point","coordinates":[21.25083,64.68635]}},{"type":"Feature","id":663,"properties":{"name":"Gavle","code":"SEGVX","country":"Sweden","country_code":"SWE","port_type":"Sea"},"geometry":{"type":"Point","coordinates":[17.15724,60.68715]}},{"type":"Feature","id":664,"properties":{"name":"Saint-Marc","code":"","country":"","country_code":"HTI","port_type":"Unknown"},"geometry":{"type":"Point","coordinates":[-72.70217,19.10953]}},{"type":"Feature","id":665,"properties":{"name":"Panarukan","code":"IDPRN","country":"Indonesia","country_code":"IDN","port_type":"Sea"},"geometry":{"type":"Point","coordinates":[113.93394,-7.6976]}},{"type":"Feature","id":666,"properties":{"name":"Merauke","code":"IDMKQ","country":"","country_code":"IDN","port_type":"Sea"},"geometry":{"type":"Point","coordinates":[140.39086,-8.47877]}},{"type":"Feature","id":667,"properties":{"name":"Kasim","code":"IDKAS","country":"Indonesia","country_code":"IDN","port_type":"Sea"},"geometry":{"type":"Point","coordinates":[131.02837,-1.30664]}},{"type":"Feature","id":668,"properties":{"name":"Mamuju","code":"IDMJU","country":"","country_code":"IDN","port_type":"Sea"},"geometry":{"type":"Point","coordinates":[118.8942,-2.66758]}},{"type":"Feature","id":669,"properties":{"name":"Pantoloan","code":"IDPTL","country":"Indonesia","country_code":"IDN","port_type":"Sea"},"geometry":{"type":"Point","coordinates":[119.85742,-0.70932]}},{"type":"Feature","id":670,"properties":{"name":"Cardenas","code":"CUCAR","country":"Cuba","country_code":"CUB","port_type":"Sea"},"geometry":{"type":"Point","coordinates":[-81.19493,23.04682]}},{"type":"Feature","id":671,"properties":{"name":"Ceiba Hueca","code":"CUCEI","country":"Cuba","country_code":"CUB","port_type":"Sea"},"geometry":{"type":"Point","coordinates":[-77.32557,20.22414]}},{"type":"Feature","id":672,"properties":{"name":"Puerto Cabezas","code":"NIPUZ","country":"Nicaragua","country_code":"NIC","port_type":"Sea"},"geometry":{"type":"Point","coordinates":[-83.38501,14.02004]}},{"type":"Feature","id":673,"properties":{"name":"Chekka","code":"","country":"","country_code":"LBN","port_type":"Unknown"},"geometry":{"type":"Point","coordinates":[35.72336,34.32698]}},{"type":"Feature","id":674,"properties":{"name":"El Qalamoun","code":"","country":"Lebanon","country_code":"LBN","port_type":"Unknown"},"geometry":{"type":"Point","coordinates":[35.78766,34.38993]}},{"type":"Feature","id":675,"properties":{"name":"Port Stanley","code":"CAPST","country":"Canada","country_code":"CAN","port_type":"Lake"},"geometry":{"type":"Point","coordinates":[-81.21262,42.6613]}},{"type":"Feature","id":676,"properties":{"name":"Beppu","code":"","country":"Japan","country_code":"JPN","port_type":"Sea"},"geometry":{"type":"Point","coordinates":[131.50361,33.30222]}},{"type":"Feature","id":677,"properties":{"name":"Charleston","code":"USCHS","country":"United States of America","country_code":"USA","port_type":"Sea"},"geometry":{"type":"Point","coordinates":[-79.92627,32.79076]}},{"type":"Feature","id":678,"properties":{"name":"Oceanside","code":"USXJX","country":"United States of America","country_code":"USA","port_type":"Sea"},"geometry":{"type":"Point","coordinates":[-117.38386,33.19456]}},{"type":"Feature","id":679,"properties":{"name":"Huntington Beach","code":"USHTD","country":"United States of America","country_code":"USA","port_type":"Sea"},"geometry":{"type":"Point","coordinates":[-118.0024,33.65665]}},{"type":"Feature","id":680,"properties":{"name":"Kenosha","code":"USENW","country":"United States of America","country_code":"USA","port_type":"Lake"},"geometry":{"type":"Point","coordinates":[-87.81386,42.5836]}},{"type":"Feature","id":681,"properties":{"name":"New Orleans","code":"","country":"United States of America","country_code":"USA","port_type":"Unknown"},"geometry":{"type":"Point","coordinates":[-90.06162,29.94223]}},{"type":"Feature","id":682,"properties":{"name":"Dunkirk","code":"","country":"United States of America","country_code":"USA","port_type":"Unknown"},"geometry":{"type":"Point","coordinates":[-79.33511,42.4883]}},{"type":"Feature","id":683,"properties":{"name":"Balanacan","code":"","country":"","country_code":"PHL","port_type":"Sea"},"geometry":{"type":"Point","coordinates":[121.8657,13.5333]}},{"type":"Feature","id":684,"properties":{"name":"Kake","code":"USKAE","country":"","country_code":"USA","port_type":"Sea"},"geometry":{"type":"Point","coordinates":[-133.92226,56.96261]}},{"type":"Feature","id":685,"properties":{"name":"Cape Town","code":"ZACPT","country":"South Africa","country_code":"ZAF","port_type":"Sea"},"geometry":{"type":"Point","coordinates":[18.45586,-33.91804]}},{"type":"Feature","id":686,"properties":{"name":"Avondale","code":"USAVD","country":"United States of America","country_code":"USA","port_type":"Sea"},"geometry":{"type":"Point","coordinates":[-90.18665,29.92579]}},{"type":"Feature","id":687,"properties":{"name":"Rimouski","code":"CARIM","country":"Canada","country_code":"CAN","port_type":"Sea"},"geometry":{"type":"Point","coordinates":[-68.51287,48.47677]}},{"type":"Feature","id":688,"properties":{"name":"Hilo","code":"USITO","country":"United States of America","country_code":"USA","port_type":"Sea"},"geometry":{"type":"Point","coordinates":[-155.05365,19.73037]}},{"type":"Feature","id":689,"properties":{"name":"Melilla","code":"ESMLN","country":"","country_code":"ESP","port_type":"Sea"},"geometry":{"type":"Point","coordinates":[-2.93422,35.2938]}},{"type":"Feature","id":690,"properties":{"name":"Harbour Grace","code":"CAHRE","country":"","country_code":"CAN","port_type":"Sea"},"geometry":{"type":"Point","coordinates":[-53.21924,47.6908]}},{"type":"Feature","id":691,"properties":{"name":"Santa Cruz","code":"","country":"Philippines","country_code":"PHL","port_type":"Sea"},"geometry":{"type":"Point","coordinates":[122.04818,13.50508]}},{"type":"Feature","id":692,"properties":{"name":"Lisala","code":"","country":"Democratic Republic of the Congo","country_code":"COD","port_type":"River"},"geometry":{"type":"Point","coordinates":[21.51992,2.14183]}},{"type":"Feature","id":693,"properties":{"name":"El Aabde","code":"","country":"Lebanon","country_code":"LBN","port_type":"Unknown"},"geometry":{"type":"Point","coordinates":[35.97785,34.51918]}},{"type":"Feature","id":694,"properties":{"name":"Mutarara","code":"","country":"Mozambique","country_code":"MOZ","port_type":"Unknown"},"geometry":{"type":"Point","coordinates":[35.06727,-17.44142]}},{"type":"Feature","id":695,"properties":{"name":"Bagnoli","code":"ITBLN","country":"Italy","country_code":"ITA","port_type":"Sea"},"geometry":{"type":"Point","coordinates":[14.16965,40.80941]}},{"type":"Feature","id":696,"properties":{"name":"Gijon","code":"ESGIJ","country":"Spain","country_code":"ESP","port_type":"Sea"},"geometry":{"type":"Point","coordinates":[-5.6929,43.55034]}},{"type":"Feature","id":697,"properties":{"name":"Constanta","code":"ROCND","country":"Romania","country_code":"ROU","port_type":"Sea"},"geometry":{"type":"Point","coordinates":[28.6419,44.16453]}},{"type":"Feature","id":698,"properties":{"name":"Vallvik","code":"SEVAL","country":"Sweden","country_code":"SWE","port_type":"Sea"},"geometry":{"type":"Point","coordinates":[17.17351,61.19035]}},{"type":"Feature","id":699,"properties":{"name":"Essaouira","code":"","country":"Morocco","country_code":"MAR","port_type":"Sea"},"geometry":{"type":"Point","coordinates":[-9.77356,31.51004]}},{"type":"Feature","id":700,"properties":{"name":"Sandnessjoen","code":"NOSSJ","country":"Norway","country_code":"NOR","port_type":"Sea"},"geometry":{"type":"Point","coordinates":[12.63441,66.02528]}},{"type":"Feature","id":701,"properties":{"name":"Skjervoy","code":"NOSKY","country":"Norway","country_code":"NOR","port_type":"Sea"},"geometry":{"type":"Point","coordinates":[20.97476,70.02859]}},{"type":"Feature","id":702,"properties":{"name":"Termoli","code":"ITTMI","country":"","country_code":"ITA","port_type":"Sea"},"geometry":{"type":"Point","coordinates":[14.99872,42.00081]}},{"type":"Feature","id":703,"properties":{"name":"Santander","code":"ESSDR","country":"Spain","country_code":"ESP","port_type":"Sea"},"geometry":{"type":"Point","coordinates":[-3.79649,43.46274]}},{"type":"Feature","id":704,"properties":{"name":"Kabala","code":"","country":"Democratic Republic of the Congo","country_code":"COD","port_type":"River"},"geometry":{"type":"Point","coordinates":[26.84851,-8.00259]}},{"type":"Feature","id":705,"properties":{"name":"Hennebont","code":"FRHET","country":"France","country_code":"FRA","port_type":"Sea"},"geometry":{"type":"Point","coordinates":[-3.27754,47.80298]}},{"type":"Feature","id":706,"properties":{"name":"Mayamba","code":"","country":"Democratic Republic of the Congo","country_code":"COD","port_type":"River"},"geometry":{"type":"Point","coordinates":[16.73467,-6.47391]}},{"type":"Feature","id":707,"properties":{"name":"Portici","code":"ITPTC","country":"Italy","country_code":"ITA","port_type":"Sea"},"geometry":{"type":"Point","coordinates":[14.26006,40.84361]}},{"type":"Feature","id":708,"properties":{"name":"Bari","code":"ITBRI","country":"","country_code":"ITA","port_type":"Sea"},"geometry":{"type":"Point","coordinates":[16.8501,41.13093]}},{"type":"Feature","id":709,"properties":{"name":"Macabi","code":"","country":"Cuba","country_code":"CUB","port_type":"Sea"},"geometry":{"type":"Point","coordinates":[-75.72809,20.90401]}},{"type":"Feature","id":710,"properties":{"name":"Harlingen","code":"NLHAR","country":"Netherlands","country_code":"NLD","port_type":"Sea"},"geometry":{"type":"Point","coordinates":[5.42629,53.18368]}},{"type":"Feature","id":711,"properties":{"name":"Tshimbane","code":"","country":"Democratic Republic of the Congo","country_code":"COD","port_type":"River"},"geometry":{"type":"Point","coordinates":[18.16121,-4.0089]}},{"type":"Feature","id":712,"properties":{"name":"Honsater","code":"SEHON","country":"Sweden","country_code":"SWE","port_type":"Sea"},"geometry":{"type":"Point","coordinates":[13.44097,58.63536]}},{"type":"Feature","id":713,"properties":{"name":"Ristiina","code":"FIRIS","country":"Finland","country_code":"FIN","port_type":"River"},"geometry":{"type":"Point","coordinates":[27.26374,61.50152]}},{"type":"Feature","id":714,"properties":{"name":"Kuopio","code":"FIKUO","country":"Finland","country_code":"FIN","port_type":"River"},"geometry":{"type":"Point","coordinates":[27.67483,62.87669]}},{"type":"Feature","id":715,"properties":{"name":"Chola","code":"","country":"Mozambique","country_code":"MOZ","port_type":"Unknown"},"geometry":{"type":"Point","coordinates":[35.00592,-17.37891]}},{"type":"Feature","id":716,"properties":{"name":"Chemba","code":"","country":"Mozambique","country_code":"MOZ","port_type":"Unknown"},"geometry":{"type":"Point","coordinates":[34.89773,-17.17097]}},{"type":"Feature","id":717,"properties":{"name":"Fond Mombin","code":"HTFOM","country":"","country_code":"HTI","port_type":"Sea"},"geometry":{"type":"Point","coordinates":[-72.38863,18.71136]}},{"type":"Feature","id":718,"properties":{"name":"Bourem","code":"","country":"Mali","country_code":"MLI","port_type":"River"},"geometry":{"type":"Point","coordinates":[-0.35455,16.95239]}},{"type":"Feature","id":719,"properties":{"name":"Bamba","code":"","country":"Mali","country_code":"MLI","port_type":"River"},"geometry":{"type":"Point","coordinates":[-1.40411,17.032]}},{"type":"Feature","id":720,"properties":{"name":"Maintirano","code":"MGMXT","country":"Madagascar","country_code":"MDG","port_type":"Sea"},"geometry":{"type":"Point","coordinates":[44.0181,-18.06202]}},{"type":"Feature","id":721,"properties":{"name":"Borongan","code":"PHBGV","country":"Philippines","country_code":"PHL","port_type":"Sea"},"geometry":{"type":"Point","coordinates":[125.43989,11.60648]}},{"type":"Feature","id":722,"properties":{"name":"Aroroy","code":"","country":"Philippines","country_code":"PHL","port_type":"Sea"},"geometry":{"type":"Point","coordinates":[123.39758,12.51315]}},{"type":"Feature","id":723,"properties":{"name":"Kaukauna","code":"USKAU","country":"United States of America","country_code":"USA","port_type":"Lake"},"geometry":{"type":"Point","coordinates":[-88.26452,44.27755]}},{"type":"Feature","id":724,"properties":{"name":"Palembang","code":"IDPLM","country":"Indonesia","country_code":"IDN","port_type":"River"},"geometry":{"type":"Point","coordinates":[104.77893,-2.98041]}},{"type":"Feature","id":725,"properties":{"name":"Pasni","code":"PKPSI","country":"Pakistan","country_code":"PAK","port_type":"Sea"},"geometry":{"type":"Point","coordinates":[63.47646,25.26329]}},{"type":"Feature","id":726,"properties":{"name":"Kialo","code":"","country":"Democratic Republic of the Congo","country_code":"COD","port_type":"River"},"geometry":{"type":"Point","coordinates":[26.92444,-6.29605]}},{"type":"Feature","id":727,"properties":{"name":"Ipaka","code":"","country":"Democratic Republic of the Congo","country_code":"COD","port_type":"River"},"geometry":{"type":"Point","coordinates":[17.51169,-4.97708]}},{"type":"Feature","id":728,"properties":{"name":"Chatham","code":"CACTM","country":"Canada","country_code":"CAN","port_type":"Sea"},"geometry":{"type":"Point","coordinates":[-65.47225,47.02933]}},{"type":"Feature","id":729,"properties":{"name":"Fort Liberte","code":"HTFLI","country":"","country_code":"HTI","port_type":"Unknown"},"geometry":{"type":"Point","coordinates":[-71.82623,19.66192]}},{"type":"Feature","id":730,"properties":{"name":"Blind River","code":"CABLR","country":"Canada","country_code":"CAN","port_type":"Lake"},"geometry":{"type":"Point","coordinates":[-82.96469,46.18043]}},{"type":"Feature","id":731,"properties":{"name":"Harrisville","code":"USHVW","country":"United States of America","country_code":"USA","port_type":"Lake"},"geometry":{"type":"Point","coordinates":[-83.28734,44.65878]}},{"type":"Feature","id":732,"properties":{"name":"Makelele","code":"","country":"Democratic Republic of the Congo","country_code":"COD","port_type":"River"},"geometry":{"type":"Point","coordinates":[29.03895,-1.75511]}},{"type":"Feature","id":733,"properties":{"name":"Bialla","code":"PGBAA","country":"Papua New Guinea","country_code":"PNG","port_type":"Unknown"},"geometry":{"type":"Point","coordinates":[151.00902,-5.30908]}},{"type":"Feature","id":734,"properties":{"name":"Vanimo","code":"PGVAI","country":"","country_code":"PNG","port_type":"Unknown"},"geometry":{"type":"Point","coordinates":[141.29612,-2.6783]}},{"type":"Feature","id":735,"properties":{"name":"Jeremie","code":"HTJEE","country":"Haiti","country_code":"HTI","port_type":"Unknown"},"geometry":{"type":"Point","coordinates":[-74.11205,18.64294]}},{"type":"Feature","id":736,"properties":{"name":"Oakville","code":"CAOAK","country":"Canada","country_code":"CAN","port_type":"Lake"},"geometry":{"type":"Point","coordinates":[-79.66886,43.44066]}},{"type":"Feature","id":737,"properties":{"name":"Revere","code":"USRVR","country":"United States of America","country_code":"USA","port_type":"Sea"},"geometry":{"type":"Point","coordinates":[-71.00907,42.39857]}},{"type":"Feature","id":738,"properties":{"name":"Eastport","code":"USEPM","country":"","country_code":"USA","port_type":"Sea"},"geometry":{"type":"Point","coordinates":[-66.98454,44.90667]}},{"type":"Feature","id":739,"properties":{"name":"Dingwall","code":"CADWL","country":"Canada","country_code":"CAN","port_type":"Sea"},"geometry":{"type":"Point","coordinates":[-60.46144,46.90291]}},{"type":"Feature","id":740,"properties":{"name":"Good Hope","code":"USGDH","country":"United States of America","country_code":"USA","port_type":"Sea"},"geometry":{"type":"Point","coordinates":[-90.40055,29.9902]}},{"type":"Feature","id":741,"properties":{"name":"Port Wentworth","code":"USPWN","country":"United States of America","country_code":"USA","port_type":"Sea"},"geometry":{"type":"Point","coordinates":[-81.14339,32.14428]}},{"type":"Feature","id":742,"properties":{"name":"Bridgeport","code":"USBDR","country":"","country_code":"USA","port_type":"Sea"},"geometry":{"type":"Point","coordinates":[-73.18258,41.17088]}},{"type":"Feature","id":743,"properties":{"name":"Arichat","code":"CAARI","country":"Canada","country_code":"CAN","port_type":"Sea"},"geometry":{"type":"Point","coordinates":[-61.01811,45.51042]}},{"type":"Feature","id":744,"properties":{"name":"Vancouver","code":"USBCC","country":"United States of America","country_code":"USA","port_type":"Sea"},"geometry":{"type":"Point","coordinates":[-122.72148,45.64387]}},{"type":"Feature","id":745,"properties":{"name":"Astoria","code":"USAST","country":"United States of America","country_code":"USA","port_type":"Sea"},"geometry":{"type":"Point","coordinates":[-123.86155,46.18569]}},{"type":"Feature","id":746,"properties":{"name":"Catalina","code":"CACAT","country":"","country_code":"CAN","port_type":"Sea"},"geometry":{"type":"Point","coordinates":[-53.07647,48.51538]}},{"type":"Feature","id":747,"properties":{"name":"Crofton","code":"CACRO","country":"Canada","country_code":"CAN","port_type":"Sea"},"geometry":{"type":"Point","coordinates":[-123.64039,48.86554]}},{"type":"Feature","id":748,"properties":{"name":"Port Sulphur","code":"USSUL","country":"United States of America","country_code":"USA","port_type":"Sea"},"geometry":{"type":"Point","coordinates":[-89.69846,29.47127]}},{"type":"Feature","id":749,"properties":{"name":"Antioch","code":"USANZ","country":"United States of America","country_code":"USA","port_type":"Sea"},"geometry":{"type":"Point","coordinates":[-121.81986,38.01856]}},{"type":"Feature","id":750,"properties":{"name":"Marion","code":"USMZZ","country":"","country_code":"USA","port_type":"Sea"},"geometry":{"type":"Point","coordinates":[-70.76122,41.70424]}},{"type":"Feature","id":751,"properties":{"name":"Yarmouth","code":"CAYQI","country":"Canada","country_code":"CAN","port_type":"Sea"},"geometry":{"type":"Point","coordinates":[-66.12236,43.83333]}},{"type":"Feature","id":752,"properties":{"name":"Morristown","code":"USMJG","country":"United States of America","country_code":"USA","port_type":"Sea"},"geometry":{"type":"Point","coordinates":[-75.65098,44.59051]}},{"type":"Feature","id":753,"properties":{"name":"Zeballos","code":"CAZEB","country":"Canada","country_code":"CAN","port_type":"Sea"},"geometry":{"type":"Point","coordinates":[-126.84496,49.97875]}},{"type":"Feature","id":754,"properties":{"name":"Ketchikan","code":"USKTN","country":"United States of America","country_code":"USA","port_type":"Sea"},"geometry":{"type":"Point","coordinates":[-131.69083,55.3543]}},{"type":"Feature","id":755,"properties":{"name":"Edmonds","code":"USEOW","country":"United States of America","country_code":"USA","port_type":"Sea"},"geometry":{"type":"Point","coordinates":[-122.38158,47.81171]}},{"type":"Feature","id":756,"properties":{"name":"Orehoved","code":"DKORE","country":"Denmark","country_code":"DNK","port_type":"Sea"},"geometry":{"type":"Point","coordinates":[11.85116,54.95631]}},{"type":"Feature","id":757,"properties":{"name":"Vordingborg","code":"DKVOR","country":"Denmark","country_code":"DNK","port_type":"Sea"},"geometry":{"type":"Point","coordinates":[11.88504,54.99455]}},{"type":"Feature","id":758,"properties":{"name":"Limhamn","code":"SELIM","country":"Sweden","country_code":"SWE","port_type":"Sea"},"geometry":{"type":"Point","coordinates":[12.92768,55.58977]}},{"type":"Feature","id":759,"properties":{"name":"Ayr","code":"GBAYR","country":"U.K. of Great Britain and Northern Ireland","country_code":"GBR","port_type":"Sea"},"geometry":{"type":"Point","coordinates":[-4.63817,55.46915]}},{"type":"Feature","id":760,"properties":{"name":"Kalamaki","code":"GRKLM","country":"Greece","country_code":"GRC","port_type":"Sea"},"geometry":{"type":"Point","coordinates":[23.01012,37.91789]}},{"type":"Feature","id":761,"properties":{"name":"Vieste","code":"ITVIE","country":"Italy","country_code":"ITA","port_type":"Sea"},"geometry":{"type":"Point","coordinates":[16.17253,41.88541]}},{"type":"Feature","id":762,"properties":{"name":"Senj","code":"HRSEN","country":"Croatia","country_code":"HRV","port_type":"Sea"},"geometry":{"type":"Point","coordinates":[14.90051,44.98997]}},{"type":"Feature","id":763,"properties":{"name":"La Pallice","code":"FRLPE","country":"France","country_code":"FRA","port_type":"Sea"},"geometry":{"type":"Point","coordinates":[-1.21809,46.16014]}},{"type":"Feature","id":764,"properties":{"name":"Langesund","code":"NOLAD","country":"Norway","country_code":"NOR","port_type":"Sea"},"geometry":{"type":"Point","coordinates":[9.74891,59.00354]}},{"type":"Feature","id":765,"properties":{"name":"Paskallavik","code":"SEPAS","country":"Sweden","country_code":"SWE","port_type":"Sea"},"geometry":{"type":"Point","coordinates":[16.46489,57.16234]}},{"type":"Feature","id":766,"properties":{"name":"Gary","code":"USGYY","country":"United States of America","country_code":"USA","port_type":"Lake"},"geometry":{"type":"Point","coordinates":[-87.42196,41.66337]}},{"type":"Feature","id":767,"properties":{"name":"Amherstburg","code":"CAAMH","country":"","country_code":"CAN","port_type":"Lake"},"geometry":{"type":"Point","coordinates":[-83.11307,42.09686]}},{"type":"Feature","id":768,"properties":{"name":"Benicia","code":"USBNC","country":"United States of America","country_code":"USA","port_type":"Sea"},"geometry":{"type":"Point","coordinates":[-122.14066,38.04441]}},{"type":"Feature","id":769,"properties":{"name":"Fort Bragg","code":"USFOB","country":"United States of America","country_code":"USA","port_type":"Sea"},"geometry":{"type":"Point","coordinates":[-123.80371,39.42454]}},{"type":"Feature","id":770,"properties":{"name":"New Haven","code":"USHVN","country":"United States of America","country_code":"USA","port_type":"Sea"},"geometry":{"type":"Point","coordinates":[-72.9035,41.2932]}},{"type":"Feature","id":771,"properties":{"name":"Mossel Bay","code":"ZAMZY","country":"South Africa","country_code":"ZAF","port_type":"Sea"},"geometry":{"type":"Point","coordinates":[22.14968,-34.17984]}},{"type":"Feature","id":772,"properties":{"name":"Kilwa Kivinje","code":"TZKIK","country":"","country_code":"TZA","port_type":"Sea"},"geometry":{"type":"Point","coordinates":[39.41382,-8.74605]}},{"type":"Feature","id":773,"properties":{"name":"Maizuru","code":"JPMAI","country":"Japan","country_code":"JPN","port_type":"Sea"},"geometry":{"type":"Point","coordinates":[135.31291,35.4531]}},{"type":"Feature","id":774,"properties":{"name":"Kayts","code":"LKKAY","country":"Sri Lanka","country_code":"LKA","port_type":"Sea"},"geometry":{"type":"Point","coordinates":[79.86324,9.7023]}},{"type":"Feature","id":775,"properties":{"name":"Encarnacion","code":"PYENO","country":"Paraguay","country_code":"PRY","port_type":"River"},"geometry":{"type":"Point","coordinates":[-55.86762,-27.32011]}},{"type":"Feature","id":776,"properties":{"name":"Ciudad Bolivar","code":"VECBL","country":"Venezuela","country_code":"VEN","port_type":"River"},"geometry":{"type":"Point","coordinates":[-63.55457,8.14395]}},{"type":"Feature","id":777,"properties":{"name":"Nesseby","code":"NONSB","country":"Norway","country_code":"NOR","port_type":"Sea"},"geometry":{"type":"Point","coordinates":[28.87949,70.14803]}},{"type":"Feature","id":778,"properties":{"name":"Appledore","code":"GBAPP","country":"U.K. of Great Britain and Northern Ireland","country_code":"GBR","port_type":"Sea"},"geometry":{"type":"Point","coordinates":[-4.19793,51.05204]}},{"type":"Feature","id":779,"properties":{"name":"Ramsgate","code":"GBRMG","country":"U.K. of Great Britain and Northern Ireland","country_code":"GBR","port_type":"Sea"},"geometry":{"type":"Point","coordinates":[1.40864,51.32987]}},{"type":"Feature","id":780,"properties":{"name":"Padstow","code":"GBPAD","country":"U.K. of Great Britain and Northern Ireland","country_code":"GBR","port_type":"Sea"},"geometry":{"type":"Point","coordinates":[-4.93756,50.54109]}},{"type":"Feature","id":781,"properties":{"name":"Hamble","code":"GBHAM","country":"U.K. of Great Britain and Northern Ireland","country_code":"GBR","port_type":"Sea"},"geometry":{"type":"Point","coordinates":[-1.31604,50.81578]}},{"type":"Feature","id":782,"properties":{"name":"Maastricht","code":"NLMST","country":"Netherlands","country_code":"NLD","port_type":"Sea"},"geometry":{"type":"Point","coordinates":[5.71641,50.88614]}},{"type":"Feature","id":783,"properties":{"name":"Bridgwater","code":"GBBRW","country":"U.K. of Great Britain and Northern Ireland","country_code":"GBR","port_type":"Sea"},"geometry":{"type":"Point","coordinates":[-2.98881,51.16219]}},{"type":"Feature","id":784,"properties":{"name":"Zeebrugge","code":"BEZEE","country":"Belgium","country_code":"BEL","port_type":"Sea"},"geometry":{"type":"Point","coordinates":[3.19069,51.33354]}},{"type":"Feature","id":785,"properties":{"name":"Newport","code":"GBNPT","country":"U.K. of Great Britain and Northern Ireland","country_code":"GBR","port_type":"Sea"},"geometry":{"type":"Point","coordinates":[-2.98625,51.55837]}},{"type":"Feature","id":786,"properties":{"name":"Emmerich","code":"DEEMM","country":"Germany","country_code":"DEU","port_type":"Sea"},"geometry":{"type":"Point","coordinates":[6.25112,51.82956]}},{"type":"Feature","id":787,"properties":{"name":"Waterford","code":"IEWAT","country":"Ireland","country_code":"IRL","port_type":"Sea"},"geometry":{"type":"Point","coordinates":[-7.1061,52.26116]}},{"type":"Feature","id":788,"properties":{"name":"Tralee","code":"IETRA","country":"Ireland","country_code":"IRL","port_type":"Sea"},"geometry":{"type":"Point","coordinates":[-9.73572,52.25869]}},{"type":"Feature","id":789,"properties":{"name":"Elsfleth","code":"DEELS","country":"Germany","country_code":"DEU","port_type":"Sea"},"geometry":{"type":"Point","coordinates":[8.46256,53.22822]}},{"type":"Feature","id":790,"properties":{"name":"Warrington","code":"GBWRN","country":"U.K. of Great Britain and Northern Ireland","country_code":"GBR","port_type":"Sea"},"geometry":{"type":"Point","coordinates":[-2.60581,53.38636]}},{"type":"Feature","id":791,"properties":{"name":"Gabes","code":"TNGAE","country":"Tunisia","country_code":"TUN","port_type":"Sea"},"geometry":{"type":"Point","coordinates":[10.09693,33.91428]}},{"type":"Feature","id":792,"properties":{"name":"Rabat","code":"MARBA","country":"Morocco","country_code":"MAR","port_type":"Sea"},"geometry":{"type":"Point","coordinates":[-6.84224,34.0303]}},{"type":"Feature","id":793,"properties":{"name":"Mategata","code":"JPMAG","country":"Japan","country_code":"JPN","port_type":"Sea"},"geometry":{"type":"Point","coordinates":[132.97115,34.10718]}},{"type":"Feature","id":794,"properties":{"name":"Miyaura","code":"JPOMS","country":"Japan","country_code":"JPN","port_type":"Sea"},"geometry":{"type":"Point","coordinates":[132.99387,34.25051]}},{"type":"Feature","id":795,"properties":{"name":"Toba","code":"JPTOB","country":"Japan","country_code":"JPN","port_type":"Sea"},"geometry":{"type":"Point","coordinates":[136.8437,34.48845]}},{"type":"Feature","id":796,"properties":{"name":"Mostaganem","code":"DZMOS","country":"Algeria","country_code":"DZA","port_type":"Sea"},"geometry":{"type":"Point","coordinates":[0.07992,35.93473]}},{"type":"Feature","id":797,"properties":{"name":"Dellys","code":"DZDEL","country":"","country_code":"DZA","port_type":"Sea"},"geometry":{"type":"Point","coordinates":[3.91685,36.91636]}},{"type":"Feature","id":798,"properties":{"name":"Krabi","code":"THKBV","country":"Thailand","country_code":"THA","port_type":"Sea"},"geometry":{"type":"Point","coordinates":[98.90876,8.04693]}},{"type":"Feature","id":799,"properties":{"name":"Kure","code":"JPKRE","country":"Japan","country_code":"JPN","port_type":"Sea"},"geometry":{"type":"Point","coordinates":[132.54362,34.24276]}},{"type":"Feature","id":800,"properties":{"name":"Santo Antonio","code":"STSAA","country":"Sao Tome and Principe","country_code":"STP","port_type":"Sea"},"geometry":{"type":"Point","coordinates":[7.4214,1.6443]}},{"type":"Feature","id":801,"properties":{"name":"Zamboanga","code":"PHBLU","country":"Philippines","country_code":"PHL","port_type":"Sea"},"geometry":{"type":"Point","coordinates":[122.07734,6.90241]}},{"type":"Feature","id":802,"properties":{"name":"Mati","code":"PHMXI","country":"Philippines","country_code":"PHL","port_type":"Sea"},"geometry":{"type":"Point","coordinates":[126.219,6.95073]}},{"type":"Feature","id":803,"properties":{"name":"Buna","code":"PGBNA","country":"","country_code":"PNG","port_type":"Unknown"},"geometry":{"type":"Point","coordinates":[148.41268,-8.6715]}},{"type":"Feature","id":804,"properties":{"name":"Bluff","code":"NZBLU","country":"","country_code":"NZL","port_type":"Sea"},"geometry":{"type":"Point","coordinates":[168.34374,-46.59832]}},{"type":"Feature","id":805,"properties":{"name":"Kingscote","code":"AUKGC","country":"Australia","country_code":"AUS","port_type":"Sea"},"geometry":{"type":"Point","coordinates":[137.6387,-35.65566]}},{"type":"Feature","id":806,"properties":{"name":"Broome","code":"AUBME","country":"Australia","country_code":"AUS","port_type":"Sea"},"geometry":{"type":"Point","coordinates":[122.20754,-18.004]}},{"type":"Feature","id":807,"properties":{"name":"Ilheus","code":"BRIOS","country":"Brazil","country_code":"BRA","port_type":"Sea"},"geometry":{"type":"Point","coordinates":[-39.0321,-14.7839]}},{"type":"Feature","id":808,"properties":{"name":"Aracaju","code":"BRAJU","country":"Brazil","country_code":"BRA","port_type":"Sea"},"geometry":{"type":"Point","coordinates":[-37.04809,-10.90783]}},{"type":"Feature","id":809,"properties":{"name":"Taiohae","code":"PFTAI","country":"French Polynesia","country_code":"PYF","port_type":"Sea"},"geometry":{"type":"Point","coordinates":[-140.0947,-8.92178]}},{"type":"Feature","id":810,"properties":{"name":"Miri","code":"MYMYY","country":"Malaysia","country_code":"MYS","port_type":"Sea"},"geometry":{"type":"Point","coordinates":[113.97317,4.38349]}},{"type":"Feature","id":811,"properties":{"name":"Bagan Luar","code":"MYBWH","country":"Malaysia","country_code":"MYS","port_type":"Sea"},"geometry":{"type":"Point","coordinates":[100.37337,5.41034]}},{"type":"Feature","id":812,"properties":{"name":"Sandakan","code":"MYSDK","country":"Malaysia","country_code":"MYS","port_type":"Sea"},"geometry":{"type":"Point","coordinates":[118.11667,5.83815]}},{"type":"Feature","id":813,"properties":{"name":"Anamur","code":"TRANA","country":"Turkey","country_code":"TUR","port_type":"Sea"},"geometry":{"type":"Point","coordinates":[32.86657,36.06969]}},{"type":"Feature","id":814,"properties":{"name":"Pampatar","code":"VEPMP","country":"Venezuela","country_code":"VEN","port_type":"Sea"},"geometry":{"type":"Point","coordinates":[-63.81914,10.97748]}},{"type":"Feature","id":815,"properties":{"name":"Jimenez","code":"PHJNZ","country":"Philippines","country_code":"PHL","port_type":"Sea"},"geometry":{"type":"Point","coordinates":[123.85658,8.33247]}},{"type":"Feature","id":816,"properties":{"name":"Wenzhou","code":"CNWNZ","country":"China","country_code":"CHN","port_type":"Sea"},"geometry":{"type":"Point","coordinates":[120.80708,27.96918]}},{"type":"Feature","id":817,"properties":{"name":"Hamada","code":"JPHMD","country":"Japan","country_code":"JPN","port_type":"Sea"},"geometry":{"type":"Point","coordinates":[132.06322,34.88376]}},{"type":"Feature","id":818,"properties":{"name":"Edincik","code":"TREDK","country":"Turkey","country_code":"TUR","port_type":"Sea"},"geometry":{"type":"Point","coordinates":[27.86879,40.36566]}},{"type":"Feature","id":819,"properties":{"name":"Mangalia","code":"ROMAG","country":"Romania","country_code":"ROU","port_type":"Sea"},"geometry":{"type":"Point","coordinates":[28.58539,43.80999]}},{"type":"Feature","id":820,"properties":{"name":"Rapid Bay","code":"AURAB","country":"Australia","country_code":"AUS","port_type":"Sea"},"geometry":{"type":"Point","coordinates":[138.19019,-35.52642]}},{"type":"Feature","id":821,"properties":{"name":"Port Pirie","code":"AUPPI","country":"Australia","country_code":"AUS","port_type":"Sea"},"geometry":{"type":"Point","coordinates":[138.01269,-33.17085]}},{"type":"Feature","id":822,"properties":{"name":"Port Augusta","code":"AUPUG","country":"Australia","country_code":"AUS","port_type":"Sea"},"geometry":{"type":"Point","coordinates":[137.76029,-32.49392]}},{"type":"Feature","id":823,"properties":{"name":"Geraldton","code":"AUGET","country":"Australia","country_code":"AUS","port_type":"Sea"},"geometry":{"type":"Point","coordinates":[114.59219,-28.77672]}},{"type":"Feature","id":824,"properties":{"name":"Aburatsu","code":"JPABU","country":"Japan","country_code":"JPN","port_type":"Sea"},"geometry":{"type":"Point","coordinates":[131.40873,31.57224]}},{"type":"Feature","id":825,"properties":{"name":"Minamata","code":"JPMIN","country":"Japan","country_code":"JPN","port_type":"Sea"},"geometry":{"type":"Point","coordinates":[130.39991,32.21901]}},{"type":"Feature","id":826,"properties":{"name":"Sasebo","code":"JPSSB","country":"Japan","country_code":"JPN","port_type":"Sea"},"geometry":{"type":"Point","coordinates":[129.72268,33.16377]}},{"type":"Feature","id":827,"properties":{"name":"Karatsu","code":"JPKAR","country":"Japan","country_code":"JPN","port_type":"Sea"},"geometry":{"type":"Point","coordinates":[129.95937,33.46868]}},{"type":"Feature","id":828,"properties":{"name":"Akkeshi","code":"JPAKE","country":"Japan","country_code":"JPN","port_type":"Sea"},"geometry":{"type":"Point","coordinates":[144.84843,43.04502]}},{"type":"Feature","id":829,"properties":{"name":"Darwin","code":"AUDRW","country":"Australia","country_code":"AUS","port_type":"Sea"},"geometry":{"type":"Point","coordinates":[130.84742,-12.46467]}},{"type":"Feature","id":830,"properties":{"name":"Tanjong Pagar","code":"SGTPG","country":"Singapore","country_code":"SGP","port_type":"Sea"},"geometry":{"type":"Point","coordinates":[103.84073,1.2674]}},{"type":"Feature","id":831,"properties":{"name":"Semporna","code":"MYSMM","country":"Malaysia","country_code":"MYS","port_type":"Sea"},"geometry":{"type":"Point","coordinates":[118.6081,4.47823]}},{"type":"Feature","id":832,"properties":{"name":"Bandar Seri Begawan","code":"BNBWN","country":"Brunei Darussalam","country_code":"BRN","port_type":"Sea"},"geometry":{"type":"Point","coordinates":[114.951,4.87558]}},{"type":"Feature","id":833,"properties":{"name":"Paranam","code":"SRPRM","country":"Suriname","country_code":"SUR","port_type":"Sea"},"geometry":{"type":"Point","coordinates":[-55.08756,5.60895]}},{"type":"Feature","id":834,"properties":{"name":"Bartica","code":"GYGFO","country":"Guyana","country_code":"GUY","port_type":"Sea"},"geometry":{"type":"Point","coordinates":[-58.62054,6.3964]}},{"type":"Feature","id":835,"properties":{"name":"Port Holland","code":"PHPHD","country":"Philippines","country_code":"PHL","port_type":"Sea"},"geometry":{"type":"Point","coordinates":[121.86911,6.54593]}},{"type":"Feature","id":836,"properties":{"name":"Quilon","code":"INQUI","country":"India","country_code":"IND","port_type":"Sea"},"geometry":{"type":"Point","coordinates":[76.58332,8.87821]}},{"type":"Feature","id":837,"properties":{"name":"Tolong","code":"PHTLG","country":"Philippines","country_code":"PHL","port_type":"Sea"},"geometry":{"type":"Point","coordinates":[122.80113,9.36794]}},{"type":"Feature","id":838,"properties":{"name":"Coro","code":"VECZE","country":"Venezuela","country_code":"VEN","port_type":"Sea"},"geometry":{"type":"Point","coordinates":[-69.57089,11.45946]}},{"type":"Feature","id":839,"properties":{"name":"Cuddalore","code":"INCDL","country":"India","country_code":"IND","port_type":"Sea"},"geometry":{"type":"Point","coordinates":[79.77497,11.71659]}},{"type":"Feature","id":840,"properties":{"name":"Matsunaga","code":"JPMNG","country":"Japan","country_code":"JPN","port_type":"Sea"},"geometry":{"type":"Point","coordinates":[133.2563,34.43983]}},{"type":"Feature","id":841,"properties":{"name":"Hibi","code":"JPHIB","country":"Japan","country_code":"JPN","port_type":"Sea"},"geometry":{"type":"Point","coordinates":[133.92778,34.45187]}},{"type":"Feature","id":842,"properties":{"name":"Yokkaichi","code":"JPYKK","country":"Japan","country_code":"JPN","port_type":"Sea"},"geometry":{"type":"Point","coordinates":[136.63247,34.95443]}},{"type":"Feature","id":843,"properties":{"name":"Ishinomaki","code":"JPISM","country":"Japan","country_code":"JPN","port_type":"Sea"},"geometry":{"type":"Point","coordinates":[141.28636,38.41709]}},{"type":"Feature","id":844,"properties":{"name":"Dalian","code":"CNDLC","country":"China","country_code":"CHN","port_type":"Sea"},"geometry":{"type":"Point","coordinates":[121.6025,38.93866]}},{"type":"Feature","id":845,"properties":{"name":"Belomorsk","code":"RUBEM","country":"Russian Federation","country_code":"RUS","port_type":"Sea"},"geometry":{"type":"Point","coordinates":[34.7845,64.52839]}},{"type":"Feature","id":846,"properties":{"name":"Pelotas","code":"BRPET","country":"Brazil","country_code":"BRA","port_type":"River"},"geometry":{"type":"Point","coordinates":[-52.33336,-31.78186]}},{"type":"Feature","id":847,"properties":{"name":"Puerto Ayacucho","code":"VEPYH","country":"Venezuela","country_code":"VEN","port_type":"River"},"geometry":{"type":"Point","coordinates":[-67.61645,5.69592]}},{"type":"Feature","id":848,"properties":{"name":"Anqing","code":"CNAQG","country":"China","country_code":"CHN","port_type":"River"},"geometry":{"type":"Point","coordinates":[117.02234,30.50505]}},{"type":"Feature","id":849,"properties":{"name":"Tongling","code":"CNTOL","country":"China","country_code":"CHN","port_type":"River"},"geometry":{"type":"Point","coordinates":[117.77275,30.98313]}},{"type":"Feature","id":850,"properties":{"name":"Santos","code":"BRSSZ","country":"Brazil","country_code":"BRA","port_type":"Sea"},"geometry":{"type":"Point","coordinates":[-46.29356,-23.96263]}},{"type":"Feature","id":851,"properties":{"name":"Puerto Caldera","code":"CRCAL","country":"","country_code":"CRI","port_type":"Sea"},"geometry":{"type":"Point","coordinates":[-84.71524,9.91275]}},{"type":"Feature","id":852,"properties":{"name":"Lazaro Cardenas","code":"MXLZC","country":"Mexico","country_code":"MEX","port_type":"Sea"},"geometry":{"type":"Point","coordinates":[-102.17372,17.95308]}},{"type":"Feature","id":853,"properties":{"name":"Manzanillo","code":"MXZLO","country":"Mexico","country_code":"MEX","port_type":"Sea"},"geometry":{"type":"Point","coordinates":[-104.31505,19.053]}},{"type":"Feature","id":854,"properties":{"name":"Mazatlan","code":"MXMZT","country":"Mexico","country_code":"MEX","port_type":"Sea"},"geometry":{"type":"Point","coordinates":[-106.42091,23.18716]}},{"type":"Feature","id":855,"properties":{"name":"Quequen","code":"ARQQN","country":"Argentina","country_code":"ARG","port_type":"Sea"},"geometry":{"type":"Point","coordinates":[-58.70127,-38.57627]}},{"type":"Feature","id":856,"properties":{"name":"Itajai","code":"BRITJ","country":"Brazil","country_code":"BRA","port_type":"Sea"},"geometry":{"type":"Point","coordinates":[-48.655,-26.91097]}},{"type":"Feature","id":857,"properties":{"name":"Antofagasta","code":"CLANF","country":"Chile","country_code":"CHL","port_type":"Sea"},"geometry":{"type":"Point","coordinates":[-70.40326,-23.6492]}},{"type":"Feature","id":858,"properties":{"name":"Vitoria","code":"BRVIX","country":"","country_code":"BRA","port_type":"Sea"},"geometry":{"type":"Point","coordinates":[-40.33729,-20.32233]}},{"type":"Feature","id":859,"properties":{"name":"Mahanoro","code":"MGVVB","country":"Madagascar","country_code":"MDG","port_type":"Sea"},"geometry":{"type":"Point","coordinates":[48.8008,-19.89986]}},{"type":"Feature","id":860,"properties":{"name":"Cristobal","code":"PACTB","country":"Panama","country_code":"PAN","port_type":"Sea"},"geometry":{"type":"Point","coordinates":[-79.90726,9.33755]}},{"type":"Feature","id":861,"properties":{"name":"Quemchi","code":"CLQMC","country":"Chile","country_code":"CHL","port_type":"Sea"},"geometry":{"type":"Point","coordinates":[-73.47714,-42.14249]}},{"type":"Feature","id":862,"properties":{"name":"Cotabato","code":"PHCBO","country":"","country_code":"PHL","port_type":"Sea"},"geometry":{"type":"Point","coordinates":[124.2012,7.25253]}},{"type":"Feature","id":863,"properties":{"name":"La Libertad","code":"SVLLD","country":"El Salvador","country_code":"SLV","port_type":"Sea"},"geometry":{"type":"Point","coordinates":[-89.3193,13.48703]}},{"type":"Feature","id":864,"properties":{"name":"Finike","code":"TRFIN","country":"Turkey","country_code":"TUR","port_type":"Sea"},"geometry":{"type":"Point","coordinates":[30.14774,36.29548]}},{"type":"Feature","id":865,"properties":{"name":"Christiansted","code":"VICTD","country":"United States Virgin Islands","country_code":"VIR","port_type":"Sea"},"geometry":{"type":"Point","coordinates":[-64.69746,17.7475]}},{"type":"Feature","id":866,"properties":{"name":"Nueva Palmira","code":"UYNVP","country":"Uruguay","country_code":"URY","port_type":"Sea"},"geometry":{"type":"Point","coordinates":[-58.41582,-33.87046]}},{"type":"Feature","id":867,"properties":{"name":"Tocopilla","code":"CLTOQ","country":"Chile","country_code":"CHL","port_type":"Sea"},"geometry":{"type":"Point","coordinates":[-70.2089,-22.09614]}},{"type":"Feature","id":868,"properties":{"name":"Carupano","code":"VECUP","country":"Venezuela","country_code":"VEN","port_type":"Sea"},"geometry":{"type":"Point","coordinates":[-63.24283,10.6742]}},{"type":"Feature","id":869,"properties":{"name":"Coatzacoalcos","code":"MXCOA","country":"Mexico","country_code":"MEX","port_type":"Sea"},"geometry":{"type":"Point","coordinates":[-94.41634,18.13229]}},{"type":"Feature","id":870,"properties":{"name":"Mayaguez","code":"PRMAZ","country":"","country_code":"PRI","port_type":"Sea"},"geometry":{"type":"Point","coordinates":[-67.15729,18.21608]}},{"type":"Feature","id":871,"properties":{"name":"Andros Town","code":"BSASD","country":"Bahamas","country_code":"BHS","port_type":"Sea"},"geometry":{"type":"Point","coordinates":[-77.78554,24.72414]}},{"type":"Feature","id":872,"properties":{"name":"Nassau","code":"BSNAS","country":"Bahamas","country_code":"BHS","port_type":"Sea"},"geometry":{"type":"Point","coordinates":[-77.32629,25.07489]}},{"type":"Feature","id":873,"properties":{"name":"Gorele","code":"TRGOR","country":"","country_code":"TUR","port_type":"Sea"},"geometry":{"type":"Point","coordinates":[39.00122,41.03658]}},{"type":"Feature","id":874,"properties":{"name":"Campana","code":"ARCMP","country":"Argentina","country_code":"ARG","port_type":"River"},"geometry":{"type":"Point","coordinates":[-58.95209,-34.15498]}},{"type":"Feature","id":875,"properties":{"name":"Zarate","code":"ARZAE","country":"Argentina","country_code":"ARG","port_type":"River"},"geometry":{"type":"Point","coordinates":[-58.98641,-34.11436]}},{"type":"Feature","id":876,"properties":{"name":"Rosario","code":"ARROS","country":"Argentina","country_code":"ARG","port_type":"River"},"geometry":{"type":"Point","coordinates":[-60.61863,-32.977]}},{"type":"Feature","id":877,"properties":{"name":"Pekalongan","code":"IDPEX","country":"Indonesia","country_code":"IDN","port_type":"Sea"},"geometry":{"type":"Point","coordinates":[109.69192,-6.85925]}},{"type":"Feature","id":878,"properties":{"name":"Luwuk","code":"IDLUW","country":"","country_code":"IDN","port_type":"Sea"},"geometry":{"type":"Point","coordinates":[122.79624,-0.9534]}},{"type":"Feature","id":879,"properties":{"name":"Matanzas","code":"CUQMA","country":"","country_code":"CUB","port_type":"Sea"},"geometry":{"type":"Point","coordinates":[-81.54034,23.0655]}},{"type":"Feature","id":880,"properties":{"name":"Diamante","code":"ARDME","country":"Argentina","country_code":"ARG","port_type":"River"},"geometry":{"type":"Point","coordinates":[-60.6453,-32.05854]}},{"type":"Feature","id":881,"properties":{"name":"Eccles","code":"GBECS","country":"U.K. of Great Britain and Northern Ireland","country_code":"GBR","port_type":"Sea"},"geometry":{"type":"Point","coordinates":[-2.33868,53.47829]}},{"type":"Feature","id":882,"properties":{"name":"Castro","code":"CLWCA","country":"Chile","country_code":"CHL","port_type":"Sea"},"geometry":{"type":"Point","coordinates":[-73.75895,-42.4808]}},{"type":"Feature","id":883,"properties":{"name":"Arica","code":"CLARI","country":"Chile","country_code":"CHL","port_type":"Sea"},"geometry":{"type":"Point","coordinates":[-70.3223,-18.47636]}},{"type":"Feature","id":884,"properties":{"name":"Doha","code":"QADOH","country":"","country_code":"QAT","port_type":"Sea"},"geometry":{"type":"Point","coordinates":[51.54923,25.2971]}},{"type":"Feature","id":885,"properties":{"name":"Port Harcourt","code":"NGPHC","country":"Nigeria","country_code":"NGA","port_type":"Sea"},"geometry":{"type":"Point","coordinates":[7.00264,4.77544]}},{"type":"Feature","id":886,"properties":{"name":"Buchanan","code":"LRUCN","country":"","country_code":"LBR","port_type":"Sea"},"geometry":{"type":"Point","coordinates":[-10.0501,5.85867]}},{"type":"Feature","id":887,"properties":{"name":"Ziguinchor","code":"SNZIG","country":"Senegal","country_code":"SEN","port_type":"River"},"geometry":{"type":"Point","coordinates":[-16.2682,12.58787]}},{"type":"Feature","id":888,"properties":{"name":"Kpeme","code":"TGKPE","country":"Togo","country_code":"TGO","port_type":"Sea"},"geometry":{"type":"Point","coordinates":[1.51489,6.2095]}},{"type":"Feature","id":889,"properties":{"name":"Jask","code":"IRJAK","country":"Iran  (Islamic Republic of)","country_code":"IRN","port_type":"Sea"},"geometry":{"type":"Point","coordinates":[57.76687,25.64535]}},{"type":"Feature","id":890,"properties":{"name":"Wilhelmshaven","code":"DEWVN","country":"","country_code":"DEU","port_type":"Sea"},"geometry":{"type":"Point","coordinates":[8.16336,53.5275]}},{"type":"Feature","id":891,"properties":{"name":"Fleetwood","code":"GBFLE","country":"U.K. of Great Britain and Northern Ireland","country_code":"GBR","port_type":"Sea"},"geometry":{"type":"Point","coordinates":[-3.00947,53.91786]}},{"type":"Feature","id":892,"properties":{"name":"Iskenderun","code":"TRISK","country":"Turkey","country_code":"TUR","port_type":"Sea"},"geometry":{"type":"Point","coordinates":[36.18749,36.5935]}},{"type":"Feature","id":893,"properties":{"name":"Bangor","code":"GBBNG","country":"U.K. of Great Britain and Northern Ireland","country_code":"GBR","port_type":"Sea"},"geometry":{"type":"Point","coordinates":[-5.66821,54.66468]}},{"type":"Feature","id":894,"properties":{"name":"Gelting","code":"DEGEL","country":"Germany","country_code":"DEU","port_type":"Sea"},"geometry":{"type":"Point","coordinates":[9.878,54.75585]}},{"type":"Feature","id":895,"properties":{"name":"Torekov","code":"SETOV","country":"Sweden","country_code":"SWE","port_type":"Sea"},"geometry":{"type":"Point","coordinates":[12.6318,56.42821]}},{"type":"Feature","id":896,"properties":{"name":"Coleraine","code":"GBCLR","country":"U.K. of Great Britain and Northern Ireland","country_code":"GBR","port_type":"Sea"},"geometry":{"type":"Point","coordinates":[-6.67533,55.14429]}},{"type":"Feature","id":897,"properties":{"name":"Sakskobing","code":"DKSAX","country":"Denmark","country_code":"DNK","port_type":"Sea"},"geometry":{"type":"Point","coordinates":[11.63648,54.80237]}},{"type":"Feature","id":898,"properties":{"name":"Horsens","code":"DKHOR","country":"Denmark","country_code":"DNK","port_type":"Sea"},"geometry":{"type":"Point","coordinates":[9.86,55.85679]}},{"type":"Feature","id":899,"properties":{"name":"Aberdeen","code":"GBABD","country":"U.K. of Great Britain and Northern Ireland","country_code":"GBR","port_type":"Sea"},"geometry":{"type":"Point","coordinates":[-2.08749,57.14469]}},{"type":"Feature","id":900,"properties":{"name":"Halden","code":"NOHAL","country":"Norway","country_code":"NOR","port_type":"Sea"},"geometry":{"type":"Point","coordinates":[11.37106,59.11839]}},{"type":"Feature","id":901,"properties":{"name":"Fredrikstad","code":"NOFRK","country":"Norway","country_code":"NOR","port_type":"Sea"},"geometry":{"type":"Point","coordinates":[10.9219,59.21062]}},{"type":"Feature","id":902,"properties":{"name":"Vanersborg","code":"SEVAN","country":"Sweden","country_code":"SWE","port_type":"Sea"},"geometry":{"type":"Point","coordinates":[12.3172,58.38356]}},{"type":"Feature","id":903,"properties":{"name":"Port Esquivel","code":"JMPEV","country":"Jamaica","country_code":"JAM","port_type":"Sea"},"geometry":{"type":"Point","coordinates":[-77.13249,17.89081]}},{"type":"Feature","id":904,"properties":{"name":"Skogby","code":"FISKB","country":"Finland","country_code":"FIN","port_type":"Sea"},"geometry":{"type":"Point","coordinates":[23.30967,59.91814]}},{"type":"Feature","id":905,"properties":{"name":"Hallstavik","code":"SEHAK","country":"Sweden","country_code":"SWE","port_type":"Sea"},"geometry":{"type":"Point","coordinates":[18.59772,60.06023]}},{"type":"Feature","id":906,"properties":{"name":"Rauma","code":"FIRAU","country":"Finland","country_code":"FIN","port_type":"Sea"},"geometry":{"type":"Point","coordinates":[21.45818,61.12755]}},{"type":"Feature","id":907,"properties":{"name":"Hudiksvall","code":"SEHUV","country":"Sweden","country_code":"SWE","port_type":"Sea"},"geometry":{"type":"Point","coordinates":[17.11263,61.72441]}},{"type":"Feature","id":908,"properties":{"name":"Tornio","code":"FITOR","country":"Sweden","country_code":"SWE","port_type":"Sea"},"geometry":{"type":"Point","coordinates":[24.15261,65.85204]}},{"type":"Feature","id":909,"properties":{"name":"Batskarsnas","code":"SEBAT","country":"Sweden","country_code":"SWE","port_type":"Sea"},"geometry":{"type":"Point","coordinates":[23.42665,65.78675]}},{"type":"Feature","id":910,"properties":{"name":"Sete","code":"FRSET","country":"France","country_code":"FRA","port_type":"Sea"},"geometry":{"type":"Point","coordinates":[3.70148,43.40707]}},{"type":"Feature","id":911,"properties":{"name":"Trollhattan","code":"SETHN","country":"Sweden","country_code":"SWE","port_type":"Sea"},"geometry":{"type":"Point","coordinates":[12.30472,58.29849]}},{"type":"Feature","id":912,"properties":{"name":"Batroun","code":"","country":"","country_code":"LBN","port_type":"Unknown"},"geometry":{"type":"Point","coordinates":[35.65675,34.25713]}},{"type":"Feature","id":913,"properties":{"name":"Tumaco","code":"COTCO","country":"","country_code":"COL","port_type":"Sea"},"geometry":{"type":"Point","coordinates":[-78.73142,1.81906]}},{"type":"Feature","id":914,"properties":{"name":"Kalianget","code":"IDKAT","country":"Indonesia","country_code":"IDN","port_type":"Sea"},"geometry":{"type":"Point","coordinates":[113.94658,-7.04475]}},{"type":"Feature","id":915,"properties":{"name":"Bontang","code":"IDBXT","country":"","country_code":"IDN","port_type":"Sea"},"geometry":{"type":"Point","coordinates":[117.48763,0.08553]}},{"type":"Feature","id":916,"properties":{"name":"Nouadhibou","code":"MRNDB","country":"Mauritania","country_code":"MRT","port_type":"Sea"},"geometry":{"type":"Point","coordinates":[-17.0403,20.91411]}},{"type":"Feature","id":917,"properties":{"name":"Guayabal","code":"CUGYB","country":"","country_code":"CUB","port_type":"Sea"},"geometry":{"type":"Point","coordinates":[-77.61715,20.68881]}},{"type":"Feature","id":918,"properties":{"name":"Casilda","code":"CUCAS","country":"","country_code":"CUB","port_type":"Sea"},"geometry":{"type":"Point","coordinates":[-79.98983,21.75277]}},{"type":"Feature","id":919,"properties":{"name":"Ilo","code":"PEILQ","country":"","country_code":"PER","port_type":"Sea"},"geometry":{"type":"Point","coordinates":[-71.34957,-17.64997]}},{"type":"Feature","id":920,"properties":{"name":"Pisco","code":"PEPIO","country":"","country_code":"PER","port_type":"Sea"},"geometry":{"type":"Point","coordinates":[-76.21872,-13.70989]}},{"type":"Feature","id":921,"properties":{"name":"Daru","code":"PGDAU","country":"Papua New Guinea","country_code":"PNG","port_type":"Unknown"},"geometry":{"type":"Point","coordinates":[143.21051,-9.06787]}},{"type":"Feature","id":922,"properties":{"name":"Port Credit","code":"CAPCR","country":"Canada","country_code":"CAN","port_type":"Lake"},"geometry":{"type":"Point","coordinates":[-79.58368,43.55165]}},{"type":"Feature","id":923,"properties":{"name":"Belleville","code":"CABLV","country":"Canada","country_code":"CAN","port_type":"Lake"},"geometry":{"type":"Point","coordinates":[-77.37747,44.15532]}},{"type":"Feature","id":924,"properties":{"name":"El Berbara","code":"","country":"","country_code":"LBN","port_type":"Unknown"},"geometry":{"type":"Point","coordinates":[35.63294,34.19237]}},{"type":"Feature","id":925,"properties":{"name":"Kawaihae","code":"USKWH","country":"","country_code":"USA","port_type":"Sea"},"geometry":{"type":"Point","coordinates":[-155.82664,20.03518]}},{"type":"Feature","id":926,"properties":{"name":"Rumonge","code":"","country":"Burundi","country_code":"BDI","port_type":"River"},"geometry":{"type":"Point","coordinates":[29.43594,-3.97865]}},{"type":"Feature","id":927,"properties":{"name":"Panama City","code":"USPFN","country":"United States of America","country_code":"USA","port_type":"Sea"},"geometry":{"type":"Point","coordinates":[-85.66429,30.15229]}},{"type":"Feature","id":928,"properties":{"name":"Moss Landing","code":"USMLG","country":"United States of America","country_code":"USA","port_type":"Sea"},"geometry":{"type":"Point","coordinates":[-121.7859,36.80028]}},{"type":"Feature","id":929,"properties":{"name":"Richmond","code":"USRCH","country":"United States of America","country_code":"USA","port_type":"Sea"},"geometry":{"type":"Point","coordinates":[-122.38973,37.94813]}},{"type":"Feature","id":930,"properties":{"name":"Fenit","code":"IEFEN","country":"Ireland","country_code":"IRL","port_type":"Sea"},"geometry":{"type":"Point","coordinates":[-9.86482,52.27757]}},{"type":"Feature","id":931,"properties":{"name":"Portland","code":"","country":"United States of America","country_code":"USA","port_type":"Unknown"},"geometry":{"type":"Point","coordinates":[-122.71282,45.56364]}},{"type":"Feature","id":932,"properties":{"name":"Bumbuli","code":"","country":"Democratic Republic of the Congo","country_code":"COD","port_type":"River"},"geometry":{"type":"Point","coordinates":[20.45982,-3.39396]}},{"type":"Feature","id":933,"properties":{"name":"Bisenge","code":"","country":"Democratic Republic of the Congo","country_code":"COD","port_type":"River"},"geometry":{"type":"Point","coordinates":[19.78725,-3.42477]}},{"type":"Feature","id":934,"properties":{"name":"Tubod","code":"","country":"","country_code":"PHL","port_type":"Sea"},"geometry":{"type":"Point","coordinates":[123.78983,8.05564]}},{"type":"Feature","id":935,"properties":{"name":"Westwego","code":"USWWO","country":"United States of America","country_code":"USA","port_type":"Sea"},"geometry":{"type":"Point","coordinates":[-90.13933,29.91192]}},{"type":"Feature","id":936,"properties":{"name":"Chandler","code":"CACHR","country":"Canada","country_code":"CAN","port_type":"Sea"},"geometry":{"type":"Point","coordinates":[-64.6604,48.34663]}},{"type":"Feature","id":937,"properties":{"name":"Victoria","code":"CAVIC","country":"Canada","country_code":"CAN","port_type":"Sea"},"geometry":{"type":"Point","coordinates":[-123.3689,48.43483]}},{"type":"Feature","id":938,"properties":{"name":"Nawiliwili","code":"USNWL","country":"United States of America","country_code":"USA","port_type":"Sea"},"geometry":{"type":"Point","coordinates":[-159.35949,21.95088]}},{"type":"Feature","id":939,"properties":{"name":"Kikwit","code":"","country":"Democratic Republic of the Congo","country_code":"COD","port_type":"River"},"geometry":{"type":"Point","coordinates":[18.83855,-5.0466]}},{"type":"Feature","id":940,"properties":{"name":"Dekese","code":"","country":"Democratic Republic of the Congo","country_code":"COD","port_type":"River"},"geometry":{"type":"Point","coordinates":[21.37175,-3.49127]}},{"type":"Feature","id":941,"properties":{"name":"Brownsville","code":"USBRO","country":"United States of America","country_code":"USA","port_type":"Sea"},"geometry":{"type":"Point","coordinates":[-97.49374,25.89873]}},{"type":"Feature","id":942,"properties":{"name":"Santa Clara","code":"USSCZ","country":"United States of America","country_code":"USA","port_type":"Sea"},"geometry":{"type":"Point","coordinates":[-121.98066,37.42916]}},{"type":"Feature","id":943,"properties":{"name":"Stockton","code":"USSCK","country":"United States of America","country_code":"USA","port_type":"Sea"},"geometry":{"type":"Point","coordinates":[-121.32441,37.95057]}},{"type":"Feature","id":944,"properties":{"name":"Oarai","code":"","country":"Japan","country_code":"JPN","port_type":"Sea"},"geometry":{"type":"Point","coordinates":[140.57422,36.30985]}},{"type":"Feature","id":945,"properties":{"name":"Boca Chica","code":"DOBCC","country":"Dominican Republic","country_code":"DOM","port_type":"Sea"},"geometry":{"type":"Point","coordinates":[-69.63022,18.42139]}},{"type":"Feature","id":946,"properties":{"name":"Norfolk","code":"","country":"United States of America","country_code":"USA","port_type":"Unknown"},"geometry":{"type":"Point","coordinates":[-76.31627,36.86882]}},{"type":"Feature","id":947,"properties":{"name":"Invergordon","code":"GBIVG","country":"U.K. of Great Britain and Northern Ireland","country_code":"GBR","port_type":"Sea"},"geometry":{"type":"Point","coordinates":[-4.17668,57.68864]}},{"type":"Feature","id":948,"properties":{"name":"Ribadeo","code":"ESRIB","country":"Spain","country_code":"ESP","port_type":"Sea"},"geometry":{"type":"Point","coordinates":[-7.03579,43.53644]}},{"type":"Feature","id":949,"properties":{"name":"Arbatax","code":"ITATX","country":"Italy","country_code":"ITA","port_type":"Sea"},"geometry":{"type":"Point","coordinates":[9.70325,39.93572]}},{"type":"Feature","id":950,"properties":{"name":"Thasos","code":"GRTSO","country":"Greece","country_code":"GRC","port_type":"Sea"},"geometry":{"type":"Point","coordinates":[24.70144,40.77924]}},{"type":"Feature","id":951,"properties":{"name":"Sligo","code":"IESLI","country":"Ireland","country_code":"IRL","port_type":"Sea"},"geometry":{"type":"Point","coordinates":[-8.482,54.27677]}},{"type":"Feature","id":952,"properties":{"name":"Gdansk","code":"PLGDN","country":"Poland","country_code":"POL","port_type":"Sea"},"geometry":{"type":"Point","coordinates":[18.69361,54.39086]}},{"type":"Feature","id":953,"properties":{"name":"Kesennuma","code":"","country":"Japan","country_code":"JPN","port_type":"Sea"},"geometry":{"type":"Point","coordinates":[141.58847,38.88738]}},{"type":"Feature","id":954,"properties":{"name":"Dartmouth","code":"GBDTM","country":"U.K. of Great Britain and Northern Ireland","country_code":"GBR","port_type":"Sea"},"geometry":{"type":"Point","coordinates":[-3.57737,50.35065]}},{"type":"Feature","id":955,"properties":{"name":"Palamos","code":"ESPAL","country":"Spain","country_code":"ESP","port_type":"Sea"},"geometry":{"type":"Point","coordinates":[3.12342,41.84941]}},{"type":"Feature","id":956,"properties":{"name":"Monkoto","code":"","country":"Democratic Republic of the Congo","country_code":"COD","port_type":"River"},"geometry":{"type":"Point","coordinates":[20.68058,-1.74939]}},{"type":"Feature","id":957,"properties":{"name":"Treguier","code":"FRTRE","country":"France","country_code":"FRA","port_type":"Sea"},"geometry":{"type":"Point","coordinates":[-3.22552,48.78906]}},{"type":"Feature","id":958,"properties":{"name":"Rota","code":"ESROT","country":"Spain","country_code":"ESP","port_type":"Sea"},"geometry":{"type":"Point","coordinates":[-6.35701,36.62046]}},{"type":"Feature","id":959,"properties":{"name":"Adra","code":"ESADR","country":"Spain","country_code":"ESP","port_type":"Sea"},"geometry":{"type":"Point","coordinates":[-3.02073,36.75016]}},{"type":"Feature","id":960,"properties":{"name":"Siracusa","code":"ITSIR","country":"Italy","country_code":"ITA","port_type":"Sea"},"geometry":{"type":"Point","coordinates":[15.29042,37.06879]}},{"type":"Feature","id":961,"properties":{"name":"Mosango","code":"","country":"Democratic Republic of the Congo","country_code":"COD","port_type":"River"},"geometry":{"type":"Point","coordinates":[18.75383,-4.7321]}},{"type":"Feature","id":962,"properties":{"name":"Grenaa","code":"DKGRE","country":"Denmark","country_code":"DNK","port_type":"Sea"},"geometry":{"type":"Point","coordinates":[10.92179,56.41422]}},{"type":"Feature","id":963,"properties":{"name":"Risor","code":"NORIS","country":"Norway","country_code":"NOR","port_type":"Sea"},"geometry":{"type":"Point","coordinates":[9.23789,58.72017]}},{"type":"Feature","id":964,"properties":{"name":"Balsta","code":"SEBAA","country":"Sweden","country_code":"SWE","port_type":"Sea"},"geometry":{"type":"Point","coordinates":[17.53598,59.5525]}},{"type":"Feature","id":965,"properties":{"name":"Boende","code":"","country":"Democratic Republic of the Congo","country_code":"COD","port_type":"River"},"geometry":{"type":"Point","coordinates":[20.87778,-0.27632]}},{"type":"Feature","id":966,"properties":{"name":"Pucallpa","code":"PEPCL","country":"Peru","country_code":"PER","port_type":"River"},"geometry":{"type":"Point","coordinates":[-74.52827,-8.38651]}},{"type":"Feature","id":967,"properties":{"name":"Imatra","code":"FIIMA","country":"Finland","country_code":"FIN","port_type":"River"},"geometry":{"type":"Point","coordinates":[28.77589,61.17056]}},{"type":"Feature","id":968,"properties":{"name":"Onitsha","code":"","country":"Nigeria","country_code":"NGA","port_type":"River"},"geometry":{"type":"Point","coordinates":[6.76535,6.13492]}},{"type":"Feature","id":969,"properties":{"name":"Jbail","code":"","country":"","country_code":"LBN","port_type":"Sea"},"geometry":{"type":"Point","coordinates":[35.64334,34.12244]}},{"type":"Feature","id":970,"properties":{"name":"Gonaives","code":"HTGVS","country":"","country_code":"HTI","port_type":"Sea"},"geometry":{"type":"Point","coordinates":[-72.7162,19.4513]}},{"type":"Feature","id":971,"properties":{"name":"Livorno","code":"ITLIV","country":"Italy","country_code":"ITA","port_type":"Sea"},"geometry":{"type":"Point","coordinates":[10.30372,43.56892]}},{"type":"Feature","id":972,"properties":{"name":"Miragoane","code":"","country":"Haiti","country_code":"HTI","port_type":"Sea"},"geometry":{"type":"Point","coordinates":[-73.1073,18.44914]}},{"type":"Feature","id":973,"properties":{"name":"San Antonio","code":"","country":"","country_code":"PHL","port_type":"Sea"},"geometry":{"type":"Point","coordinates":[124.27944,12.41214]}},{"type":"Feature","id":974,"properties":{"name":"Tonka","code":"","country":"Mali","country_code":"MLI","port_type":"River"},"geometry":{"type":"Point","coordinates":[-3.75233,16.13098]}},{"type":"Feature","id":975,"properties":{"name":"Soalala","code":"MGDWB","country":"Madagascar","country_code":"MDG","port_type":"River"},"geometry":{"type":"Point","coordinates":[45.32918,-16.10434]}},{"type":"Feature","id":976,"properties":{"name":"Cam Ranh","code":"","country":"Viet Nam","country_code":"VNM","port_type":"Sea"},"geometry":{"type":"Point","coordinates":[109.14451,11.90338]}},{"type":"Feature","id":977,"properties":{"name":"Danao","code":"","country":"Philippines","country_code":"PHL","port_type":"Sea"},"geometry":{"type":"Point","coordinates":[124.02944,10.52123]}},{"type":"Feature","id":978,"properties":{"name":"San Fernando","code":"PHSFE","country":"Philippines","country_code":"PHL","port_type":"Sea"},"geometry":{"type":"Point","coordinates":[120.30097,16.60876]}},{"type":"Feature","id":979,"properties":{"name":"Manakara","code":"MGWVK","country":"Madagascar","country_code":"MDG","port_type":"Sea"},"geometry":{"type":"Point","coordinates":[48.02051,-22.14144]}},{"type":"Feature","id":980,"properties":{"name":"Bacon","code":"","country":"Philippines","country_code":"PHL","port_type":"Sea"},"geometry":{"type":"Point","coordinates":[124.04541,13.04099]}},{"type":"Feature","id":981,"properties":{"name":"Jebel Dhanna","code":"AEJED","country":"","country_code":"ARE","port_type":"Unknown"},"geometry":{"type":"Point","coordinates":[52.62573,24.18829]}},{"type":"Feature","id":982,"properties":{"name":"Roxas","code":"","country":"","country_code":"PHL","port_type":"Sea"},"geometry":{"type":"Point","coordinates":[121.52968,12.5936]}},{"type":"Feature","id":983,"properties":{"name":"Can Tho","code":"VNVCA","country":"Viet Nam","country_code":"VNM","port_type":"River"},"geometry":{"type":"Point","coordinates":[105.83577,9.98373]}},{"type":"Feature","id":984,"properties":{"name":"De Pere","code":"USDRW","country":"United States of America","country_code":"USA","port_type":"Lake"},"geometry":{"type":"Point","coordinates":[-88.06903,44.44925]}},{"type":"Feature","id":985,"properties":{"name":"L'Anse","code":"USLAJ","country":"","country_code":"USA","port_type":"Lake"},"geometry":{"type":"Point","coordinates":[-88.45647,46.7579]}},{"type":"Feature","id":986,"properties":{"name":"Manitowoc","code":"USMTW","country":"United States of America","country_code":"USA","port_type":"Lake"},"geometry":{"type":"Point","coordinates":[-87.65146,44.08983]}},{"type":"Feature","id":987,"properties":{"name":"Kalehe","code":"","country":"Democratic Republic of the Congo","country_code":"COD","port_type":"River"},"geometry":{"type":"Point","coordinates":[28.91568,-2.10473]}},{"type":"Feature","id":988,"properties":{"name":"Bondo","code":"","country":"Democratic Republic of the Congo","country_code":"COD","port_type":"River"},"geometry":{"type":"Point","coordinates":[24.08261,-1.3551]}},{"type":"Feature","id":989,"properties":{"name":"Lotumbe","code":"","country":"Democratic Republic of the Congo","country_code":"COD","port_type":"River"},"geometry":{"type":"Point","coordinates":[19.38117,-0.47035]}},{"type":"Feature","id":990,"properties":{"name":"Bathurst","code":"CABAT","country":"Canada","country_code":"CAN","port_type":"Sea"},"geometry":{"type":"Point","coordinates":[-65.6575,47.61618]}},{"type":"Feature","id":991,"properties":{"name":"Rabaul","code":"PGRAB","country":"Papua New Guinea","country_code":"PNG","port_type":"Unknown"},"geometry":{"type":"Point","coordinates":[152.16447,-4.20197]}},{"type":"Feature","id":992,"properties":{"name":"Digby","code":"CADIG","country":"Canada","country_code":"CAN","port_type":"Sea"},"geometry":{"type":"Point","coordinates":[-65.75508,44.62631]}},{"type":"Feature","id":993,"properties":{"name":"Juneau","code":"USJNU","country":"","country_code":"USA","port_type":"Sea"},"geometry":{"type":"Point","coordinates":[-134.42728,58.30297]}},{"type":"Feature","id":994,"properties":{"name":"Yakutat","code":"USYAK","country":"United States of America","country_code":"USA","port_type":"Sea"},"geometry":{"type":"Point","coordinates":[-139.73278,59.54897]}},{"type":"Feature","id":995,"properties":{"name":"Tyonek","code":"USTYE","country":"United States of America","country_code":"USA","port_type":"Sea"},"geometry":{"type":"Point","coordinates":[-151.16775,61.04712]}},{"type":"Feature","id":996,"properties":{"name":"Hahnville","code":"USHAH","country":"United States of America","country_code":"USA","port_type":"Sea"},"geometry":{"type":"Point","coordinates":[-90.4054,29.98141]}},{"type":"Feature","id":997,"properties":{"name":"Norco","code":"USNCM","country":"United States of America","country_code":"USA","port_type":"Sea"},"geometry":{"type":"Point","coordinates":[-90.41099,29.9958]}},{"type":"Feature","id":998,"properties":{"name":"Beaumont","code":"USBPT","country":"United States of America","country_code":"USA","port_type":"Sea"},"geometry":{"type":"Point","coordinates":[-94.08789,30.0752]}},{"type":"Feature","id":999,"properties":{"name":"Savannah","code":"USSAV","country":"United States of America","country_code":"USA","port_type":"Sea"},"geometry":{"type":"Point","coordinates":[-81.10625,32.09245]}},{"type":"Feature","id":1000,"properties":{"name":"Georgetown","code":"USGGE","country":"United States of America","country_code":"USA","port_type":"Sea"},"geometry":{"type":"Point","coordinates":[-79.29113,33.36697]}},{"type":"Feature","id":1001,"properties":{"name":"Baltimore","code":"USBAL","country":"","country_code":"USA","port_type":"Sea"},"geometry":{"type":"Point","coordinates":[-76.58441,39.26738]}},{"type":"Feature","id":1002,"properties":{"name":"Gardiner","code":"USGDR","country":"United States of America","country_code":"USA","port_type":"Sea"},"geometry":{"type":"Point","coordinates":[-124.10423,43.71315]}},{"type":"Feature","id":1003,"properties":{"name":"Port Hawkesbury","code":"CAPHW","country":"Canada","country_code":"CAN","port_type":"Sea"},"geometry":{"type":"Point","coordinates":[-61.36482,45.61481]}},{"type":"Feature","id":1004,"properties":{"name":"Longview","code":"USLOG","country":"United States of America","country_code":"USA","port_type":"Sea"},"geometry":{"type":"Point","coordinates":[-122.94792,46.10456]}},{"type":"Feature","id":1005,"properties":{"name":"Palmetto","code":"USPMT","country":"United States of America","country_code":"USA","port_type":"Sea"},"geometry":{"type":"Point","coordinates":[-82.56046,27.51258]}},{"type":"Feature","id":1006,"properties":{"name":"Chemainus","code":"CACHM","country":"Canada","country_code":"CAN","port_type":"Sea"},"geometry":{"type":"Point","coordinates":[-123.71447,48.92544]}},{"type":"Feature","id":1007,"properties":{"name":"Port Arthur","code":"USPOA","country":"United States of America","country_code":"USA","port_type":"Sea"},"geometry":{"type":"Point","coordinates":[-93.95682,29.8395]}},{"type":"Feature","id":1008,"properties":{"name":"Mobile","code":"USMOB","country":"United States of America","country_code":"USA","port_type":"Sea"},"geometry":{"type":"Point","coordinates":[-88.03727,30.66704]}},{"type":"Feature","id":1009,"properties":{"name":"Cambridge","code":"USCGE","country":"","country_code":"USA","port_type":"Sea"},"geometry":{"type":"Point","coordinates":[-76.07216,38.57508]}},{"type":"Feature","id":1010,"properties":{"name":"Salem","code":"USSLM","country":"","country_code":"USA","port_type":"Sea"},"geometry":{"type":"Point","coordinates":[-70.88131,42.52272]}},{"type":"Feature","id":1011,"properties":{"name":"Parrsboro","code":"CAPAR","country":"Canada","country_code":"CAN","port_type":"Sea"},"geometry":{"type":"Point","coordinates":[-64.3191,45.39192]}},{"type":"Feature","id":1012,"properties":{"name":"Port Moody","code":"CAPMO","country":"","country_code":"CAN","port_type":"Sea"},"geometry":{"type":"Point","coordinates":[-122.86305,49.28497]}},{"type":"Feature","id":1013,"properties":{"name":"Ocean Falls","code":"CAOFA","country":"Canada","country_code":"CAN","port_type":"Sea"},"geometry":{"type":"Point","coordinates":[-127.69288,52.35257]}},{"type":"Feature","id":1014,"properties":{"name":"Bella Coola","code":"CABLC","country":"","country_code":"CAN","port_type":"Sea"},"geometry":{"type":"Point","coordinates":[-126.79524,52.37399]}},{"type":"Feature","id":1015,"properties":{"name":"Haines","code":"USHNS","country":"United States of America","country_code":"USA","port_type":"Sea"},"geometry":{"type":"Point","coordinates":[-135.44145,59.23195]}},{"type":"Feature","id":1016,"properties":{"name":"Foynes","code":"IEFOV","country":"Ireland","country_code":"IRL","port_type":"Sea"},"geometry":{"type":"Point","coordinates":[-9.10193,52.61279]}},{"type":"Feature","id":1017,"properties":{"name":"Marstal","code":"DKMRS","country":"Denmark","country_code":"DNK","port_type":"Sea"},"geometry":{"type":"Point","coordinates":[10.52236,54.85327]}},{"type":"Feature","id":1018,"properties":{"name":"Sunderland","code":"GBSUN","country":"U.K. of Great Britain and Northern Ireland","country_code":"GBR","port_type":"Sea"},"geometry":{"type":"Point","coordinates":[-1.3606,54.91372]}},{"type":"Feature","id":1019,"properties":{"name":"Oban","code":"GBOBA","country":"U.K. of Great Britain and Northern Ireland","country_code":"GBR","port_type":"Sea"},"geometry":{"type":"Point","coordinates":[-5.47656,56.41202]}},{"type":"Feature","id":1020,"properties":{"name":"Sines","code":"PTSIE","country":"Portugal","country_code":"PRT","port_type":"Sea"},"geometry":{"type":"Point","coordinates":[-8.88662,37.95336]}},{"type":"Feature","id":1021,"properties":{"name":"Arcachon","code":"FRARC","country":"France","country_code":"FRA","port_type":"Sea"},"geometry":{"type":"Point","coordinates":[-1.16885,44.66319]}},{"type":"Feature","id":1022,"properties":{"name":"Dieppe","code":"FRDPE","country":"France","country_code":"FRA","port_type":"Sea"},"geometry":{"type":"Point","coordinates":[1.08881,49.93457]}},{"type":"Feature","id":1023,"properties":{"name":"Galway","code":"IEGWY","country":"Ireland","country_code":"IRL","port_type":"Sea"},"geometry":{"type":"Point","coordinates":[-9.0512,53.26928]}},{"type":"Feature","id":1024,"properties":{"name":"Ustka","code":"PLUST","country":"Poland","country_code":"POL","port_type":"Sea"},"geometry":{"type":"Point","coordinates":[16.85242,54.58629]}},{"type":"Feature","id":1025,"properties":{"name":"Nykobing Mors","code":"DKNYM","country":"Denmark","country_code":"DNK","port_type":"Sea"},"geometry":{"type":"Point","coordinates":[8.86377,56.79282]}},{"type":"Feature","id":1026,"properties":{"name":"Oxelosund","code":"SEOXE","country":"Sweden","country_code":"SWE","port_type":"Sea"},"geometry":{"type":"Point","coordinates":[17.10592,58.66565]}},{"type":"Feature","id":1027,"properties":{"name":"Skudeneshavn","code":"NOSKU","country":"Norway","country_code":"NOR","port_type":"Sea"},"geometry":{"type":"Point","coordinates":[5.26744,59.14668]}},{"type":"Feature","id":1028,"properties":{"name":"Wyandotte","code":"USWYD","country":"United States of America","country_code":"USA","port_type":"Lake"},"geometry":{"type":"Point","coordinates":[-83.14597,42.21553]}},{"type":"Feature","id":1029,"properties":{"name":"Hydaburg","code":"USHYG","country":"","country_code":"USA","port_type":"Sea"},"geometry":{"type":"Point","coordinates":[-132.82368,55.20279]}},{"type":"Feature","id":1030,"properties":{"name":"Kilwa Masoko","code":"TZKIM","country":"United Republic of Tanzania","country_code":"TZA","port_type":"Sea"},"geometry":{"type":"Point","coordinates":[39.50803,-8.9396]}},{"type":"Feature","id":1031,"properties":{"name":"Rorvik","code":"NORVK","country":"Norway","country_code":"NOR","port_type":"Sea"},"geometry":{"type":"Point","coordinates":[11.23102,64.86048]}},{"type":"Feature","id":1032,"properties":{"name":"Seaham","code":"GBSEA","country":"U.K. of Great Britain and Northern Ireland","country_code":"GBR","port_type":"Sea"},"geometry":{"type":"Point","coordinates":[-1.32966,54.83824]}},{"type":"Feature","id":1033,"properties":{"name":"Sharpness","code":"GBSSS","country":"U.K. of Great Britain and Northern Ireland","country_code":"GBR","port_type":"Sea"},"geometry":{"type":"Point","coordinates":[-2.47518,51.72159]}},{"type":"Feature","id":1034,"properties":{"name":"Hartlepool","code":"GBHTP","country":"U.K. of Great Britain and Northern Ireland","country_code":"GBR","port_type":"Sea"},"geometry":{"type":"Point","coordinates":[-1.20539,54.69663]}},{"type":"Feature","id":1035,"properties":{"name":"Monfalcone","code":"ITMNF","country":"Italy","country_code":"ITA","port_type":"Sea"},"geometry":{"type":"Point","coordinates":[13.54282,45.79343]}},{"type":"Feature","id":1036,"properties":{"name":"Strasbourg","code":"FRSXB","country":"France","country_code":"FRA","port_type":"Sea"},"geometry":{"type":"Point","coordinates":[7.78828,48.58066]}},{"type":"Feature","id":1037,"properties":{"name":"Abbeville","code":"FRABB","country":"France","country_code":"FRA","port_type":"Sea"},"geometry":{"type":"Point","coordinates":[1.82755,50.10167]}},{"type":"Feature","id":1038,"properties":{"name":"Fowey","code":"GBFOY","country":"U.K. of Great Britain and Northern Ireland","country_code":"GBR","port_type":"Sea"},"geometry":{"type":"Point","coordinates":[-4.63446,50.33523]}},{"type":"Feature","id":1039,"properties":{"name":"Teignmouth","code":"GBTNM","country":"U.K. of Great Britain and Northern Ireland","country_code":"GBR","port_type":"Sea"},"geometry":{"type":"Point","coordinates":[-3.50118,50.54623]}},{"type":"Feature","id":1040,"properties":{"name":"Cowes","code":"GBCOW","country":"U.K. of Great Britain and Northern Ireland","country_code":"GBR","port_type":"Sea"},"geometry":{"type":"Point","coordinates":[-1.3005,50.7621]}},{"type":"Feature","id":1041,"properties":{"name":"Fawley","code":"GBFAW","country":"U.K. of Great Britain and Northern Ireland","country_code":"GBR","port_type":"Sea"},"geometry":{"type":"Point","coordinates":[-1.34399,50.83919]}},{"type":"Feature","id":1042,"properties":{"name":"Purfleet","code":"GBPFT","country":"U.K. of Great Britain and Northern Ireland","country_code":"GBR","port_type":"Sea"},"geometry":{"type":"Point","coordinates":[0.24459,51.47445]}},{"type":"Feature","id":1043,"properties":{"name":"Oosterhout","code":"NLOOS","country":"Netherlands","country_code":"NLD","port_type":"Sea"},"geometry":{"type":"Point","coordinates":[4.85058,51.66599]}},{"type":"Feature","id":1044,"properties":{"name":"Dordrecht","code":"NLDOR","country":"Netherlands","country_code":"NLD","port_type":"Sea"},"geometry":{"type":"Point","coordinates":[4.64499,51.79266]}},{"type":"Feature","id":1045,"properties":{"name":"Wivenhoe","code":"GBWIV","country":"U.K. of Great Britain and Northern Ireland","country_code":"GBR","port_type":"Sea"},"geometry":{"type":"Point","coordinates":[0.96349,51.85308]}},{"type":"Feature","id":1046,"properties":{"name":"Mistley","code":"GBMIS","country":"U.K. of Great Britain and Northern Ireland","country_code":"GBR","port_type":"Sea"},"geometry":{"type":"Point","coordinates":[1.08225,51.94393]}},{"type":"Feature","id":1047,"properties":{"name":"Varberg","code":"SEVAG","country":"Sweden","country_code":"SWE","port_type":"Sea"},"geometry":{"type":"Point","coordinates":[12.24653,57.1073]}},{"type":"Feature","id":1048,"properties":{"name":"Fosdyke","code":"GBFDK","country":"U.K. of Great Britain and Northern Ireland","country_code":"GBR","port_type":"Sea"},"geometry":{"type":"Point","coordinates":[-0.04164,52.87184]}},{"type":"Feature","id":1049,"properties":{"name":"Pulupandan","code":"PHPUL","country":"","country_code":"PHL","port_type":"Sea"},"geometry":{"type":"Point","coordinates":[122.79597,10.51976]}},{"type":"Feature","id":1050,"properties":{"name":"Funabashi","code":"JPOGA","country":"Japan","country_code":"JPN","port_type":"Sea"},"geometry":{"type":"Point","coordinates":[139.97735,35.6837]}},{"type":"Feature","id":1051,"properties":{"name":"Hatsukaichi","code":"JPAKT","country":"Japan","country_code":"JPN","port_type":"Sea"},"geometry":{"type":"Point","coordinates":[132.34183,34.34854]}},{"type":"Feature","id":1052,"properties":{"name":"Tangier","code":"MATNG","country":"Morocco","country_code":"MAR","port_type":"Sea"},"geometry":{"type":"Point","coordinates":[-5.80628,35.78242]}},{"type":"Feature","id":1053,"properties":{"name":"Shimonoseki","code":"JPSHS","country":"Japan","country_code":"JPN","port_type":"Sea"},"geometry":{"type":"Point","coordinates":[130.92484,33.94069]}},{"type":"Feature","id":1054,"properties":{"name":"Tokuyama","code":"JPTKY","country":"Japan","country_code":"JPN","port_type":"Sea"},"geometry":{"type":"Point","coordinates":[131.80316,34.04416]}},{"type":"Feature","id":1055,"properties":{"name":"Talasea","code":"PGTLW","country":"","country_code":"PNG","port_type":"Unknown"},"geometry":{"type":"Point","coordinates":[150.03325,-5.30028]}},{"type":"Feature","id":1056,"properties":{"name":"Akaroa","code":"NZAKA","country":"","country_code":"NZL","port_type":"Sea"},"geometry":{"type":"Point","coordinates":[172.9613,-43.80943]}},{"type":"Feature","id":1057,"properties":{"name":"Hobart","code":"AUHBA","country":"Australia","country_code":"AUS","port_type":"Sea"},"geometry":{"type":"Point","coordinates":[147.33205,-42.8835]}},{"type":"Feature","id":1058,"properties":{"name":"Thames","code":"NZTMZ","country":"New Zealand","country_code":"NZL","port_type":"Sea"},"geometry":{"type":"Point","coordinates":[175.54689,-37.14873]}},{"type":"Feature","id":1059,"properties":{"name":"Rio Grande","code":"BRRIG","country":"","country_code":"BRA","port_type":"Sea"},"geometry":{"type":"Point","coordinates":[-52.07476,-32.04858]}},{"type":"Feature","id":1060,"properties":{"name":"Mourilyan","code":"AUMOU","country":"Australia","country_code":"AUS","port_type":"Sea"},"geometry":{"type":"Point","coordinates":[146.12485,-17.59912]}},{"type":"Feature","id":1061,"properties":{"name":"Bakapit","code":"MYBKP","country":"Malaysia","country_code":"MYS","port_type":"Sea"},"geometry":{"type":"Point","coordinates":[118.58633,4.95262]}},{"type":"Feature","id":1062,"properties":{"name":"Catbalogan","code":"PHCTS","country":"Philippines","country_code":"PHL","port_type":"Sea"},"geometry":{"type":"Point","coordinates":[124.88078,11.77391]}},{"type":"Feature","id":1063,"properties":{"name":"Tagbilaran","code":"PHTAG","country":"","country_code":"PHL","port_type":"Sea"},"geometry":{"type":"Point","coordinates":[123.85055,9.64892]}},{"type":"Feature","id":1064,"properties":{"name":"Beihai","code":"CNBHY","country":"China","country_code":"CHN","port_type":"Sea"},"geometry":{"type":"Point","coordinates":[109.06403,21.47172]}},{"type":"Feature","id":1065,"properties":{"name":"Miyazu","code":"JPMIY","country":"Japan","country_code":"JPN","port_type":"Sea"},"geometry":{"type":"Point","coordinates":[135.19952,35.53679]}},{"type":"Feature","id":1066,"properties":{"name":"Kiire","code":"JPKII","country":"Japan","country_code":"JPN","port_type":"Sea"},"geometry":{"type":"Point","coordinates":[130.54828,31.37761]}},{"type":"Feature","id":1067,"properties":{"name":"Tsukumi","code":"JPTMI","country":"Japan","country_code":"JPN","port_type":"Sea"},"geometry":{"type":"Point","coordinates":[131.86471,33.0766]}},{"type":"Feature","id":1068,"properties":{"name":"Cheju","code":"KRCHA","country":"","country_code":"KOR","port_type":"Sea"},"geometry":{"type":"Point","coordinates":[126.53972,33.52169]}},{"type":"Feature","id":1069,"properties":{"name":"Yosu","code":"KRYOS","country":"Republic of Korea","country_code":"KOR","port_type":"Sea"},"geometry":{"type":"Point","coordinates":[127.67326,34.74586]}},{"type":"Feature","id":1070,"properties":{"name":"Nanao","code":"JPNNO","country":"Japan","country_code":"JPN","port_type":"Sea"},"geometry":{"type":"Point","coordinates":[136.97669,37.05113]}},{"type":"Feature","id":1071,"properties":{"name":"Naoetsu","code":"JPNAO","country":"Japan","country_code":"JPN","port_type":"Sea"},"geometry":{"type":"Point","coordinates":[138.25626,37.18455]}},{"type":"Feature","id":1072,"properties":{"name":"Kemi","code":"FIKEM","country":"Finland","country_code":"FIN","port_type":"Sea"},"geometry":{"type":"Point","coordinates":[24.52572,65.66908]}},{"type":"Feature","id":1073,"properties":{"name":"Comodoro Rivadavia","code":"ARCRD","country":"Argentina","country_code":"ARG","port_type":"Sea"},"geometry":{"type":"Point","coordinates":[-67.47091,-45.86212]}},{"type":"Feature","id":1074,"properties":{"name":"Motueka","code":"NZMZP","country":"New Zealand","country_code":"NZL","port_type":"Sea"},"geometry":{"type":"Point","coordinates":[173.02088,-41.13609]}},{"type":"Feature","id":1075,"properties":{"name":"Napier","code":"NZNPE","country":"","country_code":"NZL","port_type":"Sea"},"geometry":{"type":"Point","coordinates":[176.91415,-39.47582]}},{"type":"Feature","id":1076,"properties":{"name":"Gisborne","code":"NZGIS","country":"New Zealand","country_code":"NZL","port_type":"Sea"},"geometry":{"type":"Point","coordinates":[178.02434,-38.67633]}},{"type":"Feature","id":1077,"properties":{"name":"Auckland","code":"NZAKL","country":"New Zealand","country_code":"NZL","port_type":"Sea"},"geometry":{"type":"Point","coordinates":[174.77452,-36.8436]}},{"type":"Feature","id":1078,"properties":{"name":"Ardrossan","code":"AUARD","country":"Australia","country_code":"AUS","port_type":"Sea"},"geometry":{"type":"Point","coordinates":[137.9151,-34.43267]}},{"type":"Feature","id":1079,"properties":{"name":"Port Macquarie","code":"AUPQQ","country":"Australia","country_code":"AUS","port_type":"Sea"},"geometry":{"type":"Point","coordinates":[152.89481,-31.42666]}},{"type":"Feature","id":1080,"properties":{"name":"Brisbane","code":"AUBNE","country":"Australia","country_code":"AUS","port_type":"Sea"},"geometry":{"type":"Point","coordinates":[153.07579,-27.4428]}},{"type":"Feature","id":1081,"properties":{"name":"Rockhampton","code":"AUROK","country":"Australia","country_code":"AUS","port_type":"Sea"},"geometry":{"type":"Point","coordinates":[150.55963,-23.38039]}},{"type":"Feature","id":1082,"properties":{"name":"Wyndham","code":"AUWYN","country":"Australia","country_code":"AUS","port_type":"Sea"},"geometry":{"type":"Point","coordinates":[128.10024,-15.46147]}},{"type":"Feature","id":1083,"properties":{"name":"Los Organos","code":"PELOO","country":"Peru","country_code":"PER","port_type":"Sea"},"geometry":{"type":"Point","coordinates":[-81.13356,-4.17876]}},{"type":"Feature","id":1084,"properties":{"name":"Santana","code":"BRSAN","country":"","country_code":"BRA","port_type":"Sea"},"geometry":{"type":"Point","coordinates":[-51.17469,-0.05696]}},{"type":"Feature","id":1085,"properties":{"name":"Lundu","code":"MYLUN","country":"Malaysia","country_code":"MYS","port_type":"Sea"},"geometry":{"type":"Point","coordinates":[109.85378,1.67051]}},{"type":"Feature","id":1086,"properties":{"name":"Karwar","code":"INKRW","country":"India","country_code":"IND","port_type":"Sea"},"geometry":{"type":"Point","coordinates":[74.11603,14.80136]}},{"type":"Feature","id":1087,"properties":{"name":"Shanwei","code":"CNSWE","country":"China","country_code":"CHN","port_type":"Sea"},"geometry":{"type":"Point","coordinates":[115.34402,22.7801]}},{"type":"Feature","id":1088,"properties":{"name":"Miyako","code":"JPMYK","country":"Japan","country_code":"JPN","port_type":"Sea"},"geometry":{"type":"Point","coordinates":[141.96927,39.64012]}},{"type":"Feature","id":1089,"properties":{"name":"Kwinana","code":"AUKWI","country":"Australia","country_code":"AUS","port_type":"Sea"},"geometry":{"type":"Point","coordinates":[115.76192,-32.23544]}},{"type":"Feature","id":1090,"properties":{"name":"Porto Seguro","code":"BRBPS","country":"Brazil","country_code":"BRA","port_type":"Sea"},"geometry":{"type":"Point","coordinates":[-39.06538,-16.45441]}},{"type":"Feature","id":1091,"properties":{"name":"Pasir Gudang","code":"MYPGU","country":"Malaysia","country_code":"MYS","port_type":"Sea"},"geometry":{"type":"Point","coordinates":[103.90183,1.43695]}},{"type":"Feature","id":1092,"properties":{"name":"Toledo","code":"PHTLD","country":"Philippines","country_code":"PHL","port_type":"Sea"},"geometry":{"type":"Point","coordinates":[123.63519,10.37588]}},{"type":"Feature","id":1093,"properties":{"name":"Pondicherry","code":"INPNY","country":"India","country_code":"IND","port_type":"Sea"},"geometry":{"type":"Point","coordinates":[79.83362,11.92321]}},{"type":"Feature","id":1094,"properties":{"name":"Laoag","code":"PHLAO","country":"Philippines","country_code":"PHL","port_type":"Sea"},"geometry":{"type":"Point","coordinates":[120.59262,18.19264]}},{"type":"Feature","id":1095,"properties":{"name":"Jakhau","code":"INJAK","country":"India","country_code":"IND","port_type":"Sea"},"geometry":{"type":"Point","coordinates":[68.6067,23.23798]}},{"type":"Feature","id":1096,"properties":{"name":"Kotka","code":"FIKTK","country":"Finland","country_code":"FIN","port_type":"Sea"},"geometry":{"type":"Point","coordinates":[26.94968,60.47253]}},{"type":"Feature","id":1097,"properties":{"name":"Fukue","code":"JPFUJ","country":"Japan","country_code":"JPN","port_type":"Sea"},"geometry":{"type":"Point","coordinates":[128.8499,32.69543]}},{"type":"Feature","id":1098,"properties":{"name":"Tonghae","code":"KRTGH","country":"Republic of Korea","country_code":"KOR","port_type":"Sea"},"geometry":{"type":"Point","coordinates":[129.12702,37.49252]}},{"type":"Feature","id":1099,"properties":{"name":"Gremikha","code":"RUGRH","country":"Russian Federation","country_code":"RUS","port_type":"Sea"},"geometry":{"type":"Point","coordinates":[39.52335,68.05372]}},{"type":"Feature","id":1100,"properties":{"name":"Severomorsk","code":"RUSRM","country":"Russian Federation","country_code":"RUS","port_type":"Sea"},"geometry":{"type":"Point","coordinates":[33.41428,69.07755]}},{"type":"Feature","id":1101,"properties":{"name":"Jiujiang","code":"CNJIU","country":"China","country_code":"CHN","port_type":"River"},"geometry":{"type":"Point","coordinates":[115.96763,29.7241]}},{"type":"Feature","id":1102,"properties":{"name":"Zhenjiang","code":"CNZHE","country":"China","country_code":"CHN","port_type":"River"},"geometry":{"type":"Point","coordinates":[119.62842,32.18894]}},{"type":"Feature","id":1103,"properties":{"name":"Porto Velho","code":"BRPVH","country":"Brazil","country_code":"BRA","port_type":"River"},"geometry":{"type":"Point","coordinates":[-63.91815,-8.74392]}},{"type":"Feature","id":1104,"properties":{"name":"Alanya","code":"TRALA","country":"Turkey","country_code":"TUR","port_type":"Sea"},"geometry":{"type":"Point","coordinates":[31.99813,36.53688]}},{"type":"Feature","id":1105,"properties":{"name":"Talcahuano","code":"CLTAL","country":"Chile","country_code":"CHL","port_type":"Sea"},"geometry":{"type":"Point","coordinates":[-73.09996,-36.693]}},{"type":"Feature","id":1106,"properties":{"name":"Pamatacual","code":"VEPAM","country":"Venezuela","country_code":"VEN","port_type":"Sea"},"geometry":{"type":"Point","coordinates":[-64.57942,10.24104]}},{"type":"Feature","id":1107,"properties":{"name":"Ashdod","code":"ILASH","country":"Israel","country_code":"ISR","port_type":"Sea"},"geometry":{"type":"Point","coordinates":[34.6482,31.82475]}},{"type":"Feature","id":1108,"properties":{"name":"Itaqui","code":"BRITQ","country":"Brazil","country_code":"BRA","port_type":"Sea"},"geometry":{"type":"Point","coordinates":[-44.36798,-2.57941]}},{"type":"Feature","id":1109,"properties":{"name":"Szczecin","code":"PLSZZ","country":"Poland","country_code":"POL","port_type":"Sea"},"geometry":{"type":"Point","coordinates":[14.57382,53.42766]}},{"type":"Feature","id":1110,"properties":{"name":"Guaymas","code":"MXGYM","country":"Mexico","country_code":"MEX","port_type":"Sea"},"geometry":{"type":"Point","coordinates":[-110.872,27.91859]}},{"type":"Feature","id":1111,"properties":{"name":"Izmir","code":"TRIZM","country":"Turkey","country_code":"TUR","port_type":"Sea"},"geometry":{"type":"Point","coordinates":[27.15477,38.44191]}},{"type":"Feature","id":1112,"properties":{"name":"Puntarenas","code":"CRPAS","country":"","country_code":"CRI","port_type":"Sea"},"geometry":{"type":"Point","coordinates":[-84.84824,9.97724]}},{"type":"Feature","id":1113,"properties":{"name":"Jeddah","code":"SAJED","country":"Saudi Arabia","country_code":"SAU","port_type":"Sea"},"geometry":{"type":"Point","coordinates":[39.17029,21.46388]}},{"type":"Feature","id":1114,"properties":{"name":"Chaguaramas","code":"TTCHA","country":"Trinidad and Tobago","country_code":"TTO","port_type":"Sea"},"geometry":{"type":"Point","coordinates":[-61.64777,10.68183]}},{"type":"Feature","id":1115,"properties":{"name":"Kingstown","code":"VCKTN","country":"Saint Vincent and the Grenadines","country_code":"VCT","port_type":"Sea"},"geometry":{"type":"Point","coordinates":[-61.22284,13.14924]}},{"type":"Feature","id":1116,"properties":{"name":"Belize City","code":"BZBZE","country":"Belize","country_code":"BLZ","port_type":"Sea"},"geometry":{"type":"Point","coordinates":[-88.18636,17.49392]}},{"type":"Feature","id":1117,"properties":{"name":"Frederiksted","code":"VIFRD","country":"United States Virgin Islands","country_code":"VIR","port_type":"Sea"},"geometry":{"type":"Point","coordinates":[-64.88363,17.71438]}},{"type":"Feature","id":1118,"properties":{"name":"San Carlos","code":"MXSCR","country":"","country_code":"MEX","port_type":"Sea"},"geometry":{"type":"Point","coordinates":[-112.11705,24.78903]}},{"type":"Feature","id":1119,"properties":{"name":"Ushuaia","code":"ARUSH","country":"Argentina","country_code":"ARG","port_type":"Sea"},"geometry":{"type":"Point","coordinates":[-68.30147,-54.80275]}},{"type":"Feature","id":1120,"properties":{"name":"Iquique","code":"CLIQQ","country":"Chile","country_code":"CHL","port_type":"Sea"},"geometry":{"type":"Point","coordinates":[-70.15618,-20.20777]}},{"type":"Feature","id":1121,"properties":{"name":"Almirante","code":"PAPAM","country":"Panama","country_code":"PAN","port_type":"Sea"},"geometry":{"type":"Point","coordinates":[-82.39136,9.28895]}},{"type":"Feature","id":1122,"properties":{"name":"Puerto Cortes","code":"HNPCR","country":"Honduras","country_code":"HND","port_type":"Sea"},"geometry":{"type":"Point","coordinates":[-87.9404,15.84178]}},{"type":"Feature","id":1123,"properties":{"name":"Banggai","code":"IDBGG","country":"Indonesia","country_code":"IDN","port_type":"Sea"},"geometry":{"type":"Point","coordinates":[123.49918,-1.5901]}},{"type":"Feature","id":1124,"properties":{"name":"Mariel","code":"CUMAR","country":"Cuba","country_code":"CUB","port_type":"Sea"},"geometry":{"type":"Point","coordinates":[-82.76352,23.00816]}},{"type":"Feature","id":1125,"properties":{"name":"Manzanillo","code":"CUMZO","country":"Cuba","country_code":"CUB","port_type":"Sea"},"geometry":{"type":"Point","coordinates":[-77.11854,20.35252]}},{"type":"Feature","id":1126,"properties":{"name":"La Romana","code":"DOLRM","country":"Dominican Republic","country_code":"DOM","port_type":"Sea"},"geometry":{"type":"Point","coordinates":[-68.96052,18.41689]}},{"type":"Feature","id":1127,"properties":{"name":"Salina Cruz","code":"MXSCX","country":"Mexico","country_code":"MEX","port_type":"Sea"},"geometry":{"type":"Point","coordinates":[-95.20241,16.16581]}},{"type":"Feature","id":1128,"properties":{"name":"Basseterre","code":"KNBAS","country":"Saint Kitts and Nevis","country_code":"KNA","port_type":"Sea"},"geometry":{"type":"Point","coordinates":[-62.70804,17.28856]}},{"type":"Feature","id":1129,"properties":{"name":"Nueva Gerona","code":"CUGER","country":"Cuba","country_code":"CUB","port_type":"Sea"},"geometry":{"type":"Point","coordinates":[-82.80101,21.88758]}},{"type":"Feature","id":1130,"properties":{"name":"Rock Sound","code":"BSRSD","country":"Bahamas","country_code":"BHS","port_type":"Sea"},"geometry":{"type":"Point","coordinates":[-76.16101,24.86793]}},{"type":"Feature","id":1131,"properties":{"name":"Tasucu","code":"TRTAS","country":"Turkey","country_code":"TUR","port_type":"Sea"},"geometry":{"type":"Point","coordinates":[33.89405,36.31419]}},{"type":"Feature","id":1132,"properties":{"name":"Bodrum","code":"TRBXN","country":"Turkey","country_code":"TUR","port_type":"Sea"},"geometry":{"type":"Point","coordinates":[27.43014,37.03359]}},{"type":"Feature","id":1133,"properties":{"name":"San Lorenzo","code":"ARSLO","country":"Argentina","country_code":"ARG","port_type":"River"},"geometry":{"type":"Point","coordinates":[-60.72839,-32.73494]}},{"type":"Feature","id":1134,"properties":{"name":"Matanzas","code":"VEMTV","country":"Venezuela","country_code":"VEN","port_type":"River"},"geometry":{"type":"Point","coordinates":[-62.83687,8.2862]}},{"type":"Feature","id":1135,"properties":{"name":"Sambava","code":"MGSVB","country":"Madagascar","country_code":"MDG","port_type":"Sea"},"geometry":{"type":"Point","coordinates":[50.15028,-14.25454]}},{"type":"Feature","id":1136,"properties":{"name":"Pedregal","code":"PAPED","country":"Panama","country_code":"PAN","port_type":"Sea"},"geometry":{"type":"Point","coordinates":[-82.43725,8.36288]}},{"type":"Feature","id":1137,"properties":{"name":"Livingston","code":"GTLIV","country":"","country_code":"GTM","port_type":"Sea"},"geometry":{"type":"Point","coordinates":[-88.74929,15.82449]}},{"type":"Feature","id":1138,"properties":{"name":"Ordu","code":"TRORD","country":"Turkey","country_code":"TUR","port_type":"Sea"},"geometry":{"type":"Point","coordinates":[37.87507,40.99546]}},{"type":"Feature","id":1139,"properties":{"name":"Gizo","code":"SBGZO","country":"","country_code":"SLB","port_type":"Sea"},"geometry":{"type":"Point","coordinates":[156.84461,-8.10375]}},{"type":"Feature","id":1140,"properties":{"name":"Pebane","code":"MZPEB","country":"Mozambique","country_code":"MOZ","port_type":"Sea"},"geometry":{"type":"Point","coordinates":[38.13973,-17.29381]}},{"type":"Feature","id":1141,"properties":{"name":"Greenville","code":"LRGRE","country":"","country_code":"LBR","port_type":"Sea"},"geometry":{"type":"Point","coordinates":[-9.03938,4.98857]}},{"type":"Feature","id":1142,"properties":{"name":"Ras Gharib","code":"EGRAG","country":"Egypt","country_code":"EGY","port_type":"Sea"},"geometry":{"type":"Point","coordinates":[33.08063,28.36661]}},{"type":"Feature","id":1143,"properties":{"name":"Clifden","code":"IECLI","country":"Ireland","country_code":"IRL","port_type":"Sea"},"geometry":{"type":"Point","coordinates":[-10.02926,53.48625]}},{"type":"Feature","id":1144,"properties":{"name":"Schleswig","code":"DESLS","country":"Germany","country_code":"DEU","port_type":"Sea"},"geometry":{"type":"Point","coordinates":[9.5573,54.51224]}},{"type":"Feature","id":1145,"properties":{"name":"Cairnryan","code":"GBCYN","country":"U.K. of Great Britain and Northern Ireland","country_code":"GBR","port_type":"Sea"},"geometry":{"type":"Point","coordinates":[-5.01415,54.96445]}},{"type":"Feature","id":1146,"properties":{"name":"Ronne","code":"DKRNN","country":"Denmark","country_code":"DNK","port_type":"Sea"},"geometry":{"type":"Point","coordinates":[14.69267,55.09309]}},{"type":"Feature","id":1147,"properties":{"name":"Naestved","code":"DKNVD","country":"Denmark","country_code":"DNK","port_type":"Sea"},"geometry":{"type":"Point","coordinates":[11.7542,55.22449]}},{"type":"Feature","id":1148,"properties":{"name":"Rudkobing","code":"DKRKB","country":"Denmark","country_code":"DNK","port_type":"Sea"},"geometry":{"type":"Point","coordinates":[10.7099,54.93987]}},{"type":"Feature","id":1149,"properties":{"name":"Skive","code":"DKSKV","country":"Denmark","country_code":"DNK","port_type":"Sea"},"geometry":{"type":"Point","coordinates":[9.04909,56.5691]}},{"type":"Feature","id":1150,"properties":{"name":"Norresundby","code":"DKNRS","country":"Denmark","country_code":"DNK","port_type":"Sea"},"geometry":{"type":"Point","coordinates":[9.90373,57.06449]}},{"type":"Feature","id":1151,"properties":{"name":"Rekefjord","code":"NOREK","country":"Norway","country_code":"NOR","port_type":"Sea"},"geometry":{"type":"Point","coordinates":[6.2548,58.33722]}},{"type":"Feature","id":1152,"properties":{"name":"Porsgrunn","code":"NOPOR","country":"Norway","country_code":"NOR","port_type":"Sea"},"geometry":{"type":"Point","coordinates":[9.61708,59.12336]}},{"type":"Feature","id":1153,"properties":{"name":"Sarpsborg","code":"NOSPG","country":"Norway","country_code":"NOR","port_type":"Sea"},"geometry":{"type":"Point","coordinates":[11.10291,59.26861]}},{"type":"Feature","id":1154,"properties":{"name":"Karlstad","code":"SEKSD","country":"Sweden","country_code":"SWE","port_type":"Sea"},"geometry":{"type":"Point","coordinates":[13.52462,59.37138]}},{"type":"Feature","id":1155,"properties":{"name":"Drammen","code":"NODRM","country":"Norway","country_code":"NOR","port_type":"Sea"},"geometry":{"type":"Point","coordinates":[10.23376,59.73301]}},{"type":"Feature","id":1156,"properties":{"name":"Ocho Rios","code":"JMOCJ","country":"","country_code":"JAM","port_type":"Sea"},"geometry":{"type":"Point","coordinates":[-77.10971,18.40765]}},{"type":"Feature","id":1157,"properties":{"name":"Levanger","code":"NOLEV","country":"Norway","country_code":"NOR","port_type":"Sea"},"geometry":{"type":"Point","coordinates":[11.29719,63.75243]}},{"type":"Feature","id":1158,"properties":{"name":"Le Treport","code":"FRLTR","country":"France","country_code":"FRA","port_type":"Sea"},"geometry":{"type":"Point","coordinates":[1.37096,50.0613]}},{"type":"Feature","id":1159,"properties":{"name":"Lorain","code":"USLOR","country":"","country_code":"USA","port_type":"Lake"},"geometry":{"type":"Point","coordinates":[-82.18465,41.4698]}},{"type":"Feature","id":1160,"properties":{"name":"Noro","code":"SBNOR","country":"Solomon islands","country_code":"SLB","port_type":"Unknown"},"geometry":{"type":"Point","coordinates":[157.19949,-8.22155]}},{"type":"Feature","id":1161,"properties":{"name":"Two Rivers","code":"USTWR","country":"United States of America","country_code":"USA","port_type":"Lake"},"geometry":{"type":"Point","coordinates":[-87.56585,44.14554]}},{"type":"Feature","id":1162,"properties":{"name":"Baytown","code":"USHPY","country":"United States of America","country_code":"USA","port_type":"Sea"},"geometry":{"type":"Point","coordinates":[-95.01913,29.72874]}},{"type":"Feature","id":1163,"properties":{"name":"Pascagoula","code":"USPGL","country":"","country_code":"USA","port_type":"Sea"},"geometry":{"type":"Point","coordinates":[-88.56246,30.34884]}},{"type":"Feature","id":1164,"properties":{"name":"Probolinggo","code":"IDPRO","country":"","country_code":"IDN","port_type":"Sea"},"geometry":{"type":"Point","coordinates":[113.2179,-7.72999]}},{"type":"Feature","id":1165,"properties":{"name":"Lembar","code":"IDAMP","country":"Indonesia","country_code":"IDN","port_type":"Sea"},"geometry":{"type":"Point","coordinates":[116.07257,-8.73027]}},{"type":"Feature","id":1166,"properties":{"name":"Bima","code":"IDBMU","country":"","country_code":"IDN","port_type":"Sea"},"geometry":{"type":"Point","coordinates":[118.71664,-8.44936]}},{"type":"Feature","id":1167,"properties":{"name":"La Libertad","code":"ECLLD","country":"Ecuador","country_code":"ECU","port_type":"Sea"},"geometry":{"type":"Point","coordinates":[-80.92234,-2.21996]}},{"type":"Feature","id":1168,"properties":{"name":"Media Luna","code":"CUMEL","country":"Cuba","country_code":"CUB","port_type":"Sea"},"geometry":{"type":"Point","coordinates":[-77.44213,20.1583]}},{"type":"Feature","id":1169,"properties":{"name":"Supe","code":"PESUP","country":"Peru","country_code":"PER","port_type":"Sea"},"geometry":{"type":"Point","coordinates":[-77.74545,-10.80044]}},{"type":"Feature","id":1170,"properties":{"name":"Cartagena","code":"","country":"Spain","country_code":"ESP","port_type":"Unknown"},"geometry":{"type":"Point","coordinates":[-0.97594,37.59893]}},{"type":"Feature","id":1171,"properties":{"name":"Grand Haven","code":"USGHN","country":"United States of America","country_code":"USA","port_type":"Lake"},"geometry":{"type":"Point","coordinates":[-86.22844,43.0685]}},{"type":"Feature","id":1172,"properties":{"name":"Morehead City","code":"USMRH","country":"United States of America","country_code":"USA","port_type":"Sea"},"geometry":{"type":"Point","coordinates":[-76.7033,34.71673]}},{"type":"Feature","id":1173,"properties":{"name":"Morro Bay","code":"USMJK","country":"United States of America","country_code":"USA","port_type":"Sea"},"geometry":{"type":"Point","coordinates":[-120.85575,35.37]}},{"type":"Feature","id":1174,"properties":{"name":"Molanda","code":"","country":"Democratic Republic of the Congo","country_code":"COD","port_type":"River"},"geometry":{"type":"Point","coordinates":[20.81603,2.47842]}},{"type":"Feature","id":1175,"properties":{"name":"Palompon","code":"","country":"Philippines","country_code":"PHL","port_type":"Sea"},"geometry":{"type":"Point","coordinates":[124.38315,11.05199]}},{"type":"Feature","id":1176,"properties":{"name":"Clarenville","code":"CACLE","country":"","country_code":"CAN","port_type":"Sea"},"geometry":{"type":"Point","coordinates":[-53.96127,48.16012]}},{"type":"Feature","id":1177,"properties":{"name":"Yorktown","code":"USYKW","country":"","country_code":"USA","port_type":"Sea"},"geometry":{"type":"Point","coordinates":[-76.5074,37.23805]}},{"type":"Feature","id":1178,"properties":{"name":"Richmond","code":"USRIC","country":"United States of America","country_code":"USA","port_type":"Sea"},"geometry":{"type":"Point","coordinates":[-77.43917,37.53348]}},{"type":"Feature","id":1179,"properties":{"name":"Varna","code":"","country":"Bulgaria","country_code":"BGR","port_type":"Unknown"},"geometry":{"type":"Point","coordinates":[27.91235,43.19695]}},{"type":"Feature","id":1180,"properties":{"name":"Visby","code":"SEVBY","country":"Sweden","country_code":"SWE","port_type":"Sea"},"geometry":{"type":"Point","coordinates":[18.27857,57.62915]}},{"type":"Feature","id":1181,"properties":{"name":"Pozzallo","code":"ITPZL","country":"Italy","country_code":"ITA","port_type":"Sea"},"geometry":{"type":"Point","coordinates":[14.83013,36.71761]}},{"type":"Feature","id":1182,"properties":{"name":"Ustica","code":"ITUST","country":"","country_code":"ITA","port_type":"Sea"},"geometry":{"type":"Point","coordinates":[13.19513,38.7075]}},{"type":"Feature","id":1183,"properties":{"name":"Catanzaro","code":"ITQCZ","country":"Italy","country_code":"ITA","port_type":"Sea"},"geometry":{"type":"Point","coordinates":[16.6299,38.82755]}},{"type":"Feature","id":1184,"properties":{"name":"Stralsund","code":"DESTL","country":"Germany","country_code":"DEU","port_type":"Sea"},"geometry":{"type":"Point","coordinates":[13.10589,54.30568]}},{"type":"Feature","id":1185,"properties":{"name":"Hamina","code":"FIHMN","country":"Finland","country_code":"FIN","port_type":"Sea"},"geometry":{"type":"Point","coordinates":[27.1727,60.5345]}},{"type":"Feature","id":1186,"properties":{"name":"Kaskinen","code":"FIKAS","country":"Finland","country_code":"FIN","port_type":"Sea"},"geometry":{"type":"Point","coordinates":[21.22174,62.35493]}},{"type":"Feature","id":1187,"properties":{"name":"Brixham","code":"GBBRX","country":"U.K. of Great Britain and Northern Ireland","country_code":"GBR","port_type":"Sea"},"geometry":{"type":"Point","coordinates":[-3.51225,50.39798]}},{"type":"Feature","id":1188,"properties":{"name":"Moana","code":"ESMOA","country":"Spain","country_code":"ESP","port_type":"Sea"},"geometry":{"type":"Point","coordinates":[-8.736,42.2763]}},{"type":"Feature","id":1189,"properties":{"name":"Muros","code":"ESMRS","country":"Spain","country_code":"ESP","port_type":"Sea"},"geometry":{"type":"Point","coordinates":[-9.05487,42.77517]}},{"type":"Feature","id":1190,"properties":{"name":"San Sebastian","code":"ESEAS","country":"Spain","country_code":"ESP","port_type":"Sea"},"geometry":{"type":"Point","coordinates":[-1.98729,43.32279]}},{"type":"Feature","id":1191,"properties":{"name":"Kabumbulu","code":"","country":"Democratic Republic of the Congo","country_code":"COD","port_type":"River"},"geometry":{"type":"Point","coordinates":[26.79066,-7.68127]}},{"type":"Feature","id":1192,"properties":{"name":"Ankoro","code":"","country":"Democratic Republic of the Congo","country_code":"COD","port_type":"River"},"geometry":{"type":"Point","coordinates":[26.94994,-6.74658]}},{"type":"Feature","id":1193,"properties":{"name":"Bejaia","code":"DZBJA","country":"Algeria","country_code":"DZA","port_type":"Sea"},"geometry":{"type":"Point","coordinates":[5.07636,36.73953]}},{"type":"Feature","id":1194,"properties":{"name":"Bolomba","code":"","country":"Democratic Republic of the Congo","country_code":"COD","port_type":"River"},"geometry":{"type":"Point","coordinates":[19.22902,0.34752]}},{"type":"Feature","id":1195,"properties":{"name":"Kenge","code":"","country":"Democratic Republic of the Congo","country_code":"COD","port_type":"River"},"geometry":{"type":"Point","coordinates":[16.97452,-4.85701]}},{"type":"Feature","id":1196,"properties":{"name":"Caia","code":"","country":"Mozambique","country_code":"MOZ","port_type":"Unknown"},"geometry":{"type":"Point","coordinates":[35.3833,-17.81787]}},{"type":"Feature","id":1197,"properties":{"name":"Ayamonte","code":"ESAYA","country":"","country_code":"ESP","port_type":"Sea"},"geometry":{"type":"Point","coordinates":[-7.40999,37.21384]}},{"type":"Feature","id":1198,"properties":{"name":"Otranto","code":"ITOTO","country":"","country_code":"ITA","port_type":"Sea"},"geometry":{"type":"Point","coordinates":[18.49272,40.14514]}},{"type":"Feature","id":1199,"properties":{"name":"Calvi","code":"FRCLY","country":"France","country_code":"FRA","port_type":"Sea"},"geometry":{"type":"Point","coordinates":[8.75676,42.56303]}},{"type":"Feature","id":1200,"properties":{"name":"Sidi Ifni","code":"","country":"Morocco","country_code":"MAR","port_type":"Sea"},"geometry":{"type":"Point","coordinates":[-10.19087,29.3582]}},{"type":"Feature","id":1201,"properties":{"name":"Ronnskar","code":"SEROR","country":"Sweden","country_code":"SWE","port_type":"Sea"},"geometry":{"type":"Point","coordinates":[21.26328,64.67549]}},{"type":"Feature","id":1202,"properties":{"name":"Joutseno","code":"FIJOU","country":"Finland","country_code":"FIN","port_type":"River"},"geometry":{"type":"Point","coordinates":[28.46255,61.13393]}},{"type":"Feature","id":1203,"properties":{"name":"Kayes","code":"","country":"Mali","country_code":"MLI","port_type":"River"},"geometry":{"type":"Point","coordinates":[-11.43904,14.45255]}},{"type":"Feature","id":1204,"properties":{"name":"Maripipi","code":"","country":"Philippines","country_code":"PHL","port_type":"Sea"},"geometry":{"type":"Point","coordinates":[124.34924,11.7778]}},{"type":"Feature","id":1205,"properties":{"name":"Cataingan","code":"","country":"Philippines","country_code":"PHL","port_type":"Sea"},"geometry":{"type":"Point","coordinates":[124.00048,12.00356]}},{"type":"Feature","id":1206,"properties":{"name":"Paramaribo","code":"SRPBM","country":"Suriname","country_code":"SUR","port_type":"Sea"},"geometry":{"type":"Point","coordinates":[-55.16633,5.81283]}},{"type":"Feature","id":1207,"properties":{"name":"Kiri","code":"","country":"Democratic Republic of the Congo","country_code":"COD","port_type":"River"},"geometry":{"type":"Point","coordinates":[18.91375,-1.50599]}},{"type":"Feature","id":1208,"properties":{"name":"Tripoli","code":"LYTIP","country":"Libya","country_code":"LBY","port_type":"Sea"},"geometry":{"type":"Point","coordinates":[13.18102,32.90412]}},{"type":"Feature","id":1209,"properties":{"name":"Manila","code":"PHMNL","country":"Philippines","country_code":"PHL","port_type":"Sea"},"geometry":{"type":"Point","coordinates":[120.96049,14.59804]}},{"type":"Feature","id":1210,"properties":{"name":"Bikoro","code":"","country":"Democratic Republic of the Congo","country_code":"COD","port_type":"Lake"},"geometry":{"type":"Point","coordinates":[18.12241,-0.73528]}},{"type":"Feature","id":1211,"properties":{"name":"Pilar","code":"","country":"","country_code":"PHL","port_type":"Sea"},"geometry":{"type":"Point","coordinates":[123.67587,12.92281]}},{"type":"Feature","id":1212,"properties":{"name":"Glace Bay","code":"CAGLB","country":"Canada","country_code":"CAN","port_type":"Sea"},"geometry":{"type":"Point","coordinates":[-59.95021,46.19842]}},{"type":"Feature","id":1213,"properties":{"name":"Penuba","code":"IDPNG","country":"Indonesia","country_code":"IDN","port_type":"Unknown"},"geometry":{"type":"Point","coordinates":[104.46529,-0.31587]}},{"type":"Feature","id":1214,"properties":{"name":"Escanaba","code":"USESC","country":"United States of America","country_code":"USA","port_type":"Lake"},"geometry":{"type":"Point","coordinates":[-87.06275,45.75213]}},{"type":"Feature","id":1215,"properties":{"name":"Duluth","code":"USDLH","country":"United States of America","country_code":"USA","port_type":"Lake"},"geometry":{"type":"Point","coordinates":[-92.10966,46.76653]}},{"type":"Feature","id":1216,"properties":{"name":"Silver Bay","code":"USSIB","country":"United States of America","country_code":"USA","port_type":"Lake"},"geometry":{"type":"Point","coordinates":[-91.25468,47.28769]}},{"type":"Feature","id":1217,"properties":{"name":"Algoma","code":"USAMZ","country":"United States of America","country_code":"USA","port_type":"Lake"},"geometry":{"type":"Point","coordinates":[-87.43377,44.60794]}},{"type":"Feature","id":1218,"properties":{"name":"Petoskey","code":"USPET","country":"","country_code":"USA","port_type":"Lake"},"geometry":{"type":"Point","coordinates":[-84.95923,45.37636]}},{"type":"Feature","id":1219,"properties":{"name":"Bilili","code":"","country":"Democratic Republic of the Congo","country_code":"COD","port_type":"River"},"geometry":{"type":"Point","coordinates":[18.40914,-4.36892]}},{"type":"Feature","id":1220,"properties":{"name":"Burin","code":"CABUI","country":"","country_code":"CAN","port_type":"Sea"},"geometry":{"type":"Point","coordinates":[-55.1633,47.03911]}},{"type":"Feature","id":1221,"properties":{"name":"Mompanga","code":"","country":"Democratic Republic of the Congo","country_code":"COD","port_type":"River"},"geometry":{"type":"Point","coordinates":[20.47071,0.91714]}},{"type":"Feature","id":1222,"properties":{"name":"Lokolenge","code":"","country":"Democratic Republic of the Congo","country_code":"COD","port_type":"River"},"geometry":{"type":"Point","coordinates":[22.72872,1.21149]}},{"type":"Feature","id":1223,"properties":{"name":"Bulungu","code":"","country":"Democratic Republic of the Congo","country_code":"COD","port_type":"River"},"geometry":{"type":"Point","coordinates":[18.60155,-4.53364]}},{"type":"Feature","id":1224,"properties":{"name":"Sherbrooke","code":"CASBR","country":"Canada","country_code":"CAN","port_type":"Sea"},"geometry":{"type":"Point","coordinates":[-61.98345,45.13428]}},{"type":"Feature","id":1225,"properties":{"name":"Petit Goave","code":"HTPEG","country":"","country_code":"HTI","port_type":"Unknown"},"geometry":{"type":"Point","coordinates":[-72.86642,18.43481]}},{"type":"Feature","id":1226,"properties":{"name":"Kieta","code":"PGKIE","country":"","country_code":"PNG","port_type":"Unknown"},"geometry":{"type":"Point","coordinates":[155.63831,-6.21827]}},{"type":"Feature","id":1227,"properties":{"name":"Antalaha","code":"MGANM","country":"Madagascar","country_code":"MDG","port_type":"Sea"},"geometry":{"type":"Point","coordinates":[50.28237,-14.90111]}},{"type":"Feature","id":1228,"properties":{"name":"North Bend","code":"USOTH","country":"United States of America","country_code":"USA","port_type":"Sea"},"geometry":{"type":"Point","coordinates":[-124.22106,43.41194]}},{"type":"Feature","id":1229,"properties":{"name":"Cheticamp","code":"CACHT","country":"Canada","country_code":"CAN","port_type":"Sea"},"geometry":{"type":"Point","coordinates":[-61.00811,46.63785]}},{"type":"Feature","id":1230,"properties":{"name":"Quebec","code":"CAQUE","country":"Canada","country_code":"CAN","port_type":"Sea"},"geometry":{"type":"Point","coordinates":[-71.21389,46.81966]}},{"type":"Feature","id":1231,"properties":{"name":"Grand Bank","code":"CAGRB","country":"Canada","country_code":"CAN","port_type":"Sea"},"geometry":{"type":"Point","coordinates":[-55.75185,47.10134]}},{"type":"Feature","id":1232,"properties":{"name":"Churchill","code":"CACHV","country":"Canada","country_code":"CAN","port_type":"Sea"},"geometry":{"type":"Point","coordinates":[-94.18732,58.77726]}},{"type":"Feature","id":1233,"properties":{"name":"Nome","code":"USOME","country":"United States of America","country_code":"USA","port_type":"Sea"},"geometry":{"type":"Point","coordinates":[-165.43043,64.50146]}},{"type":"Feature","id":1234,"properties":{"name":"Orange","code":"USORG","country":"United States of America","country_code":"USA","port_type":"Sea"},"geometry":{"type":"Point","coordinates":[-93.73346,30.0828]}},{"type":"Feature","id":1235,"properties":{"name":"Burlington","code":"USBTV","country":"United States of America","country_code":"USA","port_type":"Sea"},"geometry":{"type":"Point","coordinates":[-74.88038,40.07702]}},{"type":"Feature","id":1236,"properties":{"name":"Port Jefferson","code":"USPTJ","country":"United States of America","country_code":"USA","port_type":"Sea"},"geometry":{"type":"Point","coordinates":[-73.06954,40.94747]}},{"type":"Feature","id":1237,"properties":{"name":"Saugerties","code":"USSUV","country":"United States of America","country_code":"USA","port_type":"Sea"},"geometry":{"type":"Point","coordinates":[-73.944,42.06994]}},{"type":"Feature","id":1238,"properties":{"name":"Ottawa","code":"CAOTT","country":"Canada","country_code":"CAN","port_type":"Sea"},"geometry":{"type":"Point","coordinates":[-75.70934,45.4208]}},{"type":"Feature","id":1239,"properties":{"name":"New Glasgow","code":"CANGL","country":"Canada","country_code":"CAN","port_type":"Sea"},"geometry":{"type":"Point","coordinates":[-62.64548,45.59007]}},{"type":"Feature","id":1240,"properties":{"name":"Pictou","code":"CAPTO","country":"Canada","country_code":"CAN","port_type":"Sea"},"geometry":{"type":"Point","coordinates":[-62.7063,45.67535]}},{"type":"Feature","id":1241,"properties":{"name":"Kelso","code":"USKLS","country":"United States of America","country_code":"USA","port_type":"Sea"},"geometry":{"type":"Point","coordinates":[-122.88979,46.10583]}},{"type":"Feature","id":1242,"properties":{"name":"Marystown","code":"CAMTN","country":"Canada","country_code":"CAN","port_type":"Sea"},"geometry":{"type":"Point","coordinates":[-55.14968,47.16503]}},{"type":"Feature","id":1243,"properties":{"name":"Galveston","code":"USGLS","country":"United States of America","country_code":"USA","port_type":"Sea"},"geometry":{"type":"Point","coordinates":[-94.83932,29.28048]}},{"type":"Feature","id":1244,"properties":{"name":"Marrero","code":"USMAR","country":"United States of America","country_code":"USA","port_type":"Sea"},"geometry":{"type":"Point","coordinates":[-90.1047,29.90524]}},{"type":"Feature","id":1245,"properties":{"name":"Salisbury","code":"USSLS","country":"United States of America","country_code":"USA","port_type":"Sea"},"geometry":{"type":"Point","coordinates":[-75.60712,38.36441]}},{"type":"Feature","id":1246,"properties":{"name":"Hoboken","code":"USHOB","country":"United States of America","country_code":"USA","port_type":"Sea"},"geometry":{"type":"Point","coordinates":[-74.02732,40.73473]}},{"type":"Feature","id":1247,"properties":{"name":"Wareham","code":"USWMV","country":"","country_code":"USA","port_type":"Sea"},"geometry":{"type":"Point","coordinates":[-70.70907,41.75209]}},{"type":"Feature","id":1248,"properties":{"name":"Prescott","code":"CAPRE","country":"","country_code":"CAN","port_type":"Sea"},"geometry":{"type":"Point","coordinates":[-75.51267,44.70897]}},{"type":"Feature","id":1249,"properties":{"name":"Sheet Harbour","code":"CASHH","country":"Canada","country_code":"CAN","port_type":"Sea"},"geometry":{"type":"Point","coordinates":[-62.52552,44.91653]}},{"type":"Feature","id":1250,"properties":{"name":"Souris","code":"CASOU","country":"Canada","country_code":"CAN","port_type":"Sea"},"geometry":{"type":"Point","coordinates":[-62.25084,46.34964]}},{"type":"Feature","id":1251,"properties":{"name":"Bay Roberts","code":"CABYR","country":"","country_code":"CAN","port_type":"Sea"},"geometry":{"type":"Point","coordinates":[-53.26656,47.59181]}},{"type":"Feature","id":1252,"properties":{"name":"Orcas","code":"USXJY","country":"","country_code":"USA","port_type":"Sea"},"geometry":{"type":"Point","coordinates":[-122.9436,48.59786]}},{"type":"Feature","id":1253,"properties":{"name":"Botwood","code":"CABWD","country":"Canada","country_code":"CAN","port_type":"Sea"},"geometry":{"type":"Point","coordinates":[-55.34141,49.15195]}},{"type":"Feature","id":1254,"properties":{"name":"Lomond","code":"CALMD","country":"","country_code":"CAN","port_type":"Sea"},"geometry":{"type":"Point","coordinates":[-57.75968,49.46068]}},{"type":"Feature","id":1255,"properties":{"name":"Kitimat","code":"CAKTM","country":"Canada","country_code":"CAN","port_type":"Sea"},"geometry":{"type":"Point","coordinates":[-128.68922,54.00396]}},{"type":"Feature","id":1256,"properties":{"name":"Akutan","code":"USAKU","country":"United States of America","country_code":"USA","port_type":"Sea"},"geometry":{"type":"Point","coordinates":[-165.78476,54.13226]}},{"type":"Feature","id":1257,"properties":{"name":"Nobeoka","code":"JPNOB","country":"Japan","country_code":"JPN","port_type":"Sea"},"geometry":{"type":"Point","coordinates":[131.70249,32.59398]}},{"type":"Feature","id":1258,"properties":{"name":"Kastrup","code":"DKKTP","country":"Denmark","country_code":"DNK","port_type":"Sea"},"geometry":{"type":"Point","coordinates":[12.63376,55.67456]}},{"type":"Feature","id":1259,"properties":{"name":"Itea","code":"GRITA","country":"Greece","country_code":"GRC","port_type":"Sea"},"geometry":{"type":"Point","coordinates":[22.42307,38.43203]}},{"type":"Feature","id":1260,"properties":{"name":"Portoferraio","code":"ITPFE","country":"","country_code":"ITA","port_type":"Sea"},"geometry":{"type":"Point","coordinates":[10.32185,42.81283]}},{"type":"Feature","id":1261,"properties":{"name":"Deauville","code":"FRDOL","country":"France","country_code":"FRA","port_type":"Sea"},"geometry":{"type":"Point","coordinates":[0.07532,49.36254]}},{"type":"Feature","id":1262,"properties":{"name":"Bar","code":"YUBAR","country":"Montenegro","country_code":"MNE","port_type":"Sea"},"geometry":{"type":"Point","coordinates":[19.08775,42.08546]}},{"type":"Feature","id":1263,"properties":{"name":"Norderney","code":"DENRD","country":"","country_code":"DEU","port_type":"Sea"},"geometry":{"type":"Point","coordinates":[7.16597,53.70489]}},{"type":"Feature","id":1264,"properties":{"name":"Farsund","code":"NOFAN","country":"Norway","country_code":"NOR","port_type":"Sea"},"geometry":{"type":"Point","coordinates":[6.79343,58.08544]}},{"type":"Feature","id":1265,"properties":{"name":"Lillesand","code":"NOLIL","country":"Norway","country_code":"NOR","port_type":"Sea"},"geometry":{"type":"Point","coordinates":[8.38357,58.24714]}},{"type":"Feature","id":1266,"properties":{"name":"Izon","code":"FRIZO","country":"France","country_code":"FRA","port_type":"Sea"},"geometry":{"type":"Point","coordinates":[-0.36,44.93533]}},{"type":"Feature","id":1267,"properties":{"name":"Luderitz","code":"NALUD","country":"Namibia","country_code":"NAM","port_type":"Sea"},"geometry":{"type":"Point","coordinates":[15.15205,-26.64406]}},{"type":"Feature","id":1268,"properties":{"name":"Ambriz","code":"AOAZZ","country":"","country_code":"AGO","port_type":"Sea"},"geometry":{"type":"Point","coordinates":[13.10454,-7.83618]}},{"type":"Feature","id":1269,"properties":{"name":"Onahama","code":"JPONA","country":"Japan","country_code":"JPN","port_type":"Sea"},"geometry":{"type":"Point","coordinates":[140.89107,36.93979]}},{"type":"Feature","id":1270,"properties":{"name":"Paranagua","code":"BRPNG","country":"","country_code":"BRA","port_type":"Sea"},"geometry":{"type":"Point","coordinates":[-48.5013,-25.50136]}},{"type":"Feature","id":1271,"properties":{"name":"Skagastrond","code":"ISSKA","country":"Iceland","country_code":"ISL","port_type":"Sea"},"geometry":{"type":"Point","coordinates":[-20.31867,65.8256]}},{"type":"Feature","id":1272,"properties":{"name":"Harwich","code":"GBHRW","country":"U.K. of Great Britain and Northern Ireland","country_code":"GBR","port_type":"Sea"},"geometry":{"type":"Point","coordinates":[1.25422,51.94716]}},{"type":"Feature","id":1273,"properties":{"name":"Cannes","code":"FRCEQ","country":"","country_code":"FRA","port_type":"Sea"},"geometry":{"type":"Point","coordinates":[7.01445,43.55101]}},{"type":"Feature","id":1274,"properties":{"name":"Koper","code":"SIKOP","country":"","country_code":"SVN","port_type":"Sea"},"geometry":{"type":"Point","coordinates":[13.73379,45.5556]}},{"type":"Feature","id":1275,"properties":{"name":"Porto Santo Stefano","code":"ITPSS","country":"Italy","country_code":"ITA","port_type":"Sea"},"geometry":{"type":"Point","coordinates":[11.12104,42.43532]}},{"type":"Feature","id":1276,"properties":{"name":"Pula","code":"HRPUY","country":"Croatia","country_code":"HRV","port_type":"Sea"},"geometry":{"type":"Point","coordinates":[13.84768,44.87588]}},{"type":"Feature","id":1277,"properties":{"name":"Pontrieux","code":"FRPOX","country":"France","country_code":"FRA","port_type":"Sea"},"geometry":{"type":"Point","coordinates":[-3.16014,48.70416]}},{"type":"Feature","id":1278,"properties":{"name":"Truro","code":"GBTRU","country":"U.K. of Great Britain and Northern Ireland","country_code":"GBR","port_type":"Sea"},"geometry":{"type":"Point","coordinates":[-5.04653,50.26052]}},{"type":"Feature","id":1279,"properties":{"name":"Par","code":"GBPAR","country":"U.K. of Great Britain and Northern Ireland","country_code":"GBR","port_type":"Sea"},"geometry":{"type":"Point","coordinates":[-4.70853,50.35086]}},{"type":"Feature","id":1280,"properties":{"name":"Deal","code":"GBDEX","country":"U.K. of Great Britain and Northern Ireland","country_code":"GBR","port_type":"Sea"},"geometry":{"type":"Point","coordinates":[1.39705,51.22405]}},{"type":"Feature","id":1281,"properties":{"name":"Cardiff","code":"GBCDF","country":"U.K. of Great Britain and Northern Ireland","country_code":"GBR","port_type":"Sea"},"geometry":{"type":"Point","coordinates":[-3.15709,51.45939]}},{"type":"Feature","id":1282,"properties":{"name":"Avonmouth","code":"GBAVO","country":"U.K. of Great Britain and Northern Ireland","country_code":"GBR","port_type":"Sea"},"geometry":{"type":"Point","coordinates":[-2.70365,51.50408]}},{"type":"Feature","id":1283,"properties":{"name":"Portbury","code":"GBPRU","country":"U.K. of Great Britain and Northern Ireland","country_code":"GBR","port_type":"Sea"},"geometry":{"type":"Point","coordinates":[-2.72632,51.49371]}},{"type":"Feature","id":1284,"properties":{"name":"Coryton","code":"GBCOY","country":"U.K. of Great Britain and Northern Ireland","country_code":"GBR","port_type":"Sea"},"geometry":{"type":"Point","coordinates":[0.51447,51.51231]}},{"type":"Feature","id":1285,"properties":{"name":"Pembroke","code":"GBPEM","country":"U.K. of Great Britain and Northern Ireland","country_code":"GBR","port_type":"Sea"},"geometry":{"type":"Point","coordinates":[-4.95364,51.69515]}},{"type":"Feature","id":1286,"properties":{"name":"Dunmore East","code":"IEDNM","country":"Ireland","country_code":"IRL","port_type":"Sea"},"geometry":{"type":"Point","coordinates":[-6.9912,52.14743]}},{"type":"Feature","id":1287,"properties":{"name":"Groningen","code":"NLGRQ","country":"Netherlands","country_code":"NLD","port_type":"Sea"},"geometry":{"type":"Point","coordinates":[6.59487,53.22066]}},{"type":"Feature","id":1288,"properties":{"name":"Ghazaouet","code":"DZGHA","country":"Algeria","country_code":"DZA","port_type":"Sea"},"geometry":{"type":"Point","coordinates":[-1.86159,35.10098]}},{"type":"Feature","id":1289,"properties":{"name":"Al Hoceima","code":"MAAHU","country":"Morocco","country_code":"MAR","port_type":"Sea"},"geometry":{"type":"Point","coordinates":[-3.92559,35.24741]}},{"type":"Feature","id":1290,"properties":{"name":"Skikda","code":"DZSKI","country":"Algeria","country_code":"DZA","port_type":"Sea"},"geometry":{"type":"Point","coordinates":[6.91165,36.88518]}},{"type":"Feature","id":1291,"properties":{"name":"Soma","code":"JPSMA","country":"Japan","country_code":"JPN","port_type":"Sea"},"geometry":{"type":"Point","coordinates":[140.95718,37.83572]}},{"type":"Feature","id":1292,"properties":{"name":"Zanzibar","code":"TZZNZ","country":"United Republic of Tanzania","country_code":"TZA","port_type":"Sea"},"geometry":{"type":"Point","coordinates":[39.19235,-6.15707]}},{"type":"Feature","id":1293,"properties":{"name":"Phuket","code":"THHKT","country":"Thailand","country_code":"THA","port_type":"Sea"},"geometry":{"type":"Point","coordinates":[98.41471,7.87304]}},{"type":"Feature","id":1294,"properties":{"name":"Phangnga","code":"THPHA","country":"Thailand","country_code":"THA","port_type":"River"},"geometry":{"type":"Point","coordinates":[98.51346,8.39961]}},{"type":"Feature","id":1295,"properties":{"name":"Chanthaburi","code":"THCHA","country":"Thailand","country_code":"THA","port_type":"River"},"geometry":{"type":"Point","coordinates":[102.11342,12.60208]}},{"type":"Feature","id":1296,"properties":{"name":"Port Chalmers","code":"NZPOE","country":"","country_code":"NZL","port_type":"Sea"},"geometry":{"type":"Point","coordinates":[170.62442,-45.81224]}},{"type":"Feature","id":1297,"properties":{"name":"Stanley","code":"AUSTA","country":"Australia","country_code":"AUS","port_type":"Sea"},"geometry":{"type":"Point","coordinates":[145.29764,-40.7664]}},{"type":"Feature","id":1298,"properties":{"name":"Beachport","code":"AUBCH","country":"Australia","country_code":"AUS","port_type":"Sea"},"geometry":{"type":"Point","coordinates":[140.01314,-37.48074]}},{"type":"Feature","id":1299,"properties":{"name":"Port Kembla","code":"AUPKL","country":"Australia","country_code":"AUS","port_type":"Sea"},"geometry":{"type":"Point","coordinates":[150.89456,-34.46974]}},{"type":"Feature","id":1300,"properties":{"name":"Tome","code":"CLTOM","country":"Chile","country_code":"CHL","port_type":"Sea"},"geometry":{"type":"Point","coordinates":[-72.95899,-36.61919]}},{"type":"Feature","id":1301,"properties":{"name":"Los Vilos","code":"CLLOS","country":"Chile","country_code":"CHL","port_type":"Sea"},"geometry":{"type":"Point","coordinates":[-71.50971,-31.90908]}},{"type":"Feature","id":1302,"properties":{"name":"Tramandai","code":"BRTRM","country":"Brazil","country_code":"BRA","port_type":"Sea"},"geometry":{"type":"Point","coordinates":[-50.14362,-29.98563]}},{"type":"Feature","id":1303,"properties":{"name":"Imbituba","code":"BRIBB","country":"Brazil","country_code":"BRA","port_type":"Sea"},"geometry":{"type":"Point","coordinates":[-48.64935,-28.22984]}},{"type":"Feature","id":1304,"properties":{"name":"Urangan","code":"AUURN","country":"Australia","country_code":"AUS","port_type":"Sea"},"geometry":{"type":"Point","coordinates":[152.90265,-25.28393]}},{"type":"Feature","id":1305,"properties":{"name":"Pisagua","code":"CLPIS","country":"Chile","country_code":"CHL","port_type":"Sea"},"geometry":{"type":"Point","coordinates":[-70.20964,-19.59414]}},{"type":"Feature","id":1306,"properties":{"name":"Vaitape","code":"PFVAI","country":"French Polynesia","country_code":"PYF","port_type":"Sea"},"geometry":{"type":"Point","coordinates":[-151.75267,-16.50595]}},{"type":"Feature","id":1307,"properties":{"name":"Tsuruga","code":"JPTRG","country":"Japan","country_code":"JPN","port_type":"Sea"},"geometry":{"type":"Point","coordinates":[136.06499,35.65827]}},{"type":"Feature","id":1308,"properties":{"name":"Wallace Bay","code":"MYWAL","country":"Malaysia","country_code":"MYS","port_type":"Sea"},"geometry":{"type":"Point","coordinates":[117.66116,4.24747]}},{"type":"Feature","id":1309,"properties":{"name":"Yangjiang","code":"CNYJI","country":"China","country_code":"CHN","port_type":"Sea"},"geometry":{"type":"Point","coordinates":[111.95178,21.8331]}},{"type":"Feature","id":1310,"properties":{"name":"Okha","code":"INOKH","country":"","country_code":"IND","port_type":"Sea"},"geometry":{"type":"Point","coordinates":[69.08175,22.47321]}},{"type":"Feature","id":1311,"properties":{"name":"Yantian","code":"CNYTN","country":"China","country_code":"CHN","port_type":"Sea"},"geometry":{"type":"Point","coordinates":[114.26322,22.58089]}},{"type":"Feature","id":1312,"properties":{"name":"Sakito","code":"JPSTO","country":"Japan","country_code":"JPN","port_type":"Sea"},"geometry":{"type":"Point","coordinates":[129.56721,33.02102]}},{"type":"Feature","id":1313,"properties":{"name":"Takuma","code":"JPTKM","country":"Japan","country_code":"JPN","port_type":"Sea"},"geometry":{"type":"Point","coordinates":[133.67176,34.22592]}},{"type":"Feature","id":1314,"properties":{"name":"Marugame","code":"JPMAR","country":"Japan","country_code":"JPN","port_type":"Sea"},"geometry":{"type":"Point","coordinates":[133.78,34.28827]}},{"type":"Feature","id":1315,"properties":{"name":"Yokosuka","code":"JPYOS","country":"Japan","country_code":"JPN","port_type":"Sea"},"geometry":{"type":"Point","coordinates":[139.66181,35.28697]}},{"type":"Feature","id":1316,"properties":{"name":"Hachinohe","code":"JPHHE","country":"Japan","country_code":"JPN","port_type":"Sea"},"geometry":{"type":"Point","coordinates":[141.5049,40.54525]}},{"type":"Feature","id":1317,"properties":{"name":"Hereke","code":"TRHER","country":"","country_code":"TUR","port_type":"Sea"},"geometry":{"type":"Point","coordinates":[29.62055,40.78566]}},{"type":"Feature","id":1318,"properties":{"name":"Ayancik","code":"TRAYA","country":"Turkey","country_code":"TUR","port_type":"Sea"},"geometry":{"type":"Point","coordinates":[34.58465,41.94791]}},{"type":"Feature","id":1319,"properties":{"name":"Mori","code":"JPMOR","country":"Japan","country_code":"JPN","port_type":"Sea"},"geometry":{"type":"Point","coordinates":[140.58299,42.1079]}},{"type":"Feature","id":1320,"properties":{"name":"Kushiro","code":"JPKUH","country":"Japan","country_code":"JPN","port_type":"Sea"},"geometry":{"type":"Point","coordinates":[144.37109,42.98314]}},{"type":"Feature","id":1321,"properties":{"name":"Kaitangata","code":"NZKTG","country":"New Zealand","country_code":"NZL","port_type":"Sea"},"geometry":{"type":"Point","coordinates":[169.84385,-46.28637]}},{"type":"Feature","id":1322,"properties":{"name":"Timaru","code":"NZTIU","country":"","country_code":"NZL","port_type":"Sea"},"geometry":{"type":"Point","coordinates":[171.25537,-44.38903]}},{"type":"Feature","id":1323,"properties":{"name":"Lyttelton","code":"NZLYT","country":"","country_code":"NZL","port_type":"Sea"},"geometry":{"type":"Point","coordinates":[172.72449,-43.60722]}},{"type":"Feature","id":1324,"properties":{"name":"Christchurch","code":"NZCHC","country":"New Zealand","country_code":"NZL","port_type":"Sea"},"geometry":{"type":"Point","coordinates":[172.70468,-43.55791]}},{"type":"Feature","id":1325,"properties":{"name":"Necochea","code":"ARNEC","country":"Argentina","country_code":"ARG","port_type":"Sea"},"geometry":{"type":"Point","coordinates":[-58.7112,-38.57665]}},{"type":"Feature","id":1326,"properties":{"name":"Tauranga","code":"NZTRG","country":"New Zealand","country_code":"NZL","port_type":"Sea"},"geometry":{"type":"Point","coordinates":[176.18293,-37.65752]}},{"type":"Feature","id":1327,"properties":{"name":"Dargaville","code":"NZDGR","country":"New Zealand","country_code":"NZL","port_type":"Sea"},"geometry":{"type":"Point","coordinates":[173.87059,-35.94185]}},{"type":"Feature","id":1328,"properties":{"name":"Busselton","code":"AUBUS","country":"Australia","country_code":"AUS","port_type":"Sea"},"geometry":{"type":"Point","coordinates":[115.34872,-33.64839]}},{"type":"Feature","id":1329,"properties":{"name":"Bundaberg","code":"AUBDB","country":"Australia","country_code":"AUS","port_type":"Sea"},"geometry":{"type":"Point","coordinates":[152.38567,-24.7726]}},{"type":"Feature","id":1330,"properties":{"name":"Sibu","code":"MYSBW","country":"Malaysia","country_code":"MYS","port_type":"Sea"},"geometry":{"type":"Point","coordinates":[111.82375,2.2882]}},{"type":"Feature","id":1331,"properties":{"name":"Jolo","code":"PHJOL","country":"Philippines","country_code":"PHL","port_type":"Sea"},"geometry":{"type":"Point","coordinates":[120.99972,6.05276]}},{"type":"Feature","id":1332,"properties":{"name":"Tumpat","code":"MYTUM","country":"Malaysia","country_code":"MYS","port_type":"Sea"},"geometry":{"type":"Point","coordinates":[102.16879,6.2007]}},{"type":"Feature","id":1333,"properties":{"name":"Fayid","code":"EGFAD","country":"Egypt","country_code":"EGY","port_type":"Sea"},"geometry":{"type":"Point","coordinates":[32.30254,30.34047]}},{"type":"Feature","id":1334,"properties":{"name":"Miike","code":"JPMII","country":"Japan","country_code":"JPN","port_type":"Sea"},"geometry":{"type":"Point","coordinates":[130.42242,33.01707]}},{"type":"Feature","id":1335,"properties":{"name":"Uwajima","code":"JPUWA","country":"Japan","country_code":"JPN","port_type":"Sea"},"geometry":{"type":"Point","coordinates":[132.55234,33.22906]}},{"type":"Feature","id":1336,"properties":{"name":"Innoshima","code":"JPINS","country":"Japan","country_code":"JPN","port_type":"Sea"},"geometry":{"type":"Point","coordinates":[133.18556,34.2788]}},{"type":"Feature","id":1337,"properties":{"name":"Itozaki","code":"JPITO","country":"Japan","country_code":"JPN","port_type":"Sea"},"geometry":{"type":"Point","coordinates":[133.08974,34.39433]}},{"type":"Feature","id":1338,"properties":{"name":"Townsville","code":"AUTSV","country":"Australia","country_code":"AUS","port_type":"Sea"},"geometry":{"type":"Point","coordinates":[146.83102,-19.25697]}},{"type":"Feature","id":1339,"properties":{"name":"Seletar","code":"SGSLT","country":"","country_code":"SGP","port_type":"Sea"},"geometry":{"type":"Point","coordinates":[103.89181,1.42132]}},{"type":"Feature","id":1340,"properties":{"name":"La Estacada","code":"VELEC","country":"Venezuela","country_code":"VEN","port_type":"Sea"},"geometry":{"type":"Point","coordinates":[-71.52781,10.71037]}},{"type":"Feature","id":1341,"properties":{"name":"Jose Panganiban","code":"PHJPM","country":"Philippines","country_code":"PHL","port_type":"Sea"},"geometry":{"type":"Point","coordinates":[122.69469,14.28499]}},{"type":"Feature","id":1342,"properties":{"name":"Lingayen","code":"PHLIN","country":"Philippines","country_code":"PHL","port_type":"Sea"},"geometry":{"type":"Point","coordinates":[120.22847,16.01746]}},{"type":"Feature","id":1343,"properties":{"name":"Bhavnagar","code":"INBHU","country":"India","country_code":"IND","port_type":"Sea"},"geometry":{"type":"Point","coordinates":[72.23132,21.75977]}},{"type":"Feature","id":1344,"properties":{"name":"Pusan","code":"KRPUS","country":"Republic of Korea","country_code":"KOR","port_type":"Sea"},"geometry":{"type":"Point","coordinates":[129.06014,35.1243]}},{"type":"Feature","id":1345,"properties":{"name":"Wonsan","code":"KPWON","country":"","country_code":"PRK","port_type":"Sea"},"geometry":{"type":"Point","coordinates":[127.44446,39.15952]}},{"type":"Feature","id":1346,"properties":{"name":"Noshiro","code":"JPNSR","country":"Japan","country_code":"JPN","port_type":"Sea"},"geometry":{"type":"Point","coordinates":[140.0079,40.2104]}},{"type":"Feature","id":1347,"properties":{"name":"Yingkou","code":"CNYIK","country":"China","country_code":"CHN","port_type":"Sea"},"geometry":{"type":"Point","coordinates":[122.2706,40.69829]}},{"type":"Feature","id":1348,"properties":{"name":"Tuzla","code":"TRTUZ","country":"Turkey","country_code":"TUR","port_type":"Sea"},"geometry":{"type":"Point","coordinates":[29.28351,40.83666]}},{"type":"Feature","id":1349,"properties":{"name":"Korsakov","code":"RUKOR","country":"Russian Federation","country_code":"RUS","port_type":"Sea"},"geometry":{"type":"Point","coordinates":[142.76152,46.62973]}},{"type":"Feature","id":1350,"properties":{"name":"Turku","code":"FITKU","country":"Finland","country_code":"FIN","port_type":"Sea"},"geometry":{"type":"Point","coordinates":[22.2193,60.44253]}},{"type":"Feature","id":1351,"properties":{"name":"Wuhan","code":"CNWUH","country":"China","country_code":"CHN","port_type":"River"},"geometry":{"type":"Point","coordinates":[114.29363,30.58048]}},{"type":"Feature","id":1352,"properties":{"name":"Canakkale","code":"TRCKZ","country":"","country_code":"TUR","port_type":"Sea"},"geometry":{"type":"Point","coordinates":[26.40266,40.15029]}},{"type":"Feature","id":1353,"properties":{"name":"Buenos Aires","code":"ARBUE","country":"Argentina","country_code":"ARG","port_type":"Sea"},"geometry":{"type":"Point","coordinates":[-58.37344,-34.59058]}},{"type":"Feature","id":1354,"properties":{"name":"Farafangana","code":"MGRVA","country":"Madagascar","country_code":"MDG","port_type":"Sea"},"geometry":{"type":"Point","coordinates":[47.83071,-22.81379]}},{"type":"Feature","id":1355,"properties":{"name":"Valparaiso","code":"CLVAP","country":"Chile","country_code":"CHL","port_type":"Sea"},"geometry":{"type":"Point","coordinates":[-71.62628,-33.03935]}},{"type":"Feature","id":1356,"properties":{"name":"Tubarao","code":"BRTUB","country":"Brazil","country_code":"BRA","port_type":"Sea"},"geometry":{"type":"Point","coordinates":[-40.2422,-20.28376]}},{"type":"Feature","id":1357,"properties":{"name":"Belem","code":"BRBEL","country":"Brazil","country_code":"BRA","port_type":"Sea"},"geometry":{"type":"Point","coordinates":[-48.49365,-1.4405]}},{"type":"Feature","id":1358,"properties":{"name":"Acajutla","code":"SVAQJ","country":"El Salvador","country_code":"SLV","port_type":"Sea"},"geometry":{"type":"Point","coordinates":[-89.8338,13.57453]}},{"type":"Feature","id":1359,"properties":{"name":"Freeport","code":"BSFPO","country":"Bahamas","country_code":"BHS","port_type":"Sea"},"geometry":{"type":"Point","coordinates":[-78.76857,26.51869]}},{"type":"Feature","id":1360,"properties":{"name":"Puerto Cabello","code":"VEPBL","country":"Venezuela","country_code":"VEN","port_type":"Sea"},"geometry":{"type":"Point","coordinates":[-68.00372,10.47301]}},{"type":"Feature","id":1361,"properties":{"name":"Topolobampo","code":"MXTPB","country":"","country_code":"MEX","port_type":"Sea"},"geometry":{"type":"Point","coordinates":[-109.06023,25.59076]}},{"type":"Feature","id":1362,"properties":{"name":"Quintero","code":"CLQTV","country":"Chile","country_code":"CHL","port_type":"Sea"},"geometry":{"type":"Point","coordinates":[-71.52718,-32.78127]}},{"type":"Feature","id":1363,"properties":{"name":"Guayacan","code":"CLGYC","country":"Chile","country_code":"CHL","port_type":"Sea"},"geometry":{"type":"Point","coordinates":[-71.34916,-29.96873]}},{"type":"Feature","id":1364,"properties":{"name":"Taltal","code":"CLTTC","country":"Chile","country_code":"CHL","port_type":"Sea"},"geometry":{"type":"Point","coordinates":[-70.48943,-25.40792]}},{"type":"Feature","id":1365,"properties":{"name":"Punta Cardon","code":"VEPCN","country":"Venezuela","country_code":"VEN","port_type":"Sea"},"geometry":{"type":"Point","coordinates":[-70.23025,11.62577]}},{"type":"Feature","id":1366,"properties":{"name":"Ayvalik","code":"TRAYV","country":"Turkey","country_code":"TUR","port_type":"Sea"},"geometry":{"type":"Point","coordinates":[26.69751,39.32862]}},{"type":"Feature","id":1367,"properties":{"name":"Alvarado","code":"MXAVD","country":"Mexico","country_code":"MEX","port_type":"Sea"},"geometry":{"type":"Point","coordinates":[-95.7679,18.77027]}},{"type":"Feature","id":1368,"properties":{"name":"Santa Rosalia","code":"MXSRL","country":"Mexico","country_code":"MEX","port_type":"Sea"},"geometry":{"type":"Point","coordinates":[-112.26646,27.34135]}},{"type":"Feature","id":1369,"properties":{"name":"Inebolu","code":"TRINE","country":"Turkey","country_code":"TUR","port_type":"Sea"},"geometry":{"type":"Point","coordinates":[33.76605,41.9785]}},{"type":"Feature","id":1370,"properties":{"name":"Talara","code":"PETYL","country":"Peru","country_code":"PER","port_type":"Sea"},"geometry":{"type":"Point","coordinates":[-81.28203,-4.57655]}},{"type":"Feature","id":1371,"properties":{"name":"Nieuw Nickerie","code":"SRICK","country":"Suriname","country_code":"SUR","port_type":"Sea"},"geometry":{"type":"Point","coordinates":[-56.99537,5.94831]}},{"type":"Feature","id":1372,"properties":{"name":"Bridgetown","code":"BBBGI","country":"","country_code":"BRB","port_type":"Sea"},"geometry":{"type":"Point","coordinates":[-59.625,13.09953]}},{"type":"Feature","id":1373,"properties":{"name":"Ponce","code":"PRPSE","country":"Puerto Rico","country_code":"PRI","port_type":"Sea"},"geometry":{"type":"Point","coordinates":[-66.61435,17.97098]}},{"type":"Feature","id":1374,"properties":{"name":"Guayanilla","code":"PRGUY","country":"","country_code":"PRI","port_type":"Sea"},"geometry":{"type":"Point","coordinates":[-66.7589,18.00203]}},{"type":"Feature","id":1375,"properties":{"name":"Dumai","code":"IDDUM","country":"","country_code":"IDN","port_type":"Sea"},"geometry":{"type":"Point","coordinates":[101.44849,1.6861]}},{"type":"Feature","id":1376,"properties":{"name":"Waingapu","code":"IDWGP","country":"Indonesia","country_code":"IDN","port_type":"Sea"},"geometry":{"type":"Point","coordinates":[120.24987,-9.64121]}},{"type":"Feature","id":1377,"properties":{"name":"Cienfuegos","code":"CUCFG","country":"Cuba","country_code":"CUB","port_type":"Sea"},"geometry":{"type":"Point","coordinates":[-80.45628,22.14121]}},{"type":"Feature","id":1378,"properties":{"name":"Puerto Sandino","code":"NIPSN","country":"Nicaragua","country_code":"NIC","port_type":"Sea"},"geometry":{"type":"Point","coordinates":[-86.76354,12.2018]}},{"type":"Feature","id":1379,"properties":{"name":"Nanchital","code":"MXNAN","country":"Mexico","country_code":"MEX","port_type":"Sea"},"geometry":{"type":"Point","coordinates":[-94.41357,18.07357]}},{"type":"Feature","id":1380,"properties":{"name":"Ramallo","code":"ARRAM","country":"Argentina","country_code":"ARG","port_type":"River"},"geometry":{"type":"Point","coordinates":[-59.99797,-33.47639]}},{"type":"Feature","id":1381,"properties":{"name":"Hambantota","code":"LKHBA","country":"Sri Lanka","country_code":"LKA","port_type":"Sea"},"geometry":{"type":"Point","coordinates":[81.09534,6.12843]}},{"type":"Feature","id":1382,"properties":{"name":"Aguadulce","code":"PAAGD","country":"Panama","country_code":"PAN","port_type":"Sea"},"geometry":{"type":"Point","coordinates":[-80.49807,8.24315]}},{"type":"Feature","id":1383,"properties":{"name":"Kourou","code":"GFQKR","country":"French Guiana","country_code":"GUF","port_type":"Sea"},"geometry":{"type":"Point","coordinates":[-52.64379,5.14879]}},{"type":"Feature","id":1384,"properties":{"name":"Champerico","code":"GTCHR","country":"Guatemala","country_code":"GTM","port_type":"Sea"},"geometry":{"type":"Point","coordinates":[-91.91519,14.2954]}},{"type":"Feature","id":1385,"properties":{"name":"Pago Pago","code":"ASPPG","country":"American Samoa","country_code":"ASM","port_type":"Sea"},"geometry":{"type":"Point","coordinates":[-170.69365,-14.27541]}},{"type":"Feature","id":1386,"properties":{"name":"Port Said","code":"EGPSD","country":"","country_code":"EGY","port_type":"Sea"},"geometry":{"type":"Point","coordinates":[32.3009,31.24333]}},{"type":"Feature","id":1387,"properties":{"name":"Lae","code":"PGLAE","country":"Papua New Guinea","country_code":"PNG","port_type":"Sea"},"geometry":{"type":"Point","coordinates":[146.9797,-6.73497]}},{"type":"Feature","id":1388,"properties":{"name":"Duran","code":"ECDUN","country":"Ecuador","country_code":"ECU","port_type":"Sea"},"geometry":{"type":"Point","coordinates":[-79.83822,-2.19278]}},{"type":"Feature","id":1389,"properties":{"name":"Hadera","code":"ILHAD","country":"","country_code":"ISR","port_type":"Sea"},"geometry":{"type":"Point","coordinates":[34.88576,32.46712]}},{"type":"Feature","id":1390,"properties":{"name":"Hamburg","code":"DEHAM","country":"Germany","country_code":"DEU","port_type":"Sea"},"geometry":{"type":"Point","coordinates":[9.98743,53.53577]}},{"type":"Feature","id":1391,"properties":{"name":"Norddeich","code":"DENOE","country":"","country_code":"DEU","port_type":"Sea"},"geometry":{"type":"Point","coordinates":[7.15835,53.62578]}},{"type":"Feature","id":1392,"properties":{"name":"Goole","code":"GBGOO","country":"U.K. of Great Britain and Northern Ireland","country_code":"GBR","port_type":"Sea"},"geometry":{"type":"Point","coordinates":[-0.872,53.7008]}},{"type":"Feature","id":1393,"properties":{"name":"Drogheda","code":"IEDRO","country":"Ireland","country_code":"IRL","port_type":"Sea"},"geometry":{"type":"Point","coordinates":[-6.34003,53.71679]}},{"type":"Feature","id":1394,"properties":{"name":"Whitby","code":"GBWTB","country":"U.K. of Great Britain and Northern Ireland","country_code":"GBR","port_type":"Sea"},"geometry":{"type":"Point","coordinates":[-0.61444,54.48999]}},{"type":"Feature","id":1395,"properties":{"name":"Nysted","code":"DKNTD","country":"Denmark","country_code":"DNK","port_type":"Sea"},"geometry":{"type":"Point","coordinates":[11.72627,54.66664]}},{"type":"Feature","id":1396,"properties":{"name":"Kerteminde","code":"DKKTD","country":"Denmark","country_code":"DNK","port_type":"Sea"},"geometry":{"type":"Point","coordinates":[10.66497,55.45206]}},{"type":"Feature","id":1397,"properties":{"name":"Kolding","code":"DKKOL","country":"Denmark","country_code":"DNK","port_type":"Sea"},"geometry":{"type":"Point","coordinates":[9.49588,55.4907]}},{"type":"Feature","id":1398,"properties":{"name":"Old Kilpatrick","code":"GBOKK","country":"U.K. of Great Britain and Northern Ireland","country_code":"GBR","port_type":"Sea"},"geometry":{"type":"Point","coordinates":[-4.48172,55.92998]}},{"type":"Feature","id":1399,"properties":{"name":"Ardrishaig","code":"GBASG","country":"U.K. of Great Britain and Northern Ireland","country_code":"GBR","port_type":"Sea"},"geometry":{"type":"Point","coordinates":[-5.44685,56.01384]}},{"type":"Feature","id":1400,"properties":{"name":"Malpe","code":"INMAL","country":"India","country_code":"IND","port_type":"Sea"},"geometry":{"type":"Point","coordinates":[74.6949,13.34653]}},{"type":"Feature","id":1401,"properties":{"name":"North Berwick","code":"GBNBW","country":"U.K. of Great Britain and Northern Ireland","country_code":"GBR","port_type":"Sea"},"geometry":{"type":"Point","coordinates":[-2.71775,56.06015]}},{"type":"Feature","id":1402,"properties":{"name":"Randers","code":"DKRAN","country":"Denmark","country_code":"DNK","port_type":"Sea"},"geometry":{"type":"Point","coordinates":[10.05017,56.46012]}},{"type":"Feature","id":1403,"properties":{"name":"Mariager","code":"DKMRR","country":"Denmark","country_code":"DNK","port_type":"Sea"},"geometry":{"type":"Point","coordinates":[9.98345,56.65358]}},{"type":"Feature","id":1404,"properties":{"name":"Strangnas","code":"SESTQ","country":"Sweden","country_code":"SWE","port_type":"Sea"},"geometry":{"type":"Point","coordinates":[17.02617,59.3785]}},{"type":"Feature","id":1405,"properties":{"name":"Lysaker","code":"NOLYS","country":"Norway","country_code":"NOR","port_type":"Sea"},"geometry":{"type":"Point","coordinates":[10.64228,59.91188]}},{"type":"Feature","id":1406,"properties":{"name":"Sandarne","code":"SESAE","country":"Sweden","country_code":"SWE","port_type":"Sea"},"geometry":{"type":"Point","coordinates":[17.1706,61.26021]}},{"type":"Feature","id":1407,"properties":{"name":"Haukipudas","code":"FIHAU","country":"Finland","country_code":"FIN","port_type":"Sea"},"geometry":{"type":"Point","coordinates":[25.29095,65.21231]}},{"type":"Feature","id":1408,"properties":{"name":"Namibe","code":"AOMSZ","country":"Angola","country_code":"AGO","port_type":"Sea"},"geometry":{"type":"Point","coordinates":[12.13261,-15.19544]}},{"type":"Feature","id":1409,"properties":{"name":"Sheboygan","code":"USSBZ","country":"United States of America","country_code":"USA","port_type":"Lake"},"geometry":{"type":"Point","coordinates":[-87.70174,43.75394]}},{"type":"Feature","id":1410,"properties":{"name":"East London","code":"ZAELS","country":"South Africa","country_code":"ZAF","port_type":"Sea"},"geometry":{"type":"Point","coordinates":[27.90853,-33.02485]}},{"type":"Feature","id":1411,"properties":{"name":"Otake","code":"","country":"Japan","country_code":"JPN","port_type":"Sea"},"geometry":{"type":"Point","coordinates":[132.24054,34.21883]}},{"type":"Feature","id":1412,"properties":{"name":"Honolulu","code":"USHNL","country":"","country_code":"USA","port_type":"Sea"},"geometry":{"type":"Point","coordinates":[-157.87272,21.31196]}},{"type":"Feature","id":1413,"properties":{"name":"Santa Marta","code":"COSMR","country":"","country_code":"COL","port_type":"Sea"},"geometry":{"type":"Point","coordinates":[-74.21571,11.24916]}},{"type":"Feature","id":1414,"properties":{"name":"Jakarta","code":"IDJKT","country":"","country_code":"IDN","port_type":"Sea"},"geometry":{"type":"Point","coordinates":[106.80256,-6.10434]}},{"type":"Feature","id":1415,"properties":{"name":"Tanjung Priok","code":"IDTPP","country":"Indonesia","country_code":"IDN","port_type":"Sea"},"geometry":{"type":"Point","coordinates":[106.87615,-6.10492]}},{"type":"Feature","id":1416,"properties":{"name":"Kupang","code":"IDKOE","country":"","country_code":"IDN","port_type":"Sea"},"geometry":{"type":"Point","coordinates":[123.59051,-10.15375]}},{"type":"Feature","id":1417,"properties":{"name":"Bitung","code":"IDBIT","country":"","country_code":"IDN","port_type":"Sea"},"geometry":{"type":"Point","coordinates":[125.19403,1.4389]}},{"type":"Feature","id":1418,"properties":{"name":"Puna","code":"ECPUN","country":"Ecuador","country_code":"ECU","port_type":"Sea"},"geometry":{"type":"Point","coordinates":[-79.91251,-2.73513]}},{"type":"Feature","id":1419,"properties":{"name":"Banes","code":"CUBAN","country":"Cuba","country_code":"CUB","port_type":"Sea"},"geometry":{"type":"Point","coordinates":[-75.70484,20.91922]}},{"type":"Feature","id":1420,"properties":{"name":"Cabo Blanco","code":"PECAB","country":"Peru","country_code":"PER","port_type":"Sea"},"geometry":{"type":"Point","coordinates":[-81.2306,-4.25051]}},{"type":"Feature","id":1421,"properties":{"name":"Port Tampa","code":"USPOT","country":"","country_code":"USA","port_type":"Sea"},"geometry":{"type":"Point","coordinates":[-82.44533,27.92635]}},{"type":"Feature","id":1422,"properties":{"name":"Apalachicola","code":"USAAF","country":"","country_code":"USA","port_type":"Sea"},"geometry":{"type":"Point","coordinates":[-84.98267,29.72355]}},{"type":"Feature","id":1423,"properties":{"name":"El Segundo","code":"USELS","country":"","country_code":"USA","port_type":"Sea"},"geometry":{"type":"Point","coordinates":[-118.42607,33.91128]}},{"type":"Feature","id":1424,"properties":{"name":"Ngali","code":"","country":"Democratic Republic of the Congo","country_code":"COD","port_type":"River"},"geometry":{"type":"Point","coordinates":[19.31629,-2.42926]}},{"type":"Feature","id":1425,"properties":{"name":"Coron","code":"","country":"","country_code":"PHL","port_type":"Sea"},"geometry":{"type":"Point","coordinates":[120.21227,11.99246]}},{"type":"Feature","id":1426,"properties":{"name":"Maasin","code":"","country":"Philippines","country_code":"PHL","port_type":"Sea"},"geometry":{"type":"Point","coordinates":[124.84119,10.1321]}},{"type":"Feature","id":1427,"properties":{"name":"Asau","code":"","country":"Samoa","country_code":"WSM","port_type":"Sea"},"geometry":{"type":"Point","coordinates":[-172.6313,-13.51245]}},{"type":"Feature","id":1428,"properties":{"name":"Bandundu","code":"","country":"Democratic Republic of the Congo","country_code":"COD","port_type":"River"},"geometry":{"type":"Point","coordinates":[17.36589,-3.30989]}},{"type":"Feature","id":1429,"properties":{"name":"Ubay","code":"","country":"Philippines","country_code":"PHL","port_type":"Sea"},"geometry":{"type":"Point","coordinates":[124.47209,10.0592]}},{"type":"Feature","id":1430,"properties":{"name":"Davant","code":"USDVT","country":"United States of America","country_code":"USA","port_type":"Sea"},"geometry":{"type":"Point","coordinates":[-89.8482,29.6071]}},{"type":"Feature","id":1431,"properties":{"name":"Pasadena","code":"USPSD","country":"United States of America","country_code":"USA","port_type":"Sea"},"geometry":{"type":"Point","coordinates":[-95.2169,29.72073]}},{"type":"Feature","id":1432,"properties":{"name":"Cameron","code":"USCXM","country":"United States of America","country_code":"USA","port_type":"Sea"},"geometry":{"type":"Point","coordinates":[-93.32327,29.7929]}},{"type":"Feature","id":1433,"properties":{"name":"Everett","code":"USEVT","country":"United States of America","country_code":"USA","port_type":"Sea"},"geometry":{"type":"Point","coordinates":[-122.21452,47.99439]}},{"type":"Feature","id":1434,"properties":{"name":"Hopewell","code":"USHPW","country":"United States of America","country_code":"USA","port_type":"Sea"},"geometry":{"type":"Point","coordinates":[-77.26764,37.30712]}},{"type":"Feature","id":1435,"properties":{"name":"San Mateo","code":"USSMK","country":"United States of America","country_code":"USA","port_type":"Sea"},"geometry":{"type":"Point","coordinates":[-122.31829,37.58615]}},{"type":"Feature","id":1436,"properties":{"name":"San Carlos","code":"","country":"","country_code":"PHL","port_type":"Sea"},"geometry":{"type":"Point","coordinates":[123.42024,10.47904]}},{"type":"Feature","id":1437,"properties":{"name":"Alexandria","code":"","country":"United States of America","country_code":"USA","port_type":"Unknown"},"geometry":{"type":"Point","coordinates":[-77.03909,38.80531]}},{"type":"Feature","id":1438,"properties":{"name":"Hungnam","code":"","country":"Dem People's Rep of Korea","country_code":"PRK","port_type":"Unknown"},"geometry":{"type":"Point","coordinates":[127.61872,39.83086]}},{"type":"Feature","id":1439,"properties":{"name":"Antibes","code":"FRANT","country":"France","country_code":"FRA","port_type":"Sea"},"geometry":{"type":"Point","coordinates":[7.12206,43.58743]}},{"type":"Feature","id":1440,"properties":{"name":"Wallhamn","code":"SEWAL","country":"Sweden","country_code":"SWE","port_type":"Sea"},"geometry":{"type":"Point","coordinates":[11.70032,58.01242]}},{"type":"Feature","id":1441,"properties":{"name":"Skiathos","code":"GRJSI","country":"Greece","country_code":"GRC","port_type":"Sea"},"geometry":{"type":"Point","coordinates":[23.49153,39.16343]}},{"type":"Feature","id":1442,"properties":{"name":"Sagunto","code":"ESSAG","country":"Spain","country_code":"ESP","port_type":"Sea"},"geometry":{"type":"Point","coordinates":[-0.21832,39.6477]}},{"type":"Feature","id":1443,"properties":{"name":"Biarritz","code":"FRBIQ","country":"France","country_code":"FRA","port_type":"Sea"},"geometry":{"type":"Point","coordinates":[-1.57459,43.46666]}},{"type":"Feature","id":1444,"properties":{"name":"Forsmark","code":"SEFOR","country":"Sweden","country_code":"SWE","port_type":"Sea"},"geometry":{"type":"Point","coordinates":[18.18332,60.40559]}},{"type":"Feature","id":1445,"properties":{"name":"Mongstad","code":"NOMON","country":"Norway","country_code":"NOR","port_type":"Sea"},"geometry":{"type":"Point","coordinates":[5.01857,60.81045]}},{"type":"Feature","id":1446,"properties":{"name":"Torquay","code":"GBTOR","country":"U.K. of Great Britain and Northern Ireland","country_code":"GBR","port_type":"Sea"},"geometry":{"type":"Point","coordinates":[-3.52712,50.46141]}},{"type":"Feature","id":1447,"properties":{"name":"Parga","code":"GRPAR","country":"Greece","country_code":"GRC","port_type":"Sea"},"geometry":{"type":"Point","coordinates":[20.3883,39.28813]}},{"type":"Feature","id":1448,"properties":{"name":"Douarnenez","code":"FRDRZ","country":"France","country_code":"FRA","port_type":"Sea"},"geometry":{"type":"Point","coordinates":[-4.33861,48.09639]}},{"type":"Feature","id":1449,"properties":{"name":"Paris","code":"FRPAR","country":"France","country_code":"FRA","port_type":"Sea"},"geometry":{"type":"Point","coordinates":[2.31492,48.86431]}},{"type":"Feature","id":1450,"properties":{"name":"Faro","code":"PTFAO","country":"Portugal","country_code":"PRT","port_type":"Sea"},"geometry":{"type":"Point","coordinates":[-7.93553,37.01511]}},{"type":"Feature","id":1451,"properties":{"name":"Portimao","code":"PTPRM","country":"Portugal","country_code":"PRT","port_type":"Sea"},"geometry":{"type":"Point","coordinates":[-8.53039,37.12787]}},{"type":"Feature","id":1452,"properties":{"name":"Denia","code":"ESDNA","country":"Spain","country_code":"ESP","port_type":"Sea"},"geometry":{"type":"Point","coordinates":[0.11083,38.84353]}},{"type":"Feature","id":1453,"properties":{"name":"Keramoti","code":"GRKER","country":"Greece","country_code":"GRC","port_type":"Sea"},"geometry":{"type":"Point","coordinates":[24.7032,40.85758]}},{"type":"Feature","id":1454,"properties":{"name":"Bordeaux","code":"FRBOD","country":"France","country_code":"FRA","port_type":"Sea"},"geometry":{"type":"Point","coordinates":[-0.56907,44.84194]}},{"type":"Feature","id":1455,"properties":{"name":"Lyngor","code":"NOLNG","country":"Norway","country_code":"NOR","port_type":"Sea"},"geometry":{"type":"Point","coordinates":[9.12519,58.6446]}},{"type":"Feature","id":1456,"properties":{"name":"Otterbacken","code":"SEOTT","country":"Sweden","country_code":"SWE","port_type":"Sea"},"geometry":{"type":"Point","coordinates":[14.03494,58.95018]}},{"type":"Feature","id":1457,"properties":{"name":"Enkoping","code":"SEENK","country":"Sweden","country_code":"SWE","port_type":"Sea"},"geometry":{"type":"Point","coordinates":[17.07122,59.5907]}},{"type":"Feature","id":1458,"properties":{"name":"Norrtalje","code":"SENOE","country":"Sweden","country_code":"SWE","port_type":"Sea"},"geometry":{"type":"Point","coordinates":[18.72569,59.75486]}},{"type":"Feature","id":1459,"properties":{"name":"Yangambi","code":"","country":"Democratic Republic of the Congo","country_code":"COD","port_type":"River"},"geometry":{"type":"Point","coordinates":[24.47932,0.75781]}},{"type":"Feature","id":1460,"properties":{"name":"Lowa","code":"","country":"Democratic Republic of the Congo","country_code":"COD","port_type":"River"},"geometry":{"type":"Point","coordinates":[25.81225,-1.39476]}},{"type":"Feature","id":1461,"properties":{"name":"Kabimba","code":"","country":"Democratic Republic of the Congo","country_code":"COD","port_type":"Lake"},"geometry":{"type":"Point","coordinates":[29.34148,-5.55584]}},{"type":"Feature","id":1462,"properties":{"name":"Lappeenranta","code":"FILPP","country":"Finland","country_code":"FIN","port_type":"River"},"geometry":{"type":"Point","coordinates":[28.18524,61.06874]}},{"type":"Feature","id":1463,"properties":{"name":"Selaata","code":"","country":"","country_code":"LBN","port_type":"Sea"},"geometry":{"type":"Point","coordinates":[35.65501,34.28059]}},{"type":"Feature","id":1464,"properties":{"name":"Amirabad","code":"","country":"Iran  (Islamic Republic of)","country_code":"IRN","port_type":"Sea"},"geometry":{"type":"Point","coordinates":[53.31111,36.84111]}},{"type":"Feature","id":1465,"properties":{"name":"Ende","code":"","country":"Indonesia","country_code":"IDN","port_type":"Sea"},"geometry":{"type":"Point","coordinates":[121.64313,-8.84538]}},{"type":"Feature","id":1466,"properties":{"name":"Thilawa","code":"","country":"Myanmar","country_code":"MMR","port_type":"River"},"geometry":{"type":"Point","coordinates":[96.24981,16.66539]}},{"type":"Feature","id":1467,"properties":{"name":"Lafiteau","code":"","country":"","country_code":"HTI","port_type":"Sea"},"geometry":{"type":"Point","coordinates":[-72.36365,18.69607]}},{"type":"Feature","id":1468,"properties":{"name":"Segou","code":"","country":"Mali","country_code":"MLI","port_type":"River"},"geometry":{"type":"Point","coordinates":[-6.26519,13.4504]}},{"type":"Feature","id":1469,"properties":{"name":"Diafarabe","code":"","country":"Mali","country_code":"MLI","port_type":"River"},"geometry":{"type":"Point","coordinates":[-5.01532,14.1373]}},{"type":"Feature","id":1470,"properties":{"name":"Dire","code":"","country":"Mali","country_code":"MLI","port_type":"River"},"geometry":{"type":"Point","coordinates":[-3.3911,16.2628]}},{"type":"Feature","id":1471,"properties":{"name":"Mahajanga","code":"MGMJN","country":"Madagascar","country_code":"MDG","port_type":"Sea"},"geometry":{"type":"Point","coordinates":[46.31543,-15.72557]}},{"type":"Feature","id":1472,"properties":{"name":"Appleton","code":"USATW","country":"United States of America","country_code":"USA","port_type":"Lake"},"geometry":{"type":"Point","coordinates":[-88.40024,44.25639]}},{"type":"Feature","id":1473,"properties":{"name":"Davao","code":"PHBIY","country":"","country_code":"PHL","port_type":"Sea"},"geometry":{"type":"Point","coordinates":[125.64773,7.09777]}},{"type":"Feature","id":1474,"properties":{"name":"Larena","code":"","country":"Philippines","country_code":"PHL","port_type":"Sea"},"geometry":{"type":"Point","coordinates":[123.5926,9.24938]}},{"type":"Feature","id":1475,"properties":{"name":"Kopmanholmen","code":"SEKMH","country":"Sweden","country_code":"SWE","port_type":"Sea"},"geometry":{"type":"Point","coordinates":[18.5928,63.16975]}},{"type":"Feature","id":1476,"properties":{"name":"Andranomahitsy","code":"","country":"Madagascar","country_code":"MDG","port_type":"River"},"geometry":{"type":"Point","coordinates":[48.44334,-20.92599]}},{"type":"Feature","id":1477,"properties":{"name":"Marohita","code":"","country":"Madagascar","country_code":"MDG","port_type":"River"},"geometry":{"type":"Point","coordinates":[48.27803,-21.41381]}},{"type":"Feature","id":1478,"properties":{"name":"Marofinaritra","code":"","country":"Madagascar","country_code":"MDG","port_type":"River"},"geometry":{"type":"Point","coordinates":[49.30446,-18.32038]}},{"type":"Feature","id":1479,"properties":{"name":"Nosy Varika","code":"","country":"Madagascar","country_code":"MDG","port_type":"River"},"geometry":{"type":"Point","coordinates":[48.5328,-20.58106]}},{"type":"Feature","id":1480,"properties":{"name":"Ambahy","code":"","country":"Madagascar","country_code":"MDG","port_type":"River"},"geometry":{"type":"Point","coordinates":[48.47793,-20.77412]}},{"type":"Feature","id":1481,"properties":{"name":"Limassol","code":"CYLMS","country":"Cyprus","country_code":"CYP","port_type":"Sea"},"geometry":{"type":"Point","coordinates":[33.03661,34.6697]}},{"type":"Feature","id":1482,"properties":{"name":"Gwadar","code":"PKGWD","country":"Pakistan","country_code":"PAK","port_type":"Sea"},"geometry":{"type":"Point","coordinates":[62.33025,25.11313]}},{"type":"Feature","id":1483,"properties":{"name":"Basoko","code":"","country":"Democratic Republic of the Congo","country_code":"COD","port_type":"River"},"geometry":{"type":"Point","coordinates":[23.60569,1.22882]}},{"type":"Feature","id":1484,"properties":{"name":"Ahus","code":"SEAHU","country":"Sweden","country_code":"SWE","port_type":"Sea"},"geometry":{"type":"Point","coordinates":[14.32414,55.92858]}},{"type":"Feature","id":1485,"properties":{"name":"Lewiston","code":"USLUT","country":"","country_code":"USA","port_type":"Lake"},"geometry":{"type":"Point","coordinates":[-79.04913,43.17451]}},{"type":"Feature","id":1486,"properties":{"name":"Hamilton","code":"CAHAM","country":"Canada","country_code":"CAN","port_type":"Lake"},"geometry":{"type":"Point","coordinates":[-79.82898,43.27388]}},{"type":"Feature","id":1487,"properties":{"name":"Yalusaka","code":"","country":"Democratic Republic of the Congo","country_code":"COD","port_type":"River"},"geometry":{"type":"Point","coordinates":[22.97496,-0.95585]}},{"type":"Feature","id":1488,"properties":{"name":"Lomami","code":"","country":"Democratic Republic of the Congo","country_code":"COD","port_type":"River"},"geometry":{"type":"Point","coordinates":[22.63543,-1.82278]}},{"type":"Feature","id":1489,"properties":{"name":"Waka","code":"","country":"Democratic Republic of the Congo","country_code":"COD","port_type":"River"},"geometry":{"type":"Point","coordinates":[20.19136,-0.94079]}},{"type":"Feature","id":1490,"properties":{"name":"Waka","code":"","country":"Democratic Republic of the Congo","country_code":"COD","port_type":"River"},"geometry":{"type":"Point","coordinates":[20.21208,1.00412]}},{"type":"Feature","id":1491,"properties":{"name":"Wewak","code":"PGWWK","country":"","country_code":"PNG","port_type":"Unknown"},"geometry":{"type":"Point","coordinates":[143.64336,-3.57221]}},{"type":"Feature","id":1492,"properties":{"name":"Amamapare","code":"IDAMA","country":"","country_code":"IDN","port_type":"Unknown"},"geometry":{"type":"Point","coordinates":[136.83729,-4.828]}},{"type":"Feature","id":1493,"properties":{"name":"Lorengau","code":"PGLOR","country":"Papua New Guinea","country_code":"PNG","port_type":"Unknown"},"geometry":{"type":"Point","coordinates":[147.37342,-2.04132]}},{"type":"Feature","id":1494,"properties":{"name":"Searsport","code":"USSRP","country":"","country_code":"USA","port_type":"Sea"},"geometry":{"type":"Point","coordinates":[-68.89988,44.45354]}},{"type":"Feature","id":1495,"properties":{"name":"Charlottetown","code":"CACHA","country":"Canada","country_code":"CAN","port_type":"Sea"},"geometry":{"type":"Point","coordinates":[-63.11948,46.23392]}},{"type":"Feature","id":1496,"properties":{"name":"Moosonee","code":"CAMOU","country":"Canada","country_code":"CAN","port_type":"Sea"},"geometry":{"type":"Point","coordinates":[-80.63108,51.277]}},{"type":"Feature","id":1497,"properties":{"name":"Masset","code":"CAZMT","country":"Canada","country_code":"CAN","port_type":"Sea"},"geometry":{"type":"Point","coordinates":[-132.14039,54.00999]}},{"type":"Feature","id":1498,"properties":{"name":"Donaldsonville","code":"USDNA","country":"United States of America","country_code":"USA","port_type":"Sea"},"geometry":{"type":"Point","coordinates":[-90.98393,30.10758]}},{"type":"Feature","id":1499,"properties":{"name":"Clinton","code":"USCLB","country":"","country_code":"USA","port_type":"Sea"},"geometry":{"type":"Point","coordinates":[-72.52856,41.26914]}},{"type":"Feature","id":1500,"properties":{"name":"Provincetown","code":"USPVC","country":"","country_code":"USA","port_type":"Sea"},"geometry":{"type":"Point","coordinates":[-70.1856,42.0516]}},{"type":"Feature","id":1501,"properties":{"name":"Alsen","code":"USAEN","country":"United States of America","country_code":"USA","port_type":"Sea"},"geometry":{"type":"Point","coordinates":[-73.85441,42.21078]}},{"type":"Feature","id":1502,"properties":{"name":"Cornwall","code":"CACWL","country":"","country_code":"CAN","port_type":"Sea"},"geometry":{"type":"Point","coordinates":[-74.74401,45.01319]}},{"type":"Feature","id":1503,"properties":{"name":"Kalama","code":"USKAL","country":"United States of America","country_code":"USA","port_type":"Sea"},"geometry":{"type":"Point","coordinates":[-122.84856,46.00763]}},{"type":"Feature","id":1504,"properties":{"name":"Olympia","code":"USOLM","country":"United States of America","country_code":"USA","port_type":"Sea"},"geometry":{"type":"Point","coordinates":[-122.89909,47.05495]}},{"type":"Feature","id":1505,"properties":{"name":"Holyrood","code":"CAHOD","country":"Canada","country_code":"CAN","port_type":"Sea"},"geometry":{"type":"Point","coordinates":[-53.12614,47.38914]}},{"type":"Feature","id":1506,"properties":{"name":"Gaspe","code":"CAGPE","country":"Canada","country_code":"CAN","port_type":"Sea"},"geometry":{"type":"Point","coordinates":[-64.48462,48.82764]}},{"type":"Feature","id":1507,"properties":{"name":"Freeport","code":"USFRP","country":"","country_code":"USA","port_type":"Sea"},"geometry":{"type":"Point","coordinates":[-95.33154,28.94228]}},{"type":"Feature","id":1508,"properties":{"name":"San Diego","code":"USSAN","country":"United States of America","country_code":"USA","port_type":"Sea"},"geometry":{"type":"Point","coordinates":[-117.1153,32.65163]}},{"type":"Feature","id":1509,"properties":{"name":"Perth Amboy","code":"USPAY","country":"United States of America","country_code":"USA","port_type":"Sea"},"geometry":{"type":"Point","coordinates":[-74.26308,40.50359]}},{"type":"Feature","id":1510,"properties":{"name":"Yarmouth","code":"USYAR","country":"","country_code":"USA","port_type":"Sea"},"geometry":{"type":"Point","coordinates":[-70.17702,43.79643]}},{"type":"Feature","id":1511,"properties":{"name":"Le Havre","code":"FRLEH","country":"France","country_code":"FRA","port_type":"Sea"},"geometry":{"type":"Point","coordinates":[0.13176,49.47766]}},{"type":"Feature","id":1512,"properties":{"name":"Nanaimo","code":"CANNO","country":"Canada","country_code":"CAN","port_type":"Sea"},"geometry":{"type":"Point","coordinates":[-123.9351,49.16603]}},{"type":"Feature","id":1513,"properties":{"name":"Springdale","code":"CASPD","country":"","country_code":"CAN","port_type":"Sea"},"geometry":{"type":"Point","coordinates":[-56.06691,49.50044]}},{"type":"Feature","id":1514,"properties":{"name":"Anchorage","code":"USANC","country":"United States of America","country_code":"USA","port_type":"Sea"},"geometry":{"type":"Point","coordinates":[-149.89662,61.22781]}},{"type":"Feature","id":1515,"properties":{"name":"Grasten","code":"DKGRA","country":"Denmark","country_code":"DNK","port_type":"Sea"},"geometry":{"type":"Point","coordinates":[9.59995,54.91214]}},{"type":"Feature","id":1516,"properties":{"name":"Tayport","code":"GBTAY","country":"U.K. of Great Britain and Northern Ireland","country_code":"GBR","port_type":"Sea"},"geometry":{"type":"Point","coordinates":[-2.87945,56.44975]}},{"type":"Feature","id":1517,"properties":{"name":"Buckie","code":"GBBUC","country":"U.K. of Great Britain and Northern Ireland","country_code":"GBR","port_type":"Sea"},"geometry":{"type":"Point","coordinates":[-2.96059,57.67931]}},{"type":"Feature","id":1518,"properties":{"name":"Katakolon","code":"GRKAK","country":"Greece","country_code":"GRC","port_type":"Sea"},"geometry":{"type":"Point","coordinates":[21.31702,37.64933]}},{"type":"Feature","id":1519,"properties":{"name":"Perama","code":"GRPER","country":"Greece","country_code":"GRC","port_type":"Sea"},"geometry":{"type":"Point","coordinates":[23.56475,37.96341]}},{"type":"Feature","id":1520,"properties":{"name":"Messina","code":"ITMSN","country":"Italy","country_code":"ITA","port_type":"Sea"},"geometry":{"type":"Point","coordinates":[15.55812,38.18235]}},{"type":"Feature","id":1521,"properties":{"name":"Piombino","code":"ITPIO","country":"","country_code":"ITA","port_type":"Sea"},"geometry":{"type":"Point","coordinates":[10.54444,42.92927]}},{"type":"Feature","id":1522,"properties":{"name":"Oaxen","code":"SEOAX","country":"Sweden","country_code":"SWE","port_type":"Sea"},"geometry":{"type":"Point","coordinates":[17.71154,58.9734]}},{"type":"Feature","id":1523,"properties":{"name":"Gluckstadt","code":"DEGLU","country":"","country_code":"DEU","port_type":"Sea"},"geometry":{"type":"Point","coordinates":[9.41159,53.78444]}},{"type":"Feature","id":1524,"properties":{"name":"Vallejo","code":"USVLO","country":"United States of America","country_code":"USA","port_type":"Sea"},"geometry":{"type":"Point","coordinates":[-122.2606,38.08734]}},{"type":"Feature","id":1525,"properties":{"name":"Piney Point","code":"USPYP","country":"","country_code":"USA","port_type":"Sea"},"geometry":{"type":"Point","coordinates":[-76.52963,38.13596]}},{"type":"Feature","id":1526,"properties":{"name":"New Castle","code":"USNQS","country":"United States of America","country_code":"USA","port_type":"Sea"},"geometry":{"type":"Point","coordinates":[-75.56183,39.6579]}},{"type":"Feature","id":1527,"properties":{"name":"Camden","code":"USCDE","country":"United States of America","country_code":"USA","port_type":"Sea"},"geometry":{"type":"Point","coordinates":[-75.1292,39.92753]}},{"type":"Feature","id":1528,"properties":{"name":"Woods Hole","code":"USWOH","country":"","country_code":"USA","port_type":"Sea"},"geometry":{"type":"Point","coordinates":[-70.67015,41.52292]}},{"type":"Feature","id":1529,"properties":{"name":"Emden","code":"DEEME","country":"","country_code":"DEU","port_type":"Sea"},"geometry":{"type":"Point","coordinates":[7.2015,53.35697]}},{"type":"Feature","id":1530,"properties":{"name":"Sakai","code":"JPSAK","country":"Japan","country_code":"JPN","port_type":"Sea"},"geometry":{"type":"Point","coordinates":[135.43503,34.56803]}},{"type":"Feature","id":1531,"properties":{"name":"Mindelo","code":"CVMIN","country":"Cape Verde","country_code":"CPV","port_type":"Sea"},"geometry":{"type":"Point","coordinates":[-24.99319,16.888]}},{"type":"Feature","id":1532,"properties":{"name":"Heroya","code":"NOHRY","country":"Norway","country_code":"NOR","port_type":"Sea"},"geometry":{"type":"Point","coordinates":[9.58988,59.09953]}},{"type":"Feature","id":1533,"properties":{"name":"Maloy","code":"NOMAY","country":"Norway","country_code":"NOR","port_type":"Sea"},"geometry":{"type":"Point","coordinates":[5.11399,61.9344]}},{"type":"Feature","id":1534,"properties":{"name":"Canvey Island","code":"GBCAN","country":"U.K. of Great Britain and Northern Ireland","country_code":"GBR","port_type":"Sea"},"geometry":{"type":"Point","coordinates":[0.56999,51.511]}},{"type":"Feature","id":1535,"properties":{"name":"Whitstable","code":"GBWTS","country":"U.K. of Great Britain and Northern Ireland","country_code":"GBR","port_type":"Sea"},"geometry":{"type":"Point","coordinates":[1.02577,51.36348]}},{"type":"Feature","id":1536,"properties":{"name":"Bayonne","code":"FRBAY","country":"France","country_code":"FRA","port_type":"Sea"},"geometry":{"type":"Point","coordinates":[-1.48452,43.49773]}},{"type":"Feature","id":1537,"properties":{"name":"Medgidia","code":"ROMED","country":"Romania","country_code":"ROU","port_type":"Sea"},"geometry":{"type":"Point","coordinates":[28.30736,44.24633]}},{"type":"Feature","id":1538,"properties":{"name":"Libourne","code":"FRLIB","country":"France","country_code":"FRA","port_type":"Sea"},"geometry":{"type":"Point","coordinates":[-0.24854,44.91417]}},{"type":"Feature","id":1539,"properties":{"name":"Morlaix","code":"FRMXN","country":"France","country_code":"FRA","port_type":"River"},"geometry":{"type":"Point","coordinates":[-3.83932,48.58759]}},{"type":"Feature","id":1540,"properties":{"name":"Lannion","code":"FRLAI","country":"France","country_code":"FRA","port_type":"Sea"},"geometry":{"type":"Point","coordinates":[-3.46053,48.73105]}},{"type":"Feature","id":1541,"properties":{"name":"Penzance","code":"GBPEN","country":"U.K. of Great Britain and Northern Ireland","country_code":"GBR","port_type":"Sea"},"geometry":{"type":"Point","coordinates":[-5.53356,50.11721]}},{"type":"Feature","id":1542,"properties":{"name":"Duisburg","code":"DEDUI","country":"Germany","country_code":"DEU","port_type":"Sea"},"geometry":{"type":"Point","coordinates":[6.76337,51.45086]}},{"type":"Feature","id":1543,"properties":{"name":"Fishguard","code":"GBFIS","country":"U.K. of Great Britain and Northern Ireland","country_code":"GBR","port_type":"Sea"},"geometry":{"type":"Point","coordinates":[-4.98593,52.01081]}},{"type":"Feature","id":1544,"properties":{"name":"Beaumaris","code":"GBBMR","country":"U.K. of Great Britain and Northern Ireland","country_code":"GBR","port_type":"Sea"},"geometry":{"type":"Point","coordinates":[-4.09464,53.26484]}},{"type":"Feature","id":1545,"properties":{"name":"Port Sunlight","code":"GBPSU","country":"U.K. of Great Britain and Northern Ireland","country_code":"GBR","port_type":"Sea"},"geometry":{"type":"Point","coordinates":[-2.98133,53.35425]}},{"type":"Feature","id":1546,"properties":{"name":"Villanueva","code":"PHVNV","country":"Philippines","country_code":"PHL","port_type":"Sea"},"geometry":{"type":"Point","coordinates":[124.76158,8.57646]}},{"type":"Feature","id":1547,"properties":{"name":"Masinloc","code":"PHMSC","country":"","country_code":"PHL","port_type":"Sea"},"geometry":{"type":"Point","coordinates":[119.94751,15.53811]}},{"type":"Feature","id":1548,"properties":{"name":"Nasipit","code":"PHNAS","country":"Philippines","country_code":"PHL","port_type":"Sea"},"geometry":{"type":"Point","coordinates":[125.33638,8.97919]}},{"type":"Feature","id":1549,"properties":{"name":"San Jose","code":"PHSJI","country":"","country_code":"PHL","port_type":"Sea"},"geometry":{"type":"Point","coordinates":[121.93806,10.73833]}},{"type":"Feature","id":1550,"properties":{"name":"Sakaide","code":"JPSKD","country":"Japan","country_code":"JPN","port_type":"Sea"},"geometry":{"type":"Point","coordinates":[133.83912,34.34712]}},{"type":"Feature","id":1551,"properties":{"name":"Fushiki","code":"JPFSK","country":"Japan","country_code":"JPN","port_type":"Sea"},"geometry":{"type":"Point","coordinates":[137.05817,36.80182]}},{"type":"Feature","id":1552,"properties":{"name":"Annaba","code":"DZAAE","country":"Algeria","country_code":"DZA","port_type":"Sea"},"geometry":{"type":"Point","coordinates":[7.76044,36.89173]}},{"type":"Feature","id":1553,"properties":{"name":"Lindi","code":"TZLDI","country":"","country_code":"TZA","port_type":"Sea"},"geometry":{"type":"Point","coordinates":[39.7186,-9.99978]}},{"type":"Feature","id":1554,"properties":{"name":"Tanga","code":"TZTGT","country":"","country_code":"TZA","port_type":"Sea"},"geometry":{"type":"Point","coordinates":[39.1087,-5.06557]}},{"type":"Feature","id":1555,"properties":{"name":"Uraga","code":"JPKRH","country":"Japan","country_code":"JPN","port_type":"Sea"},"geometry":{"type":"Point","coordinates":[139.71582,35.24715]}},{"type":"Feature","id":1556,"properties":{"name":"Lazarev","code":"RULAZ","country":"Russian Federation","country_code":"RUS","port_type":"Sea"},"geometry":{"type":"Point","coordinates":[141.50584,52.23238]}},{"type":"Feature","id":1557,"properties":{"name":"Iwanai","code":"JPIWN","country":"Japan","country_code":"JPN","port_type":"Sea"},"geometry":{"type":"Point","coordinates":[140.50745,42.98274]}},{"type":"Feature","id":1558,"properties":{"name":"Bunbury","code":"AUBUY","country":"Australia","country_code":"AUS","port_type":"Sea"},"geometry":{"type":"Point","coordinates":[115.66959,-33.32228]}},{"type":"Feature","id":1559,"properties":{"name":"Whyalla","code":"AUWYA","country":"Australia","country_code":"AUS","port_type":"Sea"},"geometry":{"type":"Point","coordinates":[137.5909,-33.03952]}},{"type":"Feature","id":1560,"properties":{"name":"Thevenard","code":"AUTHE","country":"Australia","country_code":"AUS","port_type":"Sea"},"geometry":{"type":"Point","coordinates":[133.65455,-32.14909]}},{"type":"Feature","id":1561,"properties":{"name":"Coffs Harbour","code":"AUCFS","country":"Australia","country_code":"AUS","port_type":"Sea"},"geometry":{"type":"Point","coordinates":[153.14147,-30.30341]}},{"type":"Feature","id":1562,"properties":{"name":"Antonina","code":"BRANT","country":"Brazil","country_code":"BRA","port_type":"Sea"},"geometry":{"type":"Point","coordinates":[-48.70916,-25.42867]}},{"type":"Feature","id":1563,"properties":{"name":"Port Hedland","code":"AUPHE","country":"Australia","country_code":"AUS","port_type":"Sea"},"geometry":{"type":"Point","coordinates":[118.58396,-20.31922]}},{"type":"Feature","id":1564,"properties":{"name":"Maceio","code":"BRMCZ","country":"Brazil","country_code":"BRA","port_type":"Sea"},"geometry":{"type":"Point","coordinates":[-35.7204,-9.67492]}},{"type":"Feature","id":1565,"properties":{"name":"Funafuti","code":"TVFUN","country":"","country_code":"TUV","port_type":"Sea"},"geometry":{"type":"Point","coordinates":[179.1957,-8.50274]}},{"type":"Feature","id":1566,"properties":{"name":"Lingga","code":"MYLGG","country":"Malaysia","country_code":"MYS","port_type":"Sea"},"geometry":{"type":"Point","coordinates":[111.16914,1.35466]}},{"type":"Feature","id":1567,"properties":{"name":"Seria","code":"BNSER","country":"Brunei Darussalam","country_code":"BRN","port_type":"Sea"},"geometry":{"type":"Point","coordinates":[114.32406,4.61937]}},{"type":"Feature","id":1568,"properties":{"name":"Cavite","code":"PHCVE","country":"","country_code":"PHL","port_type":"Sea"},"geometry":{"type":"Point","coordinates":[120.90876,14.48319]}},{"type":"Feature","id":1569,"properties":{"name":"Sakaiminato","code":"JPSMN","country":"Japan","country_code":"JPN","port_type":"Sea"},"geometry":{"type":"Point","coordinates":[133.24485,35.53123]}},{"type":"Feature","id":1570,"properties":{"name":"Cide","code":"TRCID","country":"Turkey","country_code":"TUR","port_type":"Sea"},"geometry":{"type":"Point","coordinates":[32.98514,41.89864]}},{"type":"Feature","id":1571,"properties":{"name":"Nemuro","code":"JPNEM","country":"Japan","country_code":"JPN","port_type":"Sea"},"geometry":{"type":"Point","coordinates":[145.58708,43.34217]}},{"type":"Feature","id":1572,"properties":{"name":"Rumoi","code":"JPRMI","country":"Japan","country_code":"JPN","port_type":"Sea"},"geometry":{"type":"Point","coordinates":[141.64049,43.94502]}},{"type":"Feature","id":1573,"properties":{"name":"Kronshtadt","code":"RUKDT","country":"Russian Federation","country_code":"RUS","port_type":"Sea"},"geometry":{"type":"Point","coordinates":[29.78624,59.97978]}},{"type":"Feature","id":1574,"properties":{"name":"Primorsk","code":"RUPRI","country":"Russian Federation","country_code":"RUS","port_type":"Sea"},"geometry":{"type":"Point","coordinates":[28.62218,60.35815]}},{"type":"Feature","id":1575,"properties":{"name":"Beringovskiy","code":"RUBER","country":"Russian Federation","country_code":"RUS","port_type":"Sea"},"geometry":{"type":"Point","coordinates":[179.36676,63.0642]}},{"type":"Feature","id":1576,"properties":{"name":"Launceston","code":"AULST","country":"Australia","country_code":"AUS","port_type":"Sea"},"geometry":{"type":"Point","coordinates":[147.1233,-41.42772]}},{"type":"Feature","id":1577,"properties":{"name":"Ulverstone","code":"AUULV","country":"Australia","country_code":"AUS","port_type":"Sea"},"geometry":{"type":"Point","coordinates":[146.16923,-41.15592]}},{"type":"Feature","id":1578,"properties":{"name":"Corral","code":"CLCRR","country":"Chile","country_code":"CHL","port_type":"Sea"},"geometry":{"type":"Point","coordinates":[-73.42828,-39.88715]}},{"type":"Feature","id":1579,"properties":{"name":"Portland","code":"AUPTJ","country":"Australia","country_code":"AUS","port_type":"Sea"},"geometry":{"type":"Point","coordinates":[141.6157,-38.35444]}},{"type":"Feature","id":1580,"properties":{"name":"Melbourne","code":"AUMEL","country":"Australia","country_code":"AUS","port_type":"Sea"},"geometry":{"type":"Point","coordinates":[144.91076,-37.84197]}},{"type":"Feature","id":1581,"properties":{"name":"San Fernando","code":"ARSFE","country":"Argentina","country_code":"ARG","port_type":"Sea"},"geometry":{"type":"Point","coordinates":[-58.5353,-34.44358]}},{"type":"Feature","id":1582,"properties":{"name":"Porto Alegre","code":"BRPOA","country":"Brazil","country_code":"BRA","port_type":"Sea"},"geometry":{"type":"Point","coordinates":[-51.21869,-30.02036]}},{"type":"Feature","id":1583,"properties":{"name":"Carnarvon","code":"AUCVQ","country":"Australia","country_code":"AUS","port_type":"Sea"},"geometry":{"type":"Point","coordinates":[113.65442,-24.89316]}},{"type":"Feature","id":1584,"properties":{"name":"Poro","code":"NCPOR","country":"","country_code":"NCL","port_type":"Sea"},"geometry":{"type":"Point","coordinates":[165.72177,-21.30202]}},{"type":"Feature","id":1585,"properties":{"name":"Mackay","code":"AUMKY","country":"Australia","country_code":"AUS","port_type":"Sea"},"geometry":{"type":"Point","coordinates":[149.17797,-21.14418]}},{"type":"Feature","id":1586,"properties":{"name":"Batu Pahat","code":"MYBAT","country":"Malaysia","country_code":"MYS","port_type":"Sea"},"geometry":{"type":"Point","coordinates":[102.9169,1.82598]}},{"type":"Feature","id":1587,"properties":{"name":"Muar","code":"MYMUA","country":"Malaysia","country_code":"MYS","port_type":"Sea"},"geometry":{"type":"Point","coordinates":[102.56614,2.04754]}},{"type":"Feature","id":1588,"properties":{"name":"Smalkalden","code":"SRSMA","country":"Suriname","country_code":"SUR","port_type":"Sea"},"geometry":{"type":"Point","coordinates":[-55.09152,5.61686]}},{"type":"Feature","id":1589,"properties":{"name":"Guanta","code":"VEGUT","country":"Venezuela","country_code":"VEN","port_type":"Sea"},"geometry":{"type":"Point","coordinates":[-64.59331,10.24474]}},{"type":"Feature","id":1590,"properties":{"name":"Iligan","code":"PHIGN","country":"","country_code":"PHL","port_type":"Sea"},"geometry":{"type":"Point","coordinates":[124.2337,8.23091]}},{"type":"Feature","id":1591,"properties":{"name":"Daman","code":"INDAM","country":"India","country_code":"IND","port_type":"Sea"},"geometry":{"type":"Point","coordinates":[72.8317,20.41276]}},{"type":"Feature","id":1592,"properties":{"name":"Senzaki","code":"JPSZK","country":"Japan","country_code":"JPN","port_type":"Sea"},"geometry":{"type":"Point","coordinates":[131.20111,34.39104]}},{"type":"Feature","id":1593,"properties":{"name":"Kawasaki","code":"JPKWS","country":"Japan","country_code":"JPN","port_type":"Sea"},"geometry":{"type":"Point","coordinates":[139.78308,35.52391]}},{"type":"Feature","id":1594,"properties":{"name":"Choshi","code":"JPCHO","country":"Japan","country_code":"JPN","port_type":"Sea"},"geometry":{"type":"Point","coordinates":[140.86814,35.73691]}},{"type":"Feature","id":1595,"properties":{"name":"Dandong","code":"CNDDG","country":"China","country_code":"CHN","port_type":"Sea"},"geometry":{"type":"Point","coordinates":[124.38709,40.11619]}},{"type":"Feature","id":1596,"properties":{"name":"Kamaishi","code":"JPKIS","country":"Japan","country_code":"JPN","port_type":"Sea"},"geometry":{"type":"Point","coordinates":[141.88937,39.26739]}},{"type":"Feature","id":1597,"properties":{"name":"Qinhuangdao","code":"CNSHP","country":"China","country_code":"CHN","port_type":"Sea"},"geometry":{"type":"Point","coordinates":[119.57694,39.91047]}},{"type":"Feature","id":1598,"properties":{"name":"Samani","code":"JPSAM","country":"Japan","country_code":"JPN","port_type":"Sea"},"geometry":{"type":"Point","coordinates":[142.91347,42.12792]}},{"type":"Feature","id":1599,"properties":{"name":"Otsu","code":"JPOTU","country":"Japan","country_code":"JPN","port_type":"Sea"},"geometry":{"type":"Point","coordinates":[143.6394,42.67611]}},{"type":"Feature","id":1600,"properties":{"name":"Anan","code":"JPANA","country":"Japan","country_code":"JPN","port_type":"Sea"},"geometry":{"type":"Point","coordinates":[134.70029,33.93299]}},{"type":"Feature","id":1601,"properties":{"name":"Eden","code":"AUQDN","country":"Australia","country_code":"AUS","port_type":"Sea"},"geometry":{"type":"Point","coordinates":[149.90925,-37.07123]}},{"type":"Feature","id":1602,"properties":{"name":"Fremantle","code":"AUFRE","country":"Australia","country_code":"AUS","port_type":"Sea"},"geometry":{"type":"Point","coordinates":[115.76066,-32.09837]}},{"type":"Feature","id":1603,"properties":{"name":"Parnaiba","code":"BRPHB","country":"Brazil","country_code":"BRA","port_type":"Sea"},"geometry":{"type":"Point","coordinates":[-41.70842,-2.8786]}},{"type":"Feature","id":1604,"properties":{"name":"Kuala Belait","code":"BNKUB","country":"Brunei Darussalam","country_code":"BRN","port_type":"Sea"},"geometry":{"type":"Point","coordinates":[114.19772,4.57512]}},{"type":"Feature","id":1605,"properties":{"name":"Muara","code":"BNMUA","country":"Brunei Darussalam","country_code":"BRN","port_type":"Sea"},"geometry":{"type":"Point","coordinates":[115.06536,5.01519]}},{"type":"Feature","id":1606,"properties":{"name":"Kuala Terengganu","code":"MYTGG","country":"Malaysia","country_code":"MYS","port_type":"Sea"},"geometry":{"type":"Point","coordinates":[103.15095,5.33304]}},{"type":"Feature","id":1607,"properties":{"name":"Sangi","code":"PHSNG","country":"","country_code":"PHL","port_type":"Sea"},"geometry":{"type":"Point","coordinates":[123.63807,10.38674]}},{"type":"Feature","id":1608,"properties":{"name":"Basuo","code":"CNBAS","country":"China","country_code":"CHN","port_type":"Sea"},"geometry":{"type":"Point","coordinates":[108.62149,19.09783]}},{"type":"Feature","id":1609,"properties":{"name":"Puri","code":"INPUR","country":"India","country_code":"IND","port_type":"Sea"},"geometry":{"type":"Point","coordinates":[85.82542,19.79512]}},{"type":"Feature","id":1610,"properties":{"name":"Kikuma","code":"JPKIK","country":"Japan","country_code":"JPN","port_type":"Sea"},"geometry":{"type":"Point","coordinates":[132.87168,34.05471]}},{"type":"Feature","id":1611,"properties":{"name":"Alleppey","code":"INALF","country":"India","country_code":"IND","port_type":"Sea"},"geometry":{"type":"Point","coordinates":[76.31909,9.49209]}},{"type":"Feature","id":1612,"properties":{"name":"Toyohashi","code":"JPTHS","country":"Japan","country_code":"JPN","port_type":"Sea"},"geometry":{"type":"Point","coordinates":[137.31912,34.72385]}},{"type":"Feature","id":1613,"properties":{"name":"Haeju","code":"KPHAE","country":"Dem People's Rep of Korea","country_code":"PRK","port_type":"Sea"},"geometry":{"type":"Point","coordinates":[125.69892,37.99531]}},{"type":"Feature","id":1614,"properties":{"name":"Shiogama","code":"JPSGM","country":"Japan","country_code":"JPN","port_type":"Sea"},"geometry":{"type":"Point","coordinates":[141.03206,38.31965]}},{"type":"Feature","id":1615,"properties":{"name":"Sakata","code":"JPSKT","country":"Japan","country_code":"JPN","port_type":"Sea"},"geometry":{"type":"Point","coordinates":[139.81802,38.92698]}},{"type":"Feature","id":1616,"properties":{"name":"Ofunato","code":"JPOFT","country":"Japan","country_code":"JPN","port_type":"Sea"},"geometry":{"type":"Point","coordinates":[141.72319,39.06738]}},{"type":"Feature","id":1617,"properties":{"name":"Muroran","code":"JPMUR","country":"Japan","country_code":"JPN","port_type":"Sea"},"geometry":{"type":"Point","coordinates":[140.96626,42.33287]}},{"type":"Feature","id":1618,"properties":{"name":"Vanino","code":"RUVNN","country":"Russian Federation","country_code":"RUS","port_type":"Sea"},"geometry":{"type":"Point","coordinates":[140.27207,49.08932]}},{"type":"Feature","id":1619,"properties":{"name":"Onega","code":"RUONG","country":"Russian Federation","country_code":"RUS","port_type":"Sea"},"geometry":{"type":"Point","coordinates":[38.09484,63.90277]}},{"type":"Feature","id":1620,"properties":{"name":"Wuhu","code":"CNWHI","country":"China","country_code":"CHN","port_type":"River"},"geometry":{"type":"Point","coordinates":[118.35296,31.33411]}},{"type":"Feature","id":1621,"properties":{"name":"Nanjing","code":"CNNKG","country":"China","country_code":"CHN","port_type":"River"},"geometry":{"type":"Point","coordinates":[118.72817,32.08987]}},{"type":"Feature","id":1622,"properties":{"name":"Goya","code":"AROYA","country":"Argentina","country_code":"ARG","port_type":"River"},"geometry":{"type":"Point","coordinates":[-59.25969,-29.1234]}},{"type":"Feature","id":1623,"properties":{"name":"Puerto Sucre","code":"VECUM","country":"","country_code":"VEN","port_type":"Sea"},"geometry":{"type":"Point","coordinates":[-64.18838,10.47463]}},{"type":"Feature","id":1624,"properties":{"name":"Puerto Limon","code":"CRLIO","country":"","country_code":"CRI","port_type":"Sea"},"geometry":{"type":"Point","coordinates":[-83.02554,9.99064]}},{"type":"Feature","id":1625,"properties":{"name":"Balboa","code":"PABLB","country":"Panama","country_code":"PAN","port_type":"Sea"},"geometry":{"type":"Point","coordinates":[-79.56073,8.95775]}},{"type":"Feature","id":1626,"properties":{"name":"Cirebon","code":"IDCBN","country":"","country_code":"IDN","port_type":"Sea"},"geometry":{"type":"Point","coordinates":[108.57073,-6.70907]}},{"type":"Feature","id":1627,"properties":{"name":"Banjarmasin","code":"IDBDJ","country":"Indonesia","country_code":"IDN","port_type":"Sea"},"geometry":{"type":"Point","coordinates":[114.5551,-3.33321]}},{"type":"Feature","id":1628,"properties":{"name":"Callao","code":"PECLL","country":"Peru","country_code":"PER","port_type":"Sea"},"geometry":{"type":"Point","coordinates":[-77.14381,-12.04873]}},{"type":"Feature","id":1629,"properties":{"name":"Mudanya","code":"TRMUD","country":"Turkey","country_code":"TUR","port_type":"Sea"},"geometry":{"type":"Point","coordinates":[28.92919,40.35468]}},{"type":"Feature","id":1630,"properties":{"name":"Karabiga","code":"TRKRB","country":"Turkey","country_code":"TUR","port_type":"Sea"},"geometry":{"type":"Point","coordinates":[27.30777,40.40453]}},{"type":"Feature","id":1631,"properties":{"name":"Sinop","code":"TRSIC","country":"Turkey","country_code":"TUR","port_type":"Sea"},"geometry":{"type":"Point","coordinates":[35.14904,42.02469]}},{"type":"Feature","id":1632,"properties":{"name":"Puerto Montt","code":"CLPMC","country":"Chile","country_code":"CHL","port_type":"Sea"},"geometry":{"type":"Point","coordinates":[-72.95443,-41.4815]}},{"type":"Feature","id":1633,"properties":{"name":"San Vicente","code":"CLSVE","country":"Chile","country_code":"CHL","port_type":"Sea"},"geometry":{"type":"Point","coordinates":[-73.13444,-36.72597]}},{"type":"Feature","id":1634,"properties":{"name":"New Amsterdam","code":"GYQSK","country":"Guyana","country_code":"GUY","port_type":"Sea"},"geometry":{"type":"Point","coordinates":[-57.52324,6.25055]}},{"type":"Feature","id":1635,"properties":{"name":"Progreso","code":"MXPGO","country":"Mexico","country_code":"MEX","port_type":"Sea"},"geometry":{"type":"Point","coordinates":[-89.69839,21.28053]}},{"type":"Feature","id":1636,"properties":{"name":"La Union","code":"SVLUN","country":"","country_code":"SLV","port_type":"Sea"},"geometry":{"type":"Point","coordinates":[-87.84275,13.34039]}},{"type":"Feature","id":1637,"properties":{"name":"San Blas","code":"MXSBS","country":"Mexico","country_code":"MEX","port_type":"Sea"},"geometry":{"type":"Point","coordinates":[-105.29256,21.54349]}},{"type":"Feature","id":1638,"properties":{"name":"Fethiye","code":"TRFET","country":"Turkey","country_code":"TUR","port_type":"Sea"},"geometry":{"type":"Point","coordinates":[29.10543,36.62179]}},{"type":"Feature","id":1639,"properties":{"name":"Rize","code":"TRRIZ","country":"","country_code":"TUR","port_type":"Sea"},"geometry":{"type":"Point","coordinates":[40.51256,41.03432]}},{"type":"Feature","id":1640,"properties":{"name":"Kankesanturai","code":"LKKNK","country":"","country_code":"LKA","port_type":"Sea"},"geometry":{"type":"Point","coordinates":[80.03651,9.81756]}},{"type":"Feature","id":1641,"properties":{"name":"Corrientes","code":"ARCNQ","country":"Argentina","country_code":"ARG","port_type":"River"},"geometry":{"type":"Point","coordinates":[-58.85246,-27.49502]}},{"type":"Feature","id":1642,"properties":{"name":"La Brea","code":"TTLAB","country":"Trinidad and Tobago","country_code":"TTO","port_type":"Sea"},"geometry":{"type":"Point","coordinates":[-61.6273,10.24144]}},{"type":"Feature","id":1643,"properties":{"name":"San Lorenzo","code":"HNSLO","country":"Honduras","country_code":"HND","port_type":"Sea"},"geometry":{"type":"Point","coordinates":[-87.42632,13.40241]}},{"type":"Feature","id":1644,"properties":{"name":"Carrington","code":"GBCRT","country":"U.K. of Great Britain and Northern Ireland","country_code":"GBR","port_type":"Sea"},"geometry":{"type":"Point","coordinates":[-2.41208,53.43711]}},{"type":"Feature","id":1645,"properties":{"name":"Aguadilla","code":"PRBQN","country":"","country_code":"PRI","port_type":"Sea"},"geometry":{"type":"Point","coordinates":[-67.15613,18.43499]}},{"type":"Feature","id":1646,"properties":{"name":"Chiriqui Grande","code":"PACHG","country":"Panama","country_code":"PAN","port_type":"Sea"},"geometry":{"type":"Point","coordinates":[-82.12354,8.95155]}},{"type":"Feature","id":1647,"properties":{"name":"Suez","code":"EGSUZ","country":"","country_code":"EGY","port_type":"Sea"},"geometry":{"type":"Point","coordinates":[32.56592,29.94283]}},{"type":"Feature","id":1648,"properties":{"name":"Sattahip","code":"THSAT","country":"Thailand","country_code":"THA","port_type":"Sea"},"geometry":{"type":"Point","coordinates":[100.92319,12.62933]}},{"type":"Feature","id":1649,"properties":{"name":"Apia","code":"WSAPW","country":"Samoa","country_code":"WSM","port_type":"Sea"},"geometry":{"type":"Point","coordinates":[-171.75886,-13.82716]}},{"type":"Feature","id":1650,"properties":{"name":"Dzaoudzi","code":"KMDZA","country":"Mayotte","country_code":"MYT","port_type":"Sea"},"geometry":{"type":"Point","coordinates":[45.25864,-12.78426]}},{"type":"Feature","id":1651,"properties":{"name":"Cap-Haitien","code":"HTCAP","country":"Haiti","country_code":"HTI","port_type":"Sea"},"geometry":{"type":"Point","coordinates":[-72.19541,19.75914]}},{"type":"Feature","id":1652,"properties":{"name":"Abu Qir","code":"EGAKI","country":"","country_code":"EGY","port_type":"Sea"},"geometry":{"type":"Point","coordinates":[30.07086,31.32275]}},{"type":"Feature","id":1653,"properties":{"name":"Khorramshahr","code":"IRKHO","country":"Iran  (Islamic Republic of)","country_code":"IRN","port_type":"River"},"geometry":{"type":"Point","coordinates":[48.17149,30.42877]}},{"type":"Feature","id":1654,"properties":{"name":"Axim","code":"GHAXI","country":"Ghana","country_code":"GHA","port_type":"Sea"},"geometry":{"type":"Point","coordinates":[-2.24487,4.87328]}},{"type":"Feature","id":1655,"properties":{"name":"Bengkulu","code":"IDBKS","country":"","country_code":"IDN","port_type":"Sea"},"geometry":{"type":"Point","coordinates":[102.25083,-3.78501]}},{"type":"Feature","id":1656,"properties":{"name":"Makassar","code":"IDUPG","country":"Indonesia","country_code":"IDN","port_type":"Sea"},"geometry":{"type":"Point","coordinates":[119.40315,-5.13222]}},{"type":"Feature","id":1657,"properties":{"name":"Nunukan","code":"IDNNX","country":"","country_code":"IDN","port_type":"Sea"},"geometry":{"type":"Point","coordinates":[117.66647,4.1448]}},{"type":"Feature","id":1658,"properties":{"name":"Balikpapan","code":"IDBPN","country":"","country_code":"IDN","port_type":"Sea"},"geometry":{"type":"Point","coordinates":[116.81594,-1.25527]}},{"type":"Feature","id":1659,"properties":{"name":"Singkawang","code":"IDSKW","country":"Indonesia","country_code":"IDN","port_type":"Sea"},"geometry":{"type":"Point","coordinates":[108.96726,0.91919]}},{"type":"Feature","id":1660,"properties":{"name":"Guayaquil","code":"ECGYE","country":"Ecuador","country_code":"ECU","port_type":"Sea"},"geometry":{"type":"Point","coordinates":[-79.88674,-2.23237]}},{"type":"Feature","id":1661,"properties":{"name":"Antilla","code":"CUANT","country":"Cuba","country_code":"CUB","port_type":"Sea"},"geometry":{"type":"Point","coordinates":[-75.74249,20.82411]}},{"type":"Feature","id":1662,"properties":{"name":"Baracoa","code":"CUBCA","country":"Cuba","country_code":"CUB","port_type":"Sea"},"geometry":{"type":"Point","coordinates":[-74.50094,20.35127]}},{"type":"Feature","id":1663,"properties":{"name":"Niquero","code":"CUNIQ","country":"Cuba","country_code":"CUB","port_type":"Sea"},"geometry":{"type":"Point","coordinates":[-77.58694,20.04994]}},{"type":"Feature","id":1664,"properties":{"name":"Pacasmayo","code":"PEPAC","country":"","country_code":"PER","port_type":"Sea"},"geometry":{"type":"Point","coordinates":[-79.57143,-7.39845]}},{"type":"Feature","id":1665,"properties":{"name":"Lavan","code":"IRLVP","country":"Iran  (Islamic Republic of)","country_code":"IRN","port_type":"Sea"},"geometry":{"type":"Point","coordinates":[53.36563,26.81367]}},{"type":"Feature","id":1666,"properties":{"name":"Port Morant","code":"JMPMO","country":"Jamaica","country_code":"JAM","port_type":"Sea"},"geometry":{"type":"Point","coordinates":[-76.32836,17.88748]}},{"type":"Feature","id":1667,"properties":{"name":"Salt River","code":"JMSRI","country":"Jamaica","country_code":"JAM","port_type":"Sea"},"geometry":{"type":"Point","coordinates":[-77.16458,17.83539]}},{"type":"Feature","id":1668,"properties":{"name":"Black River","code":"JMBLR","country":"Jamaica","country_code":"JAM","port_type":"Sea"},"geometry":{"type":"Point","coordinates":[-77.84724,18.02306]}},{"type":"Feature","id":1669,"properties":{"name":"Phu My","code":"VNPHU","country":"Viet Nam","country_code":"VNM","port_type":"River"},"geometry":{"type":"Point","coordinates":[107.02394,10.59835]}},{"type":"Feature","id":1670,"properties":{"name":"Bonthe","code":"SLBTE","country":"Sierra Leone","country_code":"SLE","port_type":"Sea"},"geometry":{"type":"Point","coordinates":[-12.50185,7.53061]}},{"type":"Feature","id":1671,"properties":{"name":"Jambi","code":"IDDJB","country":"Indonesia","country_code":"IDN","port_type":"River"},"geometry":{"type":"Point","coordinates":[103.62216,-1.58304]}},{"type":"Feature","id":1672,"properties":{"name":"Jamestown","code":"SHSHN","country":"Saint Helena","country_code":"SHN","port_type":"Sea"},"geometry":{"type":"Point","coordinates":[-5.71453,-15.91854]}},{"type":"Feature","id":1673,"properties":{"name":"Hull","code":"GBHUL","country":"","country_code":"GBR","port_type":"Sea"},"geometry":{"type":"Point","coordinates":[-0.30295,53.74154]}},{"type":"Feature","id":1674,"properties":{"name":"Wismar","code":"DEWIS","country":"Germany","country_code":"DEU","port_type":"Sea"},"geometry":{"type":"Point","coordinates":[11.44952,53.89833]}},{"type":"Feature","id":1675,"properties":{"name":"Greenore","code":"IEGRN","country":"Ireland","country_code":"IRL","port_type":"Sea"},"geometry":{"type":"Point","coordinates":[-6.13295,54.0346]}},{"type":"Feature","id":1676,"properties":{"name":"Newry","code":"GBNRY","country":"U.K. of Great Britain and Northern Ireland","country_code":"GBR","port_type":"Sea"},"geometry":{"type":"Point","coordinates":[-6.33748,54.16807]}},{"type":"Feature","id":1677,"properties":{"name":"Wigtown","code":"GBWIG","country":"U.K. of Great Britain and Northern Ireland","country_code":"GBR","port_type":"Sea"},"geometry":{"type":"Point","coordinates":[-4.43741,54.86827]}},{"type":"Feature","id":1678,"properties":{"name":"Palnackie","code":"GBPAL","country":"U.K. of Great Britain and Northern Ireland","country_code":"GBR","port_type":"Sea"},"geometry":{"type":"Point","coordinates":[-3.83674,54.89259]}},{"type":"Feature","id":1679,"properties":{"name":"Odense","code":"DKODE","country":"Denmark","country_code":"DNK","port_type":"Sea"},"geometry":{"type":"Point","coordinates":[10.37943,55.40854]}},{"type":"Feature","id":1680,"properties":{"name":"Skoghall","code":"SESKO","country":"Sweden","country_code":"SWE","port_type":"Sea"},"geometry":{"type":"Point","coordinates":[13.44391,59.32532]}},{"type":"Feature","id":1681,"properties":{"name":"Struer","code":"DKSTR","country":"Denmark","country_code":"DNK","port_type":"Sea"},"geometry":{"type":"Point","coordinates":[8.6009,56.49319]}},{"type":"Feature","id":1682,"properties":{"name":"Portree","code":"GBPRT","country":"U.K. of Great Britain and Northern Ireland","country_code":"GBR","port_type":"Sea"},"geometry":{"type":"Point","coordinates":[-6.19557,57.41271]}},{"type":"Feature","id":1683,"properties":{"name":"Menstad","code":"NOMEN","country":"Norway","country_code":"NOR","port_type":"Sea"},"geometry":{"type":"Point","coordinates":[9.64174,59.16949]}},{"type":"Feature","id":1684,"properties":{"name":"Fagerstrand","code":"NOFAX","country":"Norway","country_code":"NOR","port_type":"Sea"},"geometry":{"type":"Point","coordinates":[10.59292,59.73767]}},{"type":"Feature","id":1685,"properties":{"name":"Odda","code":"NOODD","country":"Norway","country_code":"NOR","port_type":"Sea"},"geometry":{"type":"Point","coordinates":[6.5498,60.06753]}},{"type":"Feature","id":1686,"properties":{"name":"Helsinki","code":"FIHEL","country":"Finland","country_code":"FIN","port_type":"Sea"},"geometry":{"type":"Point","coordinates":[24.92281,60.15621]}},{"type":"Feature","id":1687,"properties":{"name":"Norheimsund","code":"NONHS","country":"Norway","country_code":"NOR","port_type":"Sea"},"geometry":{"type":"Point","coordinates":[6.14619,60.37214]}},{"type":"Feature","id":1688,"properties":{"name":"Isnas","code":"FIISN","country":"Finland","country_code":"FIN","port_type":"Sea"},"geometry":{"type":"Point","coordinates":[26.01235,60.39241]}},{"type":"Feature","id":1689,"properties":{"name":"Akranes","code":"ISAKR","country":"","country_code":"ISL","port_type":"Sea"},"geometry":{"type":"Point","coordinates":[-22.08536,64.31438]}},{"type":"Feature","id":1690,"properties":{"name":"Haparanda","code":"SEHAA","country":"Sweden","country_code":"SWE","port_type":"Sea"},"geometry":{"type":"Point","coordinates":[24.14258,65.83335]}},{"type":"Feature","id":1691,"properties":{"name":"Munising","code":"USMUI","country":"United States of America","country_code":"USA","port_type":"Lake"},"geometry":{"type":"Point","coordinates":[-86.65366,46.41272]}},{"type":"Feature","id":1692,"properties":{"name":"Ej Jiye","code":"","country":"Lebanon","country_code":"LBN","port_type":"Unknown"},"geometry":{"type":"Point","coordinates":[35.4069,33.64933]}},{"type":"Feature","id":1693,"properties":{"name":"Alotau","code":"PGGUR","country":"","country_code":"PNG","port_type":"Unknown"},"geometry":{"type":"Point","coordinates":[150.45181,-10.30949]}},{"type":"Feature","id":1694,"properties":{"name":"Yandina","code":"SBXYA","country":"Solomon islands","country_code":"SLB","port_type":"Unknown"},"geometry":{"type":"Point","coordinates":[159.22153,-9.07573]}},{"type":"Feature","id":1695,"properties":{"name":"Huron","code":"USHUB","country":"United States of America","country_code":"USA","port_type":"Lake"},"geometry":{"type":"Point","coordinates":[-82.55535,41.39185]}},{"type":"Feature","id":1696,"properties":{"name":"Menasha","code":"USMEZ","country":"United States of America","country_code":"USA","port_type":"Lake"},"geometry":{"type":"Point","coordinates":[-88.44958,44.19882]}},{"type":"Feature","id":1697,"properties":{"name":"Enfe","code":"","country":"","country_code":"LBN","port_type":"Unknown"},"geometry":{"type":"Point","coordinates":[35.72977,34.3602]}},{"type":"Feature","id":1698,"properties":{"name":"Port Lavaca","code":"USPLV","country":"United States of America","country_code":"USA","port_type":"Sea"},"geometry":{"type":"Point","coordinates":[-96.62396,28.6221]}},{"type":"Feature","id":1699,"properties":{"name":"Grand Isle","code":"USGIJ","country":"","country_code":"USA","port_type":"Sea"},"geometry":{"type":"Point","coordinates":[-89.99976,29.23863]}},{"type":"Feature","id":1700,"properties":{"name":"Gulfport","code":"USGPT","country":"United States of America","country_code":"USA","port_type":"Sea"},"geometry":{"type":"Point","coordinates":[-89.09492,30.36186]}},{"type":"Feature","id":1701,"properties":{"name":"Alameda","code":"USNGZ","country":"","country_code":"USA","port_type":"Sea"},"geometry":{"type":"Point","coordinates":[-122.29778,37.77528]}},{"type":"Feature","id":1702,"properties":{"name":"Whitegate","code":"IEWHI","country":"Ireland","country_code":"IRL","port_type":"Sea"},"geometry":{"type":"Point","coordinates":[-8.25262,51.82906]}},{"type":"Feature","id":1703,"properties":{"name":"Buna","code":"","country":"Democratic Republic of the Congo","country_code":"COD","port_type":"River"},"geometry":{"type":"Point","coordinates":[19.02316,-3.29782]}},{"type":"Feature","id":1704,"properties":{"name":"Nakatsu","code":"","country":"Japan","country_code":"JPN","port_type":"Sea"},"geometry":{"type":"Point","coordinates":[131.18665,33.61524]}},{"type":"Feature","id":1705,"properties":{"name":"La Goulette","code":"TNLGN","country":"Tunisia","country_code":"TUN","port_type":"Sea"},"geometry":{"type":"Point","coordinates":[10.2985,36.81413]}},{"type":"Feature","id":1706,"properties":{"name":"Port Gamble","code":"USPGH","country":"United States of America","country_code":"USA","port_type":"Sea"},"geometry":{"type":"Point","coordinates":[-122.58197,47.85664]}},{"type":"Feature","id":1707,"properties":{"name":"Coupeville","code":"USCBL","country":"","country_code":"USA","port_type":"Sea"},"geometry":{"type":"Point","coordinates":[-122.68827,48.22137]}},{"type":"Feature","id":1708,"properties":{"name":"Makurazaki","code":"","country":"Japan","country_code":"JPN","port_type":"Sea"},"geometry":{"type":"Point","coordinates":[130.29042,31.26792]}},{"type":"Feature","id":1709,"properties":{"name":"Port Everglades","code":"USPEF","country":"United States of America","country_code":"USA","port_type":"Sea"},"geometry":{"type":"Point","coordinates":[-80.11841,26.08434]}},{"type":"Feature","id":1710,"properties":{"name":"Sarasota","code":"USSRB","country":"United States of America","country_code":"USA","port_type":"Sea"},"geometry":{"type":"Point","coordinates":[-82.5448,27.33473]}},{"type":"Feature","id":1711,"properties":{"name":"Tappahannock","code":"USTKV","country":"","country_code":"USA","port_type":"Sea"},"geometry":{"type":"Point","coordinates":[-76.85642,37.92986]}},{"type":"Feature","id":1712,"properties":{"name":"Port Bell","code":"","country":"Uganda","country_code":"UGA","port_type":"Lake"},"geometry":{"type":"Point","coordinates":[32.65396,0.28967]}},{"type":"Feature","id":1713,"properties":{"name":"Currimao","code":"","country":"Philippines","country_code":"PHL","port_type":"Sea"},"geometry":{"type":"Point","coordinates":[120.48452,18.01785]}},{"type":"Feature","id":1714,"properties":{"name":"Pasacao","code":"","country":"Philippines","country_code":"PHL","port_type":"Sea"},"geometry":{"type":"Point","coordinates":[123.04058,13.50529]}},{"type":"Feature","id":1715,"properties":{"name":"Port Hardy","code":"CAPHY","country":"Canada","country_code":"CAN","port_type":"Sea"},"geometry":{"type":"Point","coordinates":[-127.49212,50.71538]}},{"type":"Feature","id":1716,"properties":{"name":"Kosti","code":"","country":"Sudan","country_code":"SDN","port_type":"River"},"geometry":{"type":"Point","coordinates":[32.67837,13.16677]}},{"type":"Feature","id":1717,"properties":{"name":"Uig","code":"GBUIG","country":"U.K. of Great Britain and Northern Ireland","country_code":"GBR","port_type":"Sea"},"geometry":{"type":"Point","coordinates":[-6.36549,57.59143]}},{"type":"Feature","id":1718,"properties":{"name":"Lochmaddy","code":"GBLMA","country":"U.K. of Great Britain and Northern Ireland","country_code":"GBR","port_type":"Sea"},"geometry":{"type":"Point","coordinates":[-7.15761,57.59658]}},{"type":"Feature","id":1719,"properties":{"name":"Jonkoping","code":"SEJKG","country":"Sweden","country_code":"SWE","port_type":"Sea"},"geometry":{"type":"Point","coordinates":[14.16912,57.78426]}},{"type":"Feature","id":1720,"properties":{"name":"Amorgos","code":"GRAMO","country":"Greece","country_code":"GRC","port_type":"Sea"},"geometry":{"type":"Point","coordinates":[25.86269,36.82737]}},{"type":"Feature","id":1721,"properties":{"name":"Kos","code":"GRKGS","country":"Greece","country_code":"GRC","port_type":"Sea"},"geometry":{"type":"Point","coordinates":[27.28984,36.89698]}},{"type":"Feature","id":1722,"properties":{"name":"Gandia","code":"ESGAN","country":"Spain","country_code":"ESP","port_type":"Sea"},"geometry":{"type":"Point","coordinates":[-0.15237,38.99448]}},{"type":"Feature","id":1723,"properties":{"name":"Procida","code":"ITPRO","country":"Italy","country_code":"ITA","port_type":"Sea"},"geometry":{"type":"Point","coordinates":[14.0258,40.76568]}},{"type":"Feature","id":1724,"properties":{"name":"Anzio","code":"ITANZ","country":"Italy","country_code":"ITA","port_type":"Sea"},"geometry":{"type":"Point","coordinates":[12.62999,41.44557]}},{"type":"Feature","id":1725,"properties":{"name":"Viareggio","code":"ITVIA","country":"","country_code":"ITA","port_type":"Sea"},"geometry":{"type":"Point","coordinates":[10.24284,43.86162]}},{"type":"Feature","id":1726,"properties":{"name":"Almeria","code":"ESLEI","country":"Spain","country_code":"ESP","port_type":"Sea"},"geometry":{"type":"Point","coordinates":[-2.47881,36.83675]}},{"type":"Feature","id":1727,"properties":{"name":"Civitavecchia","code":"ITCVV","country":"","country_code":"ITA","port_type":"Sea"},"geometry":{"type":"Point","coordinates":[11.78923,42.08988]}},{"type":"Feature","id":1728,"properties":{"name":"Basel","code":"CHBSL","country":"Switzerland","country_code":"CHE","port_type":"Sea"},"geometry":{"type":"Point","coordinates":[7.58634,47.56192]}},{"type":"Feature","id":1729,"properties":{"name":"Kapanga","code":"","country":"Democratic Republic of the Congo","country_code":"COD","port_type":"River"},"geometry":{"type":"Point","coordinates":[16.9529,-5.06527]}},{"type":"Feature","id":1730,"properties":{"name":"Libanda","code":"","country":"Democratic Republic of the Congo","country_code":"COD","port_type":"River"},"geometry":{"type":"Point","coordinates":[18.35393,1.38115]}},{"type":"Feature","id":1731,"properties":{"name":"Mopeia","code":"","country":"Mozambique","country_code":"MOZ","port_type":"Unknown"},"geometry":{"type":"Point","coordinates":[35.68634,-18.02959]}},{"type":"Feature","id":1732,"properties":{"name":"Gennevilliers","code":"FRGVL","country":"France","country_code":"FRA","port_type":"Sea"},"geometry":{"type":"Point","coordinates":[2.27757,48.94108]}},{"type":"Feature","id":1733,"properties":{"name":"Ponta Delgada","code":"PTPDL","country":"Azores Islands","country_code":"PRT","port_type":"Sea"},"geometry":{"type":"Point","coordinates":[-25.67238,37.73591]}},{"type":"Feature","id":1734,"properties":{"name":"Horta","code":"PTHOR","country":"Azores Islands","country_code":"PRT","port_type":"Sea"},"geometry":{"type":"Point","coordinates":[-28.62685,38.52807]}},{"type":"Feature","id":1735,"properties":{"name":"Fayala","code":"","country":"Democratic Republic of the Congo","country_code":"COD","port_type":"River"},"geometry":{"type":"Point","coordinates":[17.1943,-3.95358]}},{"type":"Feature","id":1736,"properties":{"name":"Pitea","code":"SEPIT","country":"Sweden","country_code":"SWE","port_type":"Sea"},"geometry":{"type":"Point","coordinates":[21.49259,65.32177]}},{"type":"Feature","id":1737,"properties":{"name":"Umea","code":"SEUME","country":"Sweden","country_code":"SWE","port_type":"Sea"},"geometry":{"type":"Point","coordinates":[20.27638,63.80441]}},{"type":"Feature","id":1738,"properties":{"name":"Bindja","code":"","country":"Democratic Republic of the Congo","country_code":"COD","port_type":"River"},"geometry":{"type":"Point","coordinates":[19.59382,-3.4106]}},{"type":"Feature","id":1739,"properties":{"name":"Antsiranana","code":"MGDIE","country":"Madagascar","country_code":"MDG","port_type":"Sea"},"geometry":{"type":"Point","coordinates":[49.28513,-12.27509]}},{"type":"Feature","id":1740,"properties":{"name":"Caraquet","code":"CACAQ","country":"Canada","country_code":"CAN","port_type":"Sea"},"geometry":{"type":"Point","coordinates":[-64.93267,47.79161]}},{"type":"Feature","id":1741,"properties":{"name":"Tandayag","code":"","country":"","country_code":"PHL","port_type":"Sea"},"geometry":{"type":"Point","coordinates":[123.30495,9.52956]}},{"type":"Feature","id":1742,"properties":{"name":"Atimonan","code":"PHATI","country":"Philippines","country_code":"PHL","port_type":"Sea"},"geometry":{"type":"Point","coordinates":[121.92822,13.99994]}},{"type":"Feature","id":1743,"properties":{"name":"Muyumba","code":"","country":"Democratic Republic of the Congo","country_code":"COD","port_type":"River"},"geometry":{"type":"Point","coordinates":[27.02992,-7.21298]}},{"type":"Feature","id":1744,"properties":{"name":"Kabalo","code":"","country":"Democratic Republic of the Congo","country_code":"COD","port_type":"River"},"geometry":{"type":"Point","coordinates":[26.91013,-6.05002]}},{"type":"Feature","id":1745,"properties":{"name":"Nha Trang","code":"VNNHA","country":"Viet Nam","country_code":"VNM","port_type":"Sea"},"geometry":{"type":"Point","coordinates":[109.21552,12.20648]}},{"type":"Feature","id":1746,"properties":{"name":"Ankarefo","code":"","country":"Madagascar","country_code":"MDG","port_type":"River"},"geometry":{"type":"Point","coordinates":[49.32013,-18.4022]}},{"type":"Feature","id":1747,"properties":{"name":"Uleelheue","code":"","country":"Indonesia","country_code":"IDN","port_type":"Sea"},"geometry":{"type":"Point","coordinates":[95.29462,5.56424]}},{"type":"Feature","id":1748,"properties":{"name":"Paphos","code":"CYPFO","country":"","country_code":"CYP","port_type":"Sea"},"geometry":{"type":"Point","coordinates":[32.4073,34.75589]}},{"type":"Feature","id":1749,"properties":{"name":"Matnog","code":"","country":"Philippines","country_code":"PHL","port_type":"Sea"},"geometry":{"type":"Point","coordinates":[124.08599,12.58499]}},{"type":"Feature","id":1750,"properties":{"name":"Hantsport","code":"CAHPT","country":"","country_code":"CAN","port_type":"Sea"},"geometry":{"type":"Point","coordinates":[-64.17119,45.06866]}},{"type":"Feature","id":1751,"properties":{"name":"Sorel","code":"CASOR","country":"","country_code":"CAN","port_type":"Sea"},"geometry":{"type":"Point","coordinates":[-73.11835,46.04716]}},{"type":"Feature","id":1752,"properties":{"name":"Likulu","code":"","country":"Democratic Republic of the Congo","country_code":"COD","port_type":"River"},"geometry":{"type":"Point","coordinates":[21.95636,1.24194]}},{"type":"Feature","id":1753,"properties":{"name":"Green Bay","code":"USGRB","country":"United States of America","country_code":"USA","port_type":"Lake"},"geometry":{"type":"Point","coordinates":[-88.02625,44.49841]}},{"type":"Feature","id":1754,"properties":{"name":"Leland","code":"USLLD","country":"","country_code":"USA","port_type":"Lake"},"geometry":{"type":"Point","coordinates":[-85.76176,45.02408]}},{"type":"Feature","id":1755,"properties":{"name":"Charlevoix","code":"USCSX","country":"","country_code":"USA","port_type":"Lake"},"geometry":{"type":"Point","coordinates":[-85.25786,45.31709]}},{"type":"Feature","id":1756,"properties":{"name":"Oshawa","code":"CAQWA","country":"Canada","country_code":"CAN","port_type":"Lake"},"geometry":{"type":"Point","coordinates":[-78.82675,43.86579]}},{"type":"Feature","id":1757,"properties":{"name":"Ikali","code":"","country":"Democratic Republic of the Congo","country_code":"COD","port_type":"River"},"geometry":{"type":"Point","coordinates":[21.04674,-2.05597]}},{"type":"Feature","id":1758,"properties":{"name":"Moma","code":"","country":"Democratic Republic of the Congo","country_code":"COD","port_type":"River"},"geometry":{"type":"Point","coordinates":[24.18409,-1.60325]}},{"type":"Feature","id":1759,"properties":{"name":"Inkaka","code":"","country":"Democratic Republic of the Congo","country_code":"COD","port_type":"River"},"geometry":{"type":"Point","coordinates":[20.95538,-0.60779]}},{"type":"Feature","id":1760,"properties":{"name":"Bokote","code":"","country":"Democratic Republic of the Congo","country_code":"COD","port_type":"River"},"geometry":{"type":"Point","coordinates":[20.20854,-0.21384]}},{"type":"Feature","id":1761,"properties":{"name":"Boyenge","code":"","country":"Democratic Republic of the Congo","country_code":"COD","port_type":"River"},"geometry":{"type":"Point","coordinates":[18.87906,0.37827]}},{"type":"Feature","id":1762,"properties":{"name":"Likimi","code":"","country":"Democratic Republic of the Congo","country_code":"COD","port_type":"River"},"geometry":{"type":"Point","coordinates":[20.75494,2.82819]}},{"type":"Feature","id":1763,"properties":{"name":"Kirundu","code":"","country":"Democratic Republic of the Congo","country_code":"COD","port_type":"River"},"geometry":{"type":"Point","coordinates":[25.51595,-0.79451]}},{"type":"Feature","id":1764,"properties":{"name":"Lisafa","code":"","country":"Democratic Republic of the Congo","country_code":"COD","port_type":"River"},"geometry":{"type":"Point","coordinates":[19.74321,-0.24488]}},{"type":"Feature","id":1765,"properties":{"name":"Dungarvan","code":"IEDGV","country":"Ireland","country_code":"IRL","port_type":"Sea"},"geometry":{"type":"Point","coordinates":[-7.62094,52.08632]}},{"type":"Feature","id":1766,"properties":{"name":"Boston","code":"USBOS","country":"United States of America","country_code":"USA","port_type":"Sea"},"geometry":{"type":"Point","coordinates":[-71.04968,42.35911]}},{"type":"Feature","id":1767,"properties":{"name":"Jonesport","code":"USJON","country":"","country_code":"USA","port_type":"Sea"},"geometry":{"type":"Point","coordinates":[-67.59792,44.53048]}},{"type":"Feature","id":1768,"properties":{"name":"Summerside","code":"CASUM","country":"Canada","country_code":"CAN","port_type":"Sea"},"geometry":{"type":"Point","coordinates":[-63.78886,46.38936]}},{"type":"Feature","id":1769,"properties":{"name":"Argentia","code":"CANWP","country":"Canada","country_code":"CAN","port_type":"Sea"},"geometry":{"type":"Point","coordinates":[-53.99274,47.28978]}},{"type":"Feature","id":1770,"properties":{"name":"Corner Brook","code":"CACBK","country":"Canada","country_code":"CAN","port_type":"Sea"},"geometry":{"type":"Point","coordinates":[-57.94163,48.95884]}},{"type":"Feature","id":1771,"properties":{"name":"Prince Rupert","code":"CAPRR","country":"","country_code":"CAN","port_type":"Sea"},"geometry":{"type":"Point","coordinates":[-130.28512,54.33248]}},{"type":"Feature","id":1772,"properties":{"name":"Solomon","code":"USSLK","country":"United States of America","country_code":"USA","port_type":"Sea"},"geometry":{"type":"Point","coordinates":[-164.43502,64.5458]}},{"type":"Feature","id":1773,"properties":{"name":"Taft","code":"USTFT","country":"United States of America","country_code":"USA","port_type":"Sea"},"geometry":{"type":"Point","coordinates":[-90.42517,29.99859]}},{"type":"Feature","id":1774,"properties":{"name":"Convent","code":"USCNV","country":"United States of America","country_code":"USA","port_type":"Sea"},"geometry":{"type":"Point","coordinates":[-90.83406,30.03851]}},{"type":"Feature","id":1775,"properties":{"name":"Madisonville","code":"USMVQ","country":"United States of America","country_code":"USA","port_type":"Sea"},"geometry":{"type":"Point","coordinates":[-90.153,30.40024]}},{"type":"Feature","id":1776,"properties":{"name":"Paulsboro","code":"USPAU","country":"United States of America","country_code":"USA","port_type":"Sea"},"geometry":{"type":"Point","coordinates":[-75.26791,39.84462]}},{"type":"Feature","id":1777,"properties":{"name":"New London","code":"USNLD","country":"United States of America","country_code":"USA","port_type":"Sea"},"geometry":{"type":"Point","coordinates":[-72.09257,41.35928]}},{"type":"Feature","id":1778,"properties":{"name":"Vineyard Haven","code":"USVYH","country":"United States of America","country_code":"USA","port_type":"Sea"},"geometry":{"type":"Point","coordinates":[-70.60104,41.4554]}},{"type":"Feature","id":1779,"properties":{"name":"Scituate","code":"USSCU","country":"United States of America","country_code":"USA","port_type":"Sea"},"geometry":{"type":"Point","coordinates":[-70.72423,42.1952]}},{"type":"Feature","id":1780,"properties":{"name":"Albany","code":"USALB","country":"United States of America","country_code":"USA","port_type":"Sea"},"geometry":{"type":"Point","coordinates":[-73.75508,42.62998]}},{"type":"Feature","id":1781,"properties":{"name":"Troy","code":"USTRY","country":"United States of America","country_code":"USA","port_type":"Sea"},"geometry":{"type":"Point","coordinates":[-73.69663,42.72546]}},{"type":"Feature","id":1782,"properties":{"name":"Bridgewater","code":"CABRW","country":"Canada","country_code":"CAN","port_type":"Sea"},"geometry":{"type":"Point","coordinates":[-64.50473,44.37146]}},{"type":"Feature","id":1783,"properties":{"name":"Shelton","code":"USSQR","country":"United States of America","country_code":"USA","port_type":"Sea"},"geometry":{"type":"Point","coordinates":[-123.09158,47.20566]}},{"type":"Feature","id":1784,"properties":{"name":"Fort Pierce","code":"USFPR","country":"United States of America","country_code":"USA","port_type":"Sea"},"geometry":{"type":"Point","coordinates":[-80.32207,27.44912]}},{"type":"Feature","id":1785,"properties":{"name":"Texas City","code":"USTXT","country":"United States of America","country_code":"USA","port_type":"Sea"},"geometry":{"type":"Point","coordinates":[-94.89584,29.37641]}},{"type":"Feature","id":1786,"properties":{"name":"Braithwaite","code":"USBWT","country":"United States of America","country_code":"USA","port_type":"Sea"},"geometry":{"type":"Point","coordinates":[-89.94355,29.86945]}},{"type":"Feature","id":1787,"properties":{"name":"Carrabelle","code":"USCRB","country":"United States of America","country_code":"USA","port_type":"Sea"},"geometry":{"type":"Point","coordinates":[-84.67263,29.85253]}},{"type":"Feature","id":1788,"properties":{"name":"Baton Rouge","code":"USBTR","country":"United States of America","country_code":"USA","port_type":"Sea"},"geometry":{"type":"Point","coordinates":[-91.18858,30.46127]}},{"type":"Feature","id":1789,"properties":{"name":"Providence","code":"USPVD","country":"","country_code":"USA","port_type":"Sea"},"geometry":{"type":"Point","coordinates":[-71.39182,41.79828]}},{"type":"Feature","id":1790,"properties":{"name":"Portsmouth","code":"USPSM","country":"United States of America","country_code":"USA","port_type":"Sea"},"geometry":{"type":"Point","coordinates":[-70.75825,43.07927]}},{"type":"Feature","id":1791,"properties":{"name":"Burutu","code":"NGBUR","country":"Nigeria","country_code":"NGA","port_type":"Unknown"},"geometry":{"type":"Point","coordinates":[5.50106,5.35299]}},{"type":"Feature","id":1792,"properties":{"name":"Bellingham","code":"USBLI","country":"","country_code":"USA","port_type":"Sea"},"geometry":{"type":"Point","coordinates":[-122.49021,48.75328]}},{"type":"Feature","id":1793,"properties":{"name":"Hampden","code":"CAHMP","country":"Canada","country_code":"CAN","port_type":"Sea"},"geometry":{"type":"Point","coordinates":[-56.85597,49.54358]}},{"type":"Feature","id":1794,"properties":{"name":"Baie Verte","code":"CABVE","country":"","country_code":"CAN","port_type":"Sea"},"geometry":{"type":"Point","coordinates":[-56.17899,49.94341]}},{"type":"Feature","id":1795,"properties":{"name":"Jedway","code":"CAJED","country":"Canada","country_code":"CAN","port_type":"Sea"},"geometry":{"type":"Point","coordinates":[-131.21797,52.30178]}},{"type":"Feature","id":1796,"properties":{"name":"Skagway","code":"USSGY","country":"","country_code":"USA","port_type":"Sea"},"geometry":{"type":"Point","coordinates":[-135.3235,59.44984]}},{"type":"Feature","id":1797,"properties":{"name":"Whittier","code":"USWQF","country":"United States of America","country_code":"USA","port_type":"Sea"},"geometry":{"type":"Point","coordinates":[-148.68474,60.77646]}},{"type":"Feature","id":1798,"properties":{"name":"Newport Beach","code":"USJNP","country":"United States of America","country_code":"USA","port_type":"Sea"},"geometry":{"type":"Point","coordinates":[-117.89969,33.60264]}},{"type":"Feature","id":1799,"properties":{"name":"Cockenzie","code":"GBCNZ","country":"U.K. of Great Britain and Northern Ireland","country_code":"GBR","port_type":"Sea"},"geometry":{"type":"Point","coordinates":[-2.9549,55.97214]}},{"type":"Feature","id":1800,"properties":{"name":"Lochaline","code":"GBLOL","country":"U.K. of Great Britain and Northern Ireland","country_code":"GBR","port_type":"Sea"},"geometry":{"type":"Point","coordinates":[-5.77492,56.53884]}},{"type":"Feature","id":1801,"properties":{"name":"Ermioni","code":"GRERM","country":"Greece","country_code":"GRC","port_type":"Sea"},"geometry":{"type":"Point","coordinates":[23.24928,37.38544]}},{"type":"Feature","id":1802,"properties":{"name":"Alicante","code":"ESALC","country":"Spain","country_code":"ESP","port_type":"Sea"},"geometry":{"type":"Point","coordinates":[-0.48776,38.33734]}},{"type":"Feature","id":1803,"properties":{"name":"Benidorm","code":"ESBEM","country":"Spain","country_code":"ESP","port_type":"Sea"},"geometry":{"type":"Point","coordinates":[-0.13237,38.53468]}},{"type":"Feature","id":1804,"properties":{"name":"Dun Laoghaire","code":"IEDLG","country":"Ireland","country_code":"IRL","port_type":"Sea"},"geometry":{"type":"Point","coordinates":[-6.13466,53.29533]}},{"type":"Feature","id":1805,"properties":{"name":"Thisted","code":"DKTED","country":"Denmark","country_code":"DNK","port_type":"Sea"},"geometry":{"type":"Point","coordinates":[8.69594,56.95323]}},{"type":"Feature","id":1806,"properties":{"name":"Kopervik","code":"NOKOP","country":"Norway","country_code":"NOR","port_type":"Sea"},"geometry":{"type":"Point","coordinates":[5.31483,59.28418]}},{"type":"Feature","id":1807,"properties":{"name":"Erie","code":"USERI","country":"","country_code":"USA","port_type":"Lake"},"geometry":{"type":"Point","coordinates":[-80.09392,42.13362]}},{"type":"Feature","id":1808,"properties":{"name":"Forestville","code":"CAFRV","country":"","country_code":"CAN","port_type":"Sea"},"geometry":{"type":"Point","coordinates":[-69.05309,48.74034]}},{"type":"Feature","id":1809,"properties":{"name":"Port Nolloth","code":"ZANOL","country":"South Africa","country_code":"ZAF","port_type":"Sea"},"geometry":{"type":"Point","coordinates":[16.86865,-29.25648]}},{"type":"Feature","id":1810,"properties":{"name":"Arzew","code":"DZAZW","country":"Algeria","country_code":"DZA","port_type":"Sea"},"geometry":{"type":"Point","coordinates":[-0.30927,35.85318]}},{"type":"Feature","id":1811,"properties":{"name":"Nishinomiya","code":"JPNYA","country":"Japan","country_code":"JPN","port_type":"Sea"},"geometry":{"type":"Point","coordinates":[135.34622,34.72673]}},{"type":"Feature","id":1812,"properties":{"name":"Beykoz","code":"TRBEY","country":"","country_code":"TUR","port_type":"Sea"},"geometry":{"type":"Point","coordinates":[29.09164,41.13453]}},{"type":"Feature","id":1813,"properties":{"name":"Mannar","code":"LKMAN","country":"Sri Lanka","country_code":"LKA","port_type":"Sea"},"geometry":{"type":"Point","coordinates":[79.91474,8.97576]}},{"type":"Feature","id":1814,"properties":{"name":"Larkollen","code":"NOLRK","country":"Norway","country_code":"NOR","port_type":"Sea"},"geometry":{"type":"Point","coordinates":[10.66998,59.3283]}},{"type":"Feature","id":1815,"properties":{"name":"Workington","code":"GBWOR","country":"U.K. of Great Britain and Northern Ireland","country_code":"GBR","port_type":"Sea"},"geometry":{"type":"Point","coordinates":[-3.56553,54.64929]}},{"type":"Feature","id":1816,"properties":{"name":"Rasa","code":"HRRAS","country":"Croatia","country_code":"HRV","port_type":"Sea"},"geometry":{"type":"Point","coordinates":[14.04983,45.04008]}},{"type":"Feature","id":1817,"properties":{"name":"Brightlingsea","code":"GBBLS","country":"U.K. of Great Britain and Northern Ireland","country_code":"GBR","port_type":"Sea"},"geometry":{"type":"Point","coordinates":[1.02512,51.80546]}},{"type":"Feature","id":1818,"properties":{"name":"Schiedam","code":"NLSCI","country":"Netherlands","country_code":"NLD","port_type":"Sea"},"geometry":{"type":"Point","coordinates":[4.41253,51.90461]}},{"type":"Feature","id":1819,"properties":{"name":"Boston","code":"GBBOS","country":"U.K. of Great Britain and Northern Ireland","country_code":"GBR","port_type":"Sea"},"geometry":{"type":"Point","coordinates":[-0.01734,52.96806]}},{"type":"Feature","id":1820,"properties":{"name":"Papenburg","code":"DEPAP","country":"Germany","country_code":"DEU","port_type":"Sea"},"geometry":{"type":"Point","coordinates":[7.37205,53.09402]}},{"type":"Feature","id":1821,"properties":{"name":"Eastham","code":"GBEAM","country":"U.K. of Great Britain and Northern Ireland","country_code":"GBR","port_type":"Sea"},"geometry":{"type":"Point","coordinates":[-2.95327,53.32117]}},{"type":"Feature","id":1822,"properties":{"name":"Gainsborough","code":"GBGAI","country":"U.K. of Great Britain and Northern Ireland","country_code":"GBR","port_type":"Sea"},"geometry":{"type":"Point","coordinates":[-0.77643,53.39548]}},{"type":"Feature","id":1823,"properties":{"name":"Casablanca","code":"MACAS","country":"Morocco","country_code":"MAR","port_type":"Sea"},"geometry":{"type":"Point","coordinates":[-7.59609,33.60297]}},{"type":"Feature","id":1824,"properties":{"name":"Iwakuni","code":"JPIWK","country":"Japan","country_code":"JPN","port_type":"Sea"},"geometry":{"type":"Point","coordinates":[132.24187,34.17367]}},{"type":"Feature","id":1825,"properties":{"name":"Richards Bay","code":"ZARCB","country":"South Africa","country_code":"ZAF","port_type":"Sea"},"geometry":{"type":"Point","coordinates":[32.04994,-28.78947]}},{"type":"Feature","id":1826,"properties":{"name":"Cabinda","code":"AOCAB","country":"Angola","country_code":"AGO","port_type":"Sea"},"geometry":{"type":"Point","coordinates":[12.19319,-5.54986]}},{"type":"Feature","id":1827,"properties":{"name":"Tufi","code":"PGTFI","country":"Papua New Guinea","country_code":"PNG","port_type":"Unknown"},"geometry":{"type":"Point","coordinates":[149.3161,-9.0804]}},{"type":"Feature","id":1828,"properties":{"name":"Salamaua","code":"PGSMU","country":"","country_code":"PNG","port_type":"Unknown"},"geometry":{"type":"Point","coordinates":[147.04798,-7.05588]}},{"type":"Feature","id":1829,"properties":{"name":"Rio Gallegos","code":"ARRGL","country":"Argentina","country_code":"ARG","port_type":"Sea"},"geometry":{"type":"Point","coordinates":[-69.21818,-51.61278]}},{"type":"Feature","id":1830,"properties":{"name":"Invercargill","code":"NZIVC","country":"","country_code":"NZL","port_type":"Sea"},"geometry":{"type":"Point","coordinates":[168.33785,-46.41515]}},{"type":"Feature","id":1831,"properties":{"name":"Burnie","code":"AUBWT","country":"Australia","country_code":"AUS","port_type":"Sea"},"geometry":{"type":"Point","coordinates":[145.90797,-41.0546]}},{"type":"Feature","id":1832,"properties":{"name":"Port Latta","code":"AUPLA","country":"Australia","country_code":"AUS","port_type":"Sea"},"geometry":{"type":"Point","coordinates":[145.38087,-40.85343]}},{"type":"Feature","id":1833,"properties":{"name":"Numazu","code":"JPNUM","country":"Japan","country_code":"JPN","port_type":"Sea"},"geometry":{"type":"Point","coordinates":[138.86094,35.08305]}},{"type":"Feature","id":1834,"properties":{"name":"Cabedelo","code":"BRCDO","country":"Brazil","country_code":"BRA","port_type":"Sea"},"geometry":{"type":"Point","coordinates":[-34.83496,-6.97757]}},{"type":"Feature","id":1835,"properties":{"name":"Lahad Datu","code":"MYLDU","country":"Malaysia","country_code":"MYS","port_type":"Sea"},"geometry":{"type":"Point","coordinates":[118.34969,5.0203]}},{"type":"Feature","id":1836,"properties":{"name":"Sipitang","code":"MYSPT","country":"Malaysia","country_code":"MYS","port_type":"Sea"},"geometry":{"type":"Point","coordinates":[115.54321,5.06726]}},{"type":"Feature","id":1837,"properties":{"name":"Culion","code":"PHCUJ","country":"Philippines","country_code":"PHL","port_type":"Sea"},"geometry":{"type":"Point","coordinates":[120.01966,11.8947]}},{"type":"Feature","id":1838,"properties":{"name":"Nantong","code":"CNNTG","country":"China","country_code":"CHN","port_type":"Sea"},"geometry":{"type":"Point","coordinates":[120.82805,31.99965]}},{"type":"Feature","id":1839,"properties":{"name":"Nagahama","code":"JPNGH","country":"Japan","country_code":"JPN","port_type":"Sea"},"geometry":{"type":"Point","coordinates":[132.49198,33.61692]}},{"type":"Feature","id":1840,"properties":{"name":"Larnaca","code":"CYLCA","country":"Cyprus","country_code":"CYP","port_type":"Sea"},"geometry":{"type":"Point","coordinates":[33.64092,34.92302]}},{"type":"Feature","id":1841,"properties":{"name":"Famagusta","code":"CYFMG","country":"Cyprus","country_code":"CYP","port_type":"Sea"},"geometry":{"type":"Point","coordinates":[33.93946,35.13087]}},{"type":"Feature","id":1842,"properties":{"name":"Uglegorsk","code":"RUUGL","country":"Russian Federation","country_code":"RUS","port_type":"Sea"},"geometry":{"type":"Point","coordinates":[142.03047,49.06015]}},{"type":"Feature","id":1843,"properties":{"name":"Severodvinsk","code":"RUSEW","country":"Russian Federation","country_code":"RUS","port_type":"Sea"},"geometry":{"type":"Point","coordinates":[39.80988,64.57942]}},{"type":"Feature","id":1844,"properties":{"name":"Akita","code":"JPAXT","country":"Japan","country_code":"JPN","port_type":"Sea"},"geometry":{"type":"Point","coordinates":[140.06848,39.73988]}},{"type":"Feature","id":1845,"properties":{"name":"Nepoui","code":"NCNEP","country":"","country_code":"NCL","port_type":"Sea"},"geometry":{"type":"Point","coordinates":[164.99385,-21.33265]}},{"type":"Feature","id":1846,"properties":{"name":"Sukumo","code":"JPSUK","country":"Japan","country_code":"JPN","port_type":"Sea"},"geometry":{"type":"Point","coordinates":[132.69798,32.92134]}},{"type":"Feature","id":1847,"properties":{"name":"Takehara","code":"JPTHR","country":"Japan","country_code":"JPN","port_type":"Sea"},"geometry":{"type":"Point","coordinates":[132.91721,34.33262]}},{"type":"Feature","id":1848,"properties":{"name":"Antalya","code":"TRAYT","country":"","country_code":"TUR","port_type":"Sea"},"geometry":{"type":"Point","coordinates":[30.70299,36.88332]}},{"type":"Feature","id":1849,"properties":{"name":"Wanganui","code":"NZWAG","country":"New Zealand","country_code":"NZL","port_type":"Sea"},"geometry":{"type":"Point","coordinates":[175.00067,-39.94639]}},{"type":"Feature","id":1850,"properties":{"name":"Ube","code":"JPUBJ","country":"Japan","country_code":"JPN","port_type":"Sea"},"geometry":{"type":"Point","coordinates":[131.23692,33.93671]}},{"type":"Feature","id":1851,"properties":{"name":"Weipa","code":"AUWEI","country":"Australia","country_code":"AUS","port_type":"Sea"},"geometry":{"type":"Point","coordinates":[141.87794,-12.62069]}},{"type":"Feature","id":1852,"properties":{"name":"Natal","code":"BRNAT","country":"Brazil","country_code":"BRA","port_type":"Sea"},"geometry":{"type":"Point","coordinates":[-35.2168,-5.78922]}},{"type":"Feature","id":1853,"properties":{"name":"Dumaguete","code":"PHDGT","country":"Philippines","country_code":"PHL","port_type":"Sea"},"geometry":{"type":"Point","coordinates":[123.31026,9.31297]}},{"type":"Feature","id":1854,"properties":{"name":"El Palito","code":"VEELP","country":"","country_code":"VEN","port_type":"Sea"},"geometry":{"type":"Point","coordinates":[-68.12282,10.48826]}},{"type":"Feature","id":1855,"properties":{"name":"Vengurla","code":"INVEN","country":"India","country_code":"IND","port_type":"Sea"},"geometry":{"type":"Point","coordinates":[73.62238,15.85652]}},{"type":"Feature","id":1856,"properties":{"name":"Xiamen","code":"CNXMN","country":"China","country_code":"CHN","port_type":"Sea"},"geometry":{"type":"Point","coordinates":[118.06714,24.46042]}},{"type":"Feature","id":1857,"properties":{"name":"Ismailia","code":"EGISM","country":"Egypt","country_code":"EGY","port_type":"Sea"},"geometry":{"type":"Point","coordinates":[32.26888,30.58672]}},{"type":"Feature","id":1858,"properties":{"name":"Ise","code":"JPISE","country":"Japan","country_code":"JPN","port_type":"Sea"},"geometry":{"type":"Point","coordinates":[136.74269,34.52117]}},{"type":"Feature","id":1859,"properties":{"name":"Amagasaki","code":"JPAMA","country":"Japan","country_code":"JPN","port_type":"Sea"},"geometry":{"type":"Point","coordinates":[135.39779,34.7034]}},{"type":"Feature","id":1860,"properties":{"name":"Eceabat","code":"TRECE","country":"Turkey","country_code":"TUR","port_type":"Sea"},"geometry":{"type":"Point","coordinates":[26.36012,40.18429]}},{"type":"Feature","id":1861,"properties":{"name":"Veraval","code":"INVVA","country":"India","country_code":"IND","port_type":"Sea"},"geometry":{"type":"Point","coordinates":[70.36949,20.90134]}},{"type":"Feature","id":1862,"properties":{"name":"Surat","code":"INSTV","country":"","country_code":"IND","port_type":"Sea"},"geometry":{"type":"Point","coordinates":[72.63587,21.07929]}},{"type":"Feature","id":1863,"properties":{"name":"Kartal","code":"TRKAR","country":"","country_code":"TUR","port_type":"Sea"},"geometry":{"type":"Point","coordinates":[29.18964,40.88715]}},{"type":"Feature","id":1864,"properties":{"name":"Amasra","code":"TRAMA","country":"Turkey","country_code":"TUR","port_type":"Sea"},"geometry":{"type":"Point","coordinates":[32.38736,41.74558]}},{"type":"Feature","id":1865,"properties":{"name":"Vyborg","code":"RUVYG","country":"Russian Federation","country_code":"RUS","port_type":"Sea"},"geometry":{"type":"Point","coordinates":[28.74862,60.69542]}},{"type":"Feature","id":1866,"properties":{"name":"Gualeguaychu","code":"ARGHU","country":"Argentina","country_code":"ARG","port_type":"River"},"geometry":{"type":"Point","coordinates":[-58.50382,-33.01582]}},{"type":"Feature","id":1867,"properties":{"name":"Shanghai","code":"CNSHA","country":"China","country_code":"CHN","port_type":"River"},"geometry":{"type":"Point","coordinates":[121.49627,31.22847]}},{"type":"Feature","id":1868,"properties":{"name":"Wuzhou","code":"CNWUZ","country":"China","country_code":"CHN","port_type":"River"},"geometry":{"type":"Point","coordinates":[111.33819,23.46946]}},{"type":"Feature","id":1869,"properties":{"name":"Igarka","code":"RUIAA","country":"Russian Federation","country_code":"RUS","port_type":"River"},"geometry":{"type":"Point","coordinates":[86.55844,67.4579]}},{"type":"Feature","id":1870,"properties":{"name":"Coquimbo","code":"CLCQQ","country":"Chile","country_code":"CHL","port_type":"Sea"},"geometry":{"type":"Point","coordinates":[-71.33541,-29.95781]}},{"type":"Feature","id":1871,"properties":{"name":"Trujillo","code":"PETRU","country":"Peru","country_code":"PER","port_type":"Sea"},"geometry":{"type":"Point","coordinates":[-79.12117,-8.07882]}},{"type":"Feature","id":1872,"properties":{"name":"Zorritos","code":"PEZOR","country":"Peru","country_code":"PER","port_type":"Sea"},"geometry":{"type":"Point","coordinates":[-80.65406,-3.66759]}},{"type":"Feature","id":1873,"properties":{"name":"Ensenada","code":"MXESE","country":"Mexico","country_code":"MEX","port_type":"Sea"},"geometry":{"type":"Point","coordinates":[-116.63307,31.85753]}},{"type":"Feature","id":1874,"properties":{"name":"Gemlik","code":"TRGEM","country":"Turkey","country_code":"TUR","port_type":"Sea"},"geometry":{"type":"Point","coordinates":[29.15261,40.42269]}},{"type":"Feature","id":1875,"properties":{"name":"Huasco","code":"CLHSO","country":"Chile","country_code":"CHL","port_type":"Sea"},"geometry":{"type":"Point","coordinates":[-71.24253,-28.47165]}},{"type":"Feature","id":1876,"properties":{"name":"Kingston","code":"JMKIN","country":"Jamaica","country_code":"JAM","port_type":"Sea"},"geometry":{"type":"Point","coordinates":[-76.8242,17.98213]}},{"type":"Feature","id":1877,"properties":{"name":"Maroantsetra","code":"MGWMN","country":"Madagascar","country_code":"MDG","port_type":"Sea"},"geometry":{"type":"Point","coordinates":[49.74049,-15.43884]}},{"type":"Feature","id":1878,"properties":{"name":"El Guamache","code":"VEEGU","country":"Venezuela","country_code":"VEN","port_type":"Sea"},"geometry":{"type":"Point","coordinates":[-64.06821,10.8954]}},{"type":"Feature","id":1879,"properties":{"name":"Frontera","code":"MXFRN","country":"Mexico","country_code":"MEX","port_type":"Sea"},"geometry":{"type":"Point","coordinates":[-92.65445,18.53127]}},{"type":"Feature","id":1880,"properties":{"name":"Salto","code":"UYSTY","country":"Uruguay","country_code":"URY","port_type":"River"},"geometry":{"type":"Point","coordinates":[-57.97633,-31.38609]}},{"type":"Feature","id":1881,"properties":{"name":"Giresun","code":"TRGIR","country":"","country_code":"TUR","port_type":"Sea"},"geometry":{"type":"Point","coordinates":[38.38656,40.92222]}},{"type":"Feature","id":1882,"properties":{"name":"Trabzon","code":"TRTZX","country":"Turkey","country_code":"TUR","port_type":"Sea"},"geometry":{"type":"Point","coordinates":[39.73714,41.00331]}},{"type":"Feature","id":1883,"properties":{"name":"Amuay","code":"VEAMY","country":"","country_code":"VEN","port_type":"Sea"},"geometry":{"type":"Point","coordinates":[-70.25512,11.79621]}},{"type":"Feature","id":1884,"properties":{"name":"Castries","code":"LCSLU","country":"Saint Lucia","country_code":"LCA","port_type":"Sea"},"geometry":{"type":"Point","coordinates":[-60.9939,14.01029]}},{"type":"Feature","id":1885,"properties":{"name":"La Ceiba","code":"HNLCE","country":"","country_code":"HND","port_type":"Sea"},"geometry":{"type":"Point","coordinates":[-86.76215,15.79556]}},{"type":"Feature","id":1886,"properties":{"name":"Tela","code":"HNTEA","country":"","country_code":"HND","port_type":"Sea"},"geometry":{"type":"Point","coordinates":[-87.45888,15.78159]}},{"type":"Feature","id":1887,"properties":{"name":"Partington","code":"GBPTT","country":"U.K. of Great Britain and Northern Ireland","country_code":"GBR","port_type":"Sea"},"geometry":{"type":"Point","coordinates":[-2.42344,53.42608]}},{"type":"Feature","id":1888,"properties":{"name":"Tekirdag","code":"TRTEK","country":"Turkey","country_code":"TUR","port_type":"Sea"},"geometry":{"type":"Point","coordinates":[27.50264,40.96587]}},{"type":"Feature","id":1889,"properties":{"name":"Posadas","code":"ARPSS","country":"Argentina","country_code":"ARG","port_type":"River"},"geometry":{"type":"Point","coordinates":[-55.91408,-27.35399]}},{"type":"Feature","id":1890,"properties":{"name":"Formosa","code":"ARFMA","country":"Argentina","country_code":"ARG","port_type":"River"},"geometry":{"type":"Point","coordinates":[-58.16326,-26.18157]}},{"type":"Feature","id":1891,"properties":{"name":"San Pedro","code":"ARXPD","country":"Argentina","country_code":"ARG","port_type":"River"},"geometry":{"type":"Point","coordinates":[-59.64063,-33.68589]}},{"type":"Feature","id":1892,"properties":{"name":"Punta Arenas","code":"CLPUQ","country":"Chile","country_code":"CHL","port_type":"Sea"},"geometry":{"type":"Point","coordinates":[-70.86929,-53.12392]}},{"type":"Feature","id":1893,"properties":{"name":"Amapala","code":"HNAMP","country":"","country_code":"HND","port_type":"Sea"},"geometry":{"type":"Point","coordinates":[-87.6527,13.29434]}},{"type":"Feature","id":1894,"properties":{"name":"Cayenne","code":"GFCAY","country":"French Guiana","country_code":"GUF","port_type":"Sea"},"geometry":{"type":"Point","coordinates":[-52.33652,4.93581]}},{"type":"Feature","id":1895,"properties":{"name":"Villa Constitucion","code":"ARVCN","country":"Argentina","country_code":"ARG","port_type":"River"},"geometry":{"type":"Point","coordinates":[-60.32195,-33.22637]}},{"type":"Feature","id":1896,"properties":{"name":"Paysandu","code":"UYPDU","country":"Uruguay","country_code":"URY","port_type":"River"},"geometry":{"type":"Point","coordinates":[-58.10387,-32.31613]}},{"type":"Feature","id":1897,"properties":{"name":"Madang","code":"PGMAG","country":"","country_code":"PNG","port_type":"Sea"},"geometry":{"type":"Point","coordinates":[145.80305,-5.21118]}},{"type":"Feature","id":1898,"properties":{"name":"Haifa","code":"ILHFA","country":"Israel","country_code":"ISR","port_type":"Sea"},"geometry":{"type":"Point","coordinates":[35.01136,32.81338]}},{"type":"Feature","id":1899,"properties":{"name":"Damietta","code":"EGDAM","country":"Egypt","country_code":"EGY","port_type":"Sea"},"geometry":{"type":"Point","coordinates":[31.76729,31.45161]}},{"type":"Feature","id":1900,"properties":{"name":"Port Moresby","code":"PGPOM","country":"","country_code":"PNG","port_type":"Sea"},"geometry":{"type":"Point","coordinates":[147.15492,-9.46418]}},{"type":"Feature","id":1901,"properties":{"name":"Phnom Penh","code":"KHPNH","country":"Cambodia","country_code":"KHM","port_type":"River"},"geometry":{"type":"Point","coordinates":[104.93739,11.55954]}},{"type":"Feature","id":1902,"properties":{"name":"Manggar","code":"IDMAN","country":"","country_code":"IDN","port_type":"Sea"},"geometry":{"type":"Point","coordinates":[108.28992,-2.84891]}},{"type":"Feature","id":1903,"properties":{"name":"Neiafu","code":"TONEI","country":"Tonga","country_code":"TON","port_type":"Sea"},"geometry":{"type":"Point","coordinates":[-173.98513,-18.65199]}},{"type":"Feature","id":1904,"properties":{"name":"Barranquilla","code":"COBAQ","country":"Colombia","country_code":"COL","port_type":"Sea"},"geometry":{"type":"Point","coordinates":[-74.75962,10.96288]}},{"type":"Feature","id":1905,"properties":{"name":"Tegal","code":"IDTEG","country":"Indonesia","country_code":"IDN","port_type":"Sea"},"geometry":{"type":"Point","coordinates":[109.12879,-6.84997]}},{"type":"Feature","id":1906,"properties":{"name":"Jayapura","code":"IDDJJ","country":"Indonesia","country_code":"IDN","port_type":"Sea"},"geometry":{"type":"Point","coordinates":[140.71354,-2.54543]}},{"type":"Feature","id":1907,"properties":{"name":"Bula","code":"IDBUA","country":"Indonesia","country_code":"IDN","port_type":"Sea"},"geometry":{"type":"Point","coordinates":[130.50113,-3.10408]}},{"type":"Feature","id":1908,"properties":{"name":"Poso","code":"IDPSJ","country":"Indonesia","country_code":"IDN","port_type":"Sea"},"geometry":{"type":"Point","coordinates":[120.75516,-1.38242]}},{"type":"Feature","id":1909,"properties":{"name":"Nuevitas","code":"CUNVT","country":"Cuba","country_code":"CUB","port_type":"Sea"},"geometry":{"type":"Point","coordinates":[-77.26522,21.53704]}},{"type":"Feature","id":1910,"properties":{"name":"Huacho","code":"PEHCO","country":"Peru","country_code":"PER","port_type":"Sea"},"geometry":{"type":"Point","coordinates":[-77.61603,-11.12379]}},{"type":"Feature","id":1911,"properties":{"name":"Chimbote","code":"PECHM","country":"Peru","country_code":"PER","port_type":"Sea"},"geometry":{"type":"Point","coordinates":[-78.60699,-9.07507]}},{"type":"Feature","id":1912,"properties":{"name":"Puerto Chicama","code":"PEPCH","country":"","country_code":"PER","port_type":"Sea"},"geometry":{"type":"Point","coordinates":[-79.43635,-7.69523]}},{"type":"Feature","id":1913,"properties":{"name":"Praia","code":"CVRAI","country":"Cape Verde","country_code":"CPV","port_type":"Sea"},"geometry":{"type":"Point","coordinates":[-23.50009,14.91202]}},{"type":"Feature","id":1914,"properties":{"name":"Tel Aviv","code":"ILJFA","country":"Israel","country_code":"ISR","port_type":"Sea"},"geometry":{"type":"Point","coordinates":[34.77766,32.10312]}},{"type":"Feature","id":1915,"properties":{"name":"Saltpond","code":"GHSPD","country":"Ghana","country_code":"GHA","port_type":"Sea"},"geometry":{"type":"Point","coordinates":[-1.05315,5.20022]}},{"type":"Feature","id":1916,"properties":{"name":"Sekondi","code":"GHSEK","country":"","country_code":"GHA","port_type":"Sea"},"geometry":{"type":"Point","coordinates":[-1.70708,4.93686]}},{"type":"Feature","id":1917,"properties":{"name":"Sfax","code":"TNSFA","country":"","country_code":"TUN","port_type":"Sea"},"geometry":{"type":"Point","coordinates":[10.76379,34.7251]}},{"type":"Feature","id":1918,"properties":{"name":"Moroni","code":"KMYVA","country":"Comoros","country_code":"COM","port_type":"Sea"},"geometry":{"type":"Point","coordinates":[43.2477,-11.70483]}},{"type":"Feature","id":1919,"properties":{"name":"Port Kaiser","code":"JMPKS","country":"Jamaica","country_code":"JAM","port_type":"Sea"},"geometry":{"type":"Point","coordinates":[-77.60413,17.8624]}},{"type":"Feature","id":1920,"properties":{"name":"Oran","code":"DZORN","country":"Algeria","country_code":"DZA","port_type":"Sea"},"geometry":{"type":"Point","coordinates":[-0.64202,35.70886]}},{"type":"Feature","id":1921,"properties":{"name":"Dundalk","code":"IEDDK","country":"Ireland","country_code":"IRL","port_type":"Sea"},"geometry":{"type":"Point","coordinates":[-6.35361,54.00675]}},{"type":"Feature","id":1922,"properties":{"name":"Grossenbrode","code":"DEGRO","country":"Germany","country_code":"DEU","port_type":"Sea"},"geometry":{"type":"Point","coordinates":[11.0695,54.36033]}},{"type":"Feature","id":1923,"properties":{"name":"Sassandra","code":"CIZSS","country":"Côte d'Ivoire","country_code":"CIV","port_type":"Sea"},"geometry":{"type":"Point","coordinates":[-6.08253,4.9522]}},{"type":"Feature","id":1924,"properties":{"name":"Campbeltown","code":"GBCBT","country":"U.K. of Great Britain and Northern Ireland","country_code":"GBR","port_type":"Sea"},"geometry":{"type":"Point","coordinates":[-5.6004,55.42348]}},{"type":"Feature","id":1925,"properties":{"name":"Port Ellen","code":"GBPLN","country":"U.K. of Great Britain and Northern Ireland","country_code":"GBR","port_type":"Sea"},"geometry":{"type":"Point","coordinates":[-6.18848,55.62807]}},{"type":"Feature","id":1926,"properties":{"name":"Skaerbaek","code":"DKSKB","country":"Denmark","country_code":"DNK","port_type":"Sea"},"geometry":{"type":"Point","coordinates":[9.61686,55.51426]}},{"type":"Feature","id":1927,"properties":{"name":"Borgholm","code":"SEBOM","country":"Sweden","country_code":"SWE","port_type":"Sea"},"geometry":{"type":"Point","coordinates":[16.64954,56.87937]}},{"type":"Feature","id":1928,"properties":{"name":"Grimstad","code":"NOGTD","country":"Norway","country_code":"NOR","port_type":"Sea"},"geometry":{"type":"Point","coordinates":[8.59372,58.33768]}},{"type":"Feature","id":1929,"properties":{"name":"Larvik","code":"NOLAR","country":"Norway","country_code":"NOR","port_type":"Sea"},"geometry":{"type":"Point","coordinates":[10.04807,59.04079]}},{"type":"Feature","id":1930,"properties":{"name":"Stockholm","code":"SESTO","country":"Sweden","country_code":"SWE","port_type":"Sea"},"geometry":{"type":"Point","coordinates":[18.07919,59.33005]}},{"type":"Feature","id":1931,"properties":{"name":"Lappohja","code":"FILAP","country":"Finland","country_code":"FIN","port_type":"Sea"},"geometry":{"type":"Point","coordinates":[23.26353,59.90301]}},{"type":"Feature","id":1932,"properties":{"name":"Trondheim","code":"NOTRD","country":"Norway","country_code":"NOR","port_type":"Sea"},"geometry":{"type":"Point","coordinates":[10.40702,63.44021]}},{"type":"Feature","id":1933,"properties":{"name":"Sarafand","code":"","country":"","country_code":"LBN","port_type":"Unknown"},"geometry":{"type":"Point","coordinates":[35.28596,33.45288]}},{"type":"Feature","id":1934,"properties":{"name":"Port Maitland","code":"CAPTM","country":"Canada","country_code":"CAN","port_type":"Lake"},"geometry":{"type":"Point","coordinates":[-79.57315,42.86457]}},{"type":"Feature","id":1935,"properties":{"name":"Buffalo","code":"USBUF","country":"United States of America","country_code":"USA","port_type":"Lake"},"geometry":{"type":"Point","coordinates":[-78.88388,42.87936]}},{"type":"Feature","id":1936,"properties":{"name":"El Ouzaai","code":"","country":"","country_code":"LBN","port_type":"Unknown"},"geometry":{"type":"Point","coordinates":[35.48366,33.84337]}},{"type":"Feature","id":1937,"properties":{"name":"Dbaiye","code":"","country":"","country_code":"LBN","port_type":"Unknown"},"geometry":{"type":"Point","coordinates":[35.58605,33.92898]}},{"type":"Feature","id":1938,"properties":{"name":"Moba","code":"","country":"Democratic Republic of the Congo","country_code":"COD","port_type":"Lake"},"geometry":{"type":"Point","coordinates":[29.76576,-7.03112]}},{"type":"Feature","id":1939,"properties":{"name":"Toronto","code":"CATOR","country":"Canada","country_code":"CAN","port_type":"Lake"},"geometry":{"type":"Point","coordinates":[-79.35304,43.64082]}},{"type":"Feature","id":1940,"properties":{"name":"Halat","code":"","country":"","country_code":"LBN","port_type":"Unknown"},"geometry":{"type":"Point","coordinates":[35.64935,34.09131]}},{"type":"Feature","id":1941,"properties":{"name":"Santa Barbara","code":"USSBA","country":"United States of America","country_code":"USA","port_type":"Sea"},"geometry":{"type":"Point","coordinates":[-119.69353,34.40744]}},{"type":"Feature","id":1942,"properties":{"name":"Alexandria","code":"EGALY","country":"Egypt","country_code":"EGY","port_type":"Sea"},"geometry":{"type":"Point","coordinates":[29.88146,31.19534]}},{"type":"Feature","id":1943,"properties":{"name":"Nioki","code":"","country":"Democratic Republic of the Congo","country_code":"COD","port_type":"River"},"geometry":{"type":"Point","coordinates":[17.68655,-2.73686]}},{"type":"Feature","id":1944,"properties":{"name":"Virac","code":"","country":"","country_code":"PHL","port_type":"Sea"},"geometry":{"type":"Point","coordinates":[124.23399,13.58185]}},{"type":"Feature","id":1945,"properties":{"name":"Zarzis","code":"","country":"Tunisia","country_code":"TUN","port_type":"Sea"},"geometry":{"type":"Point","coordinates":[11.11259,33.48321]}},{"type":"Feature","id":1946,"properties":{"name":"Balykchy","code":"","country":"Kyrgyzstan","country_code":"KGZ","port_type":"Lake"},"geometry":{"type":"Point","coordinates":[76.20995,42.4533]}},{"type":"Feature","id":1947,"properties":{"name":"Tadoussac","code":"CATAD","country":"Canada","country_code":"CAN","port_type":"Sea"},"geometry":{"type":"Point","coordinates":[-69.72972,48.14088]}},{"type":"Feature","id":1948,"properties":{"name":"Palm Beach","code":"USPAB","country":"United States of America","country_code":"USA","port_type":"Sea"},"geometry":{"type":"Point","coordinates":[-80.05172,26.76459]}},{"type":"Feature","id":1949,"properties":{"name":"Wilmington","code":"USWTN","country":"United States of America","country_code":"USA","port_type":"Sea"},"geometry":{"type":"Point","coordinates":[-118.2401,33.77713]}},{"type":"Feature","id":1950,"properties":{"name":"Jinja","code":"","country":"Uganda","country_code":"UGA","port_type":"Lake"},"geometry":{"type":"Point","coordinates":[33.20761,0.41425]}},{"type":"Feature","id":1951,"properties":{"name":"Nishinoomote","code":"","country":"Japan","country_code":"JPN","port_type":"Sea"},"geometry":{"type":"Point","coordinates":[130.99301,30.73033]}},{"type":"Feature","id":1952,"properties":{"name":"Chiang Saen","code":"","country":"Thailand","country_code":"THA","port_type":"River"},"geometry":{"type":"Point","coordinates":[100.08984,20.26754]}},{"type":"Feature","id":1953,"properties":{"name":"La Spezia","code":"","country":"Italy","country_code":"ITA","port_type":"Unknown"},"geometry":{"type":"Point","coordinates":[9.81724,44.10148]}},{"type":"Feature","id":1954,"properties":{"name":"Wexford","code":"IEWEX","country":"Ireland","country_code":"IRL","port_type":"Sea"},"geometry":{"type":"Point","coordinates":[-6.45707,52.33545]}},{"type":"Feature","id":1955,"properties":{"name":"Kaolack","code":"SNKLC","country":"Senegal","country_code":"SEN","port_type":"River"},"geometry":{"type":"Point","coordinates":[-16.08068,14.13143]}},{"type":"Feature","id":1956,"properties":{"name":"Valencia","code":"ESVLC","country":"","country_code":"ESP","port_type":"Sea"},"geometry":{"type":"Point","coordinates":[-0.323,39.45913]}},{"type":"Feature","id":1957,"properties":{"name":"Capraia","code":"ITCPA","country":"Italy","country_code":"ITA","port_type":"Sea"},"geometry":{"type":"Point","coordinates":[9.8357,43.0494]}},{"type":"Feature","id":1958,"properties":{"name":"Stocka","code":"SESTA","country":"Sweden","country_code":"SWE","port_type":"Sea"},"geometry":{"type":"Point","coordinates":[17.34568,61.89488]}},{"type":"Feature","id":1959,"properties":{"name":"Nea Karvali","code":"GRNKV","country":"Greece","country_code":"GRC","port_type":"Sea"},"geometry":{"type":"Point","coordinates":[24.50737,40.95813]}},{"type":"Feature","id":1960,"properties":{"name":"Barcelona","code":"ESBCN","country":"Spain","country_code":"ESP","port_type":"Sea"},"geometry":{"type":"Point","coordinates":[2.18331,41.37582]}},{"type":"Feature","id":1961,"properties":{"name":"Ajaccio","code":"FRAJA","country":"France","country_code":"FRA","port_type":"Sea"},"geometry":{"type":"Point","coordinates":[8.73971,41.92383]}},{"type":"Feature","id":1962,"properties":{"name":"Mulongo","code":"","country":"Democratic Republic of the Congo","country_code":"COD","port_type":"River"},"geometry":{"type":"Point","coordinates":[26.99662,-7.84474]}},{"type":"Feature","id":1963,"properties":{"name":"Quimper","code":"FRUIP","country":"France","country_code":"FRA","port_type":"Sea"},"geometry":{"type":"Point","coordinates":[-4.1113,47.99029]}},{"type":"Feature","id":1964,"properties":{"name":"Dinga","code":"","country":"Democratic Republic of the Congo","country_code":"COD","port_type":"River"},"geometry":{"type":"Point","coordinates":[16.53898,-5.30845]}},{"type":"Feature","id":1965,"properties":{"name":"Lusanga","code":"","country":"Democratic Republic of the Congo","country_code":"COD","port_type":"River"},"geometry":{"type":"Point","coordinates":[18.73316,-4.83768]}},{"type":"Feature","id":1966,"properties":{"name":"Djombo","code":"","country":"Democratic Republic of the Congo","country_code":"COD","port_type":"River"},"geometry":{"type":"Point","coordinates":[20.38172,1.34577]}},{"type":"Feature","id":1967,"properties":{"name":"Marromeu","code":"","country":"Mozambique","country_code":"MOZ","port_type":"Unknown"},"geometry":{"type":"Point","coordinates":[35.94757,-18.2869]}},{"type":"Feature","id":1968,"properties":{"name":"Skopelos","code":"GRSKO","country":"Greece","country_code":"GRC","port_type":"Sea"},"geometry":{"type":"Point","coordinates":[23.73015,39.12081]}},{"type":"Feature","id":1969,"properties":{"name":"Yerakini","code":"GRYER","country":"Greece","country_code":"GRC","port_type":"Sea"},"geometry":{"type":"Point","coordinates":[23.44179,40.27652]}},{"type":"Feature","id":1970,"properties":{"name":"Portland","code":"GBPTL","country":"U.K. of Great Britain and Northern Ireland","country_code":"GBR","port_type":"Sea"},"geometry":{"type":"Point","coordinates":[-2.43906,50.56902]}},{"type":"Feature","id":1971,"properties":{"name":"Tonsberg","code":"NOTON","country":"Norway","country_code":"NOR","port_type":"Sea"},"geometry":{"type":"Point","coordinates":[10.4213,59.26088]}},{"type":"Feature","id":1972,"properties":{"name":"Lidkoping","code":"SELDK","country":"Sweden","country_code":"SWE","port_type":"Sea"},"geometry":{"type":"Point","coordinates":[13.16428,58.50778]}},{"type":"Feature","id":1973,"properties":{"name":"Hafnarfjordur","code":"ISHAF","country":"","country_code":"ISL","port_type":"Sea"},"geometry":{"type":"Point","coordinates":[-21.98009,64.06709]}},{"type":"Feature","id":1974,"properties":{"name":"Brunsbuttel","code":"DEBRB","country":"Germany","country_code":"DEU","port_type":"Sea"},"geometry":{"type":"Point","coordinates":[9.18917,53.91529]}},{"type":"Feature","id":1975,"properties":{"name":"Isambo","code":"","country":"Democratic Republic of the Congo","country_code":"COD","port_type":"River"},"geometry":{"type":"Point","coordinates":[21.48222,-0.36642]}},{"type":"Feature","id":1976,"properties":{"name":"Ed Daoura","code":"","country":"Lebanon","country_code":"LBN","port_type":"Sea"},"geometry":{"type":"Point","coordinates":[35.5578,33.89927]}},{"type":"Feature","id":1977,"properties":{"name":"Aka","code":"","country":"Mali","country_code":"MLI","port_type":"River"},"geometry":{"type":"Point","coordinates":[-4.23634,15.40052]}},{"type":"Feature","id":1978,"properties":{"name":"Hue","code":"VNHUI","country":"Viet Nam","country_code":"VNM","port_type":"Sea"},"geometry":{"type":"Point","coordinates":[107.58781,16.49739]}},{"type":"Feature","id":1979,"properties":{"name":"Georgetown","code":"SHASI","country":"Saint Helena","country_code":"SHN","port_type":"Sea"},"geometry":{"type":"Point","coordinates":[-14.4133,-7.92565]}},{"type":"Feature","id":1980,"properties":{"name":"Manangareza","code":"","country":"Madagascar","country_code":"MDG","port_type":"River"},"geometry":{"type":"Point","coordinates":[49.4083,-18.16637]}},{"type":"Feature","id":1981,"properties":{"name":"Sondrara","code":"","country":"Madagascar","country_code":"MDG","port_type":"River"},"geometry":{"type":"Point","coordinates":[49.06075,-19.06499]}},{"type":"Feature","id":1982,"properties":{"name":"Ambodiharina","code":"","country":"Madagascar","country_code":"MDG","port_type":"River"},"geometry":{"type":"Point","coordinates":[48.77044,-20.00765]}},{"type":"Feature","id":1983,"properties":{"name":"Ambodisaina","code":"","country":"Madagascar","country_code":"MDG","port_type":"River"},"geometry":{"type":"Point","coordinates":[48.4907,-20.52665]}},{"type":"Feature","id":1984,"properties":{"name":"Halifax","code":"CAHAL","country":"","country_code":"CAN","port_type":"Sea"},"geometry":{"type":"Point","coordinates":[-63.5677,44.63246]}},{"type":"Feature","id":1985,"properties":{"name":"Aparri","code":"PHAPR","country":"Philippines","country_code":"PHL","port_type":"Sea"},"geometry":{"type":"Point","coordinates":[121.62959,18.36124]}},{"type":"Feature","id":1986,"properties":{"name":"Yambinga","code":"","country":"Democratic Republic of the Congo","country_code":"COD","port_type":"River"},"geometry":{"type":"Point","coordinates":[22.60593,2.12262]}},{"type":"Feature","id":1987,"properties":{"name":"Samarai","code":"PGSQT","country":"","country_code":"PNG","port_type":"Unknown"},"geometry":{"type":"Point","coordinates":[150.66236,-10.60964]}},{"type":"Feature","id":1988,"properties":{"name":"Bokakata","code":"","country":"Democratic Republic of the Congo","country_code":"COD","port_type":"River"},"geometry":{"type":"Point","coordinates":[19.55675,1.27275]}},{"type":"Feature","id":1989,"properties":{"name":"Ikela","code":"","country":"Democratic Republic of the Congo","country_code":"COD","port_type":"River"},"geometry":{"type":"Point","coordinates":[23.3563,-1.05472]}},{"type":"Feature","id":1990,"properties":{"name":"Kalonda","code":"","country":"Democratic Republic of the Congo","country_code":"COD","port_type":"River"},"geometry":{"type":"Point","coordinates":[17.54151,-4.79129]}},{"type":"Feature","id":1991,"properties":{"name":"Kimbao","code":"","country":"Democratic Republic of the Congo","country_code":"COD","port_type":"River"},"geometry":{"type":"Point","coordinates":[17.6421,-5.11297]}},{"type":"Feature","id":1992,"properties":{"name":"Oshwe","code":"","country":"Democratic Republic of the Congo","country_code":"COD","port_type":"River"},"geometry":{"type":"Point","coordinates":[19.43874,-3.41465]}},{"type":"Feature","id":1993,"properties":{"name":"Collingwood","code":"CACOL","country":"","country_code":"CAN","port_type":"Lake"},"geometry":{"type":"Point","coordinates":[-80.21557,44.50488]}},{"type":"Feature","id":1994,"properties":{"name":"Mackinac Island","code":"USMCD","country":"United States of America","country_code":"USA","port_type":"Lake"},"geometry":{"type":"Point","coordinates":[-84.61757,45.84962]}},{"type":"Feature","id":1995,"properties":{"name":"Superior","code":"USSUW","country":"United States of America","country_code":"USA","port_type":"Lake"},"geometry":{"type":"Point","coordinates":[-92.02315,46.69137]}},{"type":"Feature","id":1996,"properties":{"name":"Muskegon","code":"USMKG","country":"United States of America","country_code":"USA","port_type":"Lake"},"geometry":{"type":"Point","coordinates":[-86.28928,43.219]}},{"type":"Feature","id":1997,"properties":{"name":"Marathon","code":"CAMAR","country":"","country_code":"CAN","port_type":"Lake"},"geometry":{"type":"Point","coordinates":[-86.39675,48.72059]}},{"type":"Feature","id":1998,"properties":{"name":"Puerto Suarez","code":"BOPSZ","country":"Bolivia","country_code":"BOL","port_type":"Lake"},"geometry":{"type":"Point","coordinates":[-57.79452,-18.96014]}},{"type":"Feature","id":1999,"properties":{"name":"Busira","code":"","country":"Democratic Republic of the Congo","country_code":"COD","port_type":"River"},"geometry":{"type":"Point","coordinates":[19.98121,-0.19823]}},{"type":"Feature","id":2000,"properties":{"name":"Mampoko","code":"","country":"Democratic Republic of the Congo","country_code":"COD","port_type":"River"},"geometry":{"type":"Point","coordinates":[18.67117,0.86449]}},{"type":"Feature","id":2001,"properties":{"name":"Ekuta","code":"","country":"Democratic Republic of the Congo","country_code":"COD","port_type":"River"},"geometry":{"type":"Point","coordinates":[18.69835,2.99451]}},{"type":"Feature","id":2002,"properties":{"name":"Pono","code":"","country":"Democratic Republic of the Congo","country_code":"COD","port_type":"River"},"geometry":{"type":"Point","coordinates":[17.74418,-3.60529]}},{"type":"Feature","id":2003,"properties":{"name":"Kinyezire","code":"","country":"Democratic Republic of the Congo","country_code":"COD","port_type":"River"},"geometry":{"type":"Point","coordinates":[28.99155,-1.85917]}},{"type":"Feature","id":2004,"properties":{"name":"North Weymouth","code":"USNWY","country":"","country_code":"USA","port_type":"Sea"},"geometry":{"type":"Point","coordinates":[-70.9261,42.25582]}},{"type":"Feature","id":2005,"properties":{"name":"Masbate","code":"PHMBT","country":"","country_code":"PHL","port_type":"Sea"},"geometry":{"type":"Point","coordinates":[123.61672,12.36842]}},{"type":"Feature","id":2006,"properties":{"name":"Lunenburg","code":"CALUN","country":"Canada","country_code":"CAN","port_type":"Sea"},"geometry":{"type":"Point","coordinates":[-64.30778,44.37604]}},{"type":"Feature","id":2007,"properties":{"name":"Port Alice","code":"CAPAC","country":"Canada","country_code":"CAN","port_type":"Sea"},"geometry":{"type":"Point","coordinates":[-127.48454,50.42305]}},{"type":"Feature","id":2008,"properties":{"name":"Port Edward","code":"CAPTE","country":"","country_code":"CAN","port_type":"Sea"},"geometry":{"type":"Point","coordinates":[-130.29402,54.22784]}},{"type":"Feature","id":2009,"properties":{"name":"Wrangell","code":"USWRG","country":"","country_code":"USA","port_type":"Sea"},"geometry":{"type":"Point","coordinates":[-132.39036,56.47424]}},{"type":"Feature","id":2010,"properties":{"name":"Pelican","code":"USPEC","country":"","country_code":"USA","port_type":"Sea"},"geometry":{"type":"Point","coordinates":[-136.22676,57.95772]}},{"type":"Feature","id":2011,"properties":{"name":"Cordova","code":"USCDV","country":"United States of America","country_code":"USA","port_type":"Sea"},"geometry":{"type":"Point","coordinates":[-145.76159,60.55032]}},{"type":"Feature","id":2012,"properties":{"name":"Portland","code":"USPWM","country":"United States of America","country_code":"USA","port_type":"Sea"},"geometry":{"type":"Point","coordinates":[-70.24862,43.65736]}},{"type":"Feature","id":2013,"properties":{"name":"Lockeport","code":"CALCP","country":"","country_code":"CAN","port_type":"Sea"},"geometry":{"type":"Point","coordinates":[-65.11196,43.70012]}},{"type":"Feature","id":2014,"properties":{"name":"Weymouth","code":"CAWEY","country":"Canada","country_code":"CAN","port_type":"Sea"},"geometry":{"type":"Point","coordinates":[-66.00298,44.43764]}},{"type":"Feature","id":2015,"properties":{"name":"Massena","code":"USMSS","country":"United States of America","country_code":"USA","port_type":"Sea"},"geometry":{"type":"Point","coordinates":[-74.92478,44.95593]}},{"type":"Feature","id":2016,"properties":{"name":"Iona","code":"CAION","country":"","country_code":"CAN","port_type":"Sea"},"geometry":{"type":"Point","coordinates":[-60.80501,45.96256]}},{"type":"Feature","id":2017,"properties":{"name":"Louisbourg","code":"CALOU","country":"Canada","country_code":"CAN","port_type":"Sea"},"geometry":{"type":"Point","coordinates":[-59.97185,45.91859]}},{"type":"Feature","id":2018,"properties":{"name":"Warrenton","code":"USWTO","country":"United States of America","country_code":"USA","port_type":"Sea"},"geometry":{"type":"Point","coordinates":[-123.9183,46.16507]}},{"type":"Feature","id":2019,"properties":{"name":"Port Royal","code":"USPRL","country":"United States of America","country_code":"USA","port_type":"Sea"},"geometry":{"type":"Point","coordinates":[-80.69207,32.37253]}},{"type":"Feature","id":2020,"properties":{"name":"Port Alberni","code":"CAPAB","country":"Canada","country_code":"CAN","port_type":"Sea"},"geometry":{"type":"Point","coordinates":[-124.81265,49.23433]}},{"type":"Feature","id":2021,"properties":{"name":"Port Mellon","code":"CAPML","country":"Canada","country_code":"CAN","port_type":"Sea"},"geometry":{"type":"Point","coordinates":[-123.48964,49.52036]}},{"type":"Feature","id":2022,"properties":{"name":"Comox","code":"CACOX","country":"Canada","country_code":"CAN","port_type":"Sea"},"geometry":{"type":"Point","coordinates":[-124.92703,49.67222]}},{"type":"Feature","id":2023,"properties":{"name":"Tahsis","code":"CAPTA","country":"Canada","country_code":"CAN","port_type":"Sea"},"geometry":{"type":"Point","coordinates":[-126.66436,49.91722]}},{"type":"Feature","id":2024,"properties":{"name":"Petersburg","code":"USPBU","country":"","country_code":"USA","port_type":"Sea"},"geometry":{"type":"Point","coordinates":[-132.97501,56.80681]}},{"type":"Feature","id":2025,"properties":{"name":"Seward","code":"USSEW","country":"","country_code":"USA","port_type":"Sea"},"geometry":{"type":"Point","coordinates":[-149.43953,60.11771]}},{"type":"Feature","id":2026,"properties":{"name":"Caen","code":"FRCFR","country":"France","country_code":"FRA","port_type":"Sea"},"geometry":{"type":"Point","coordinates":[-0.32023,49.19494]}},{"type":"Feature","id":2027,"properties":{"name":"Bogense","code":"DKBGZ","country":"Denmark","country_code":"DNK","port_type":"Sea"},"geometry":{"type":"Point","coordinates":[10.08103,55.56588]}},{"type":"Feature","id":2028,"properties":{"name":"Figeholm","code":"SEFIG","country":"Sweden","country_code":"SWE","port_type":"Sea"},"geometry":{"type":"Point","coordinates":[16.55378,57.37278]}},{"type":"Feature","id":2029,"properties":{"name":"Girvan","code":"GBGIR","country":"U.K. of Great Britain and Northern Ireland","country_code":"GBR","port_type":"Sea"},"geometry":{"type":"Point","coordinates":[-4.86149,55.24417]}},{"type":"Feature","id":2030,"properties":{"name":"Vardo","code":"NOVAO","country":"Norway","country_code":"NOR","port_type":"Sea"},"geometry":{"type":"Point","coordinates":[31.10951,70.37313]}},{"type":"Feature","id":2031,"properties":{"name":"Korsor","code":"DKKRR","country":"Denmark","country_code":"DNK","port_type":"Sea"},"geometry":{"type":"Point","coordinates":[11.13504,55.33452]}},{"type":"Feature","id":2032,"properties":{"name":"Rorvig","code":"DKRRV","country":"Denmark","country_code":"DNK","port_type":"Sea"},"geometry":{"type":"Point","coordinates":[11.76602,55.94531]}},{"type":"Feature","id":2033,"properties":{"name":"Corinth","code":"GRCRG","country":"Greece","country_code":"GRC","port_type":"Sea"},"geometry":{"type":"Point","coordinates":[22.93194,37.94232]}},{"type":"Feature","id":2034,"properties":{"name":"Milazzo","code":"ITMLZ","country":"Italy","country_code":"ITA","port_type":"Sea"},"geometry":{"type":"Point","coordinates":[15.24005,38.22119]}},{"type":"Feature","id":2035,"properties":{"name":"La Rochelle","code":"FRLRH","country":"France","country_code":"FRA","port_type":"Sea"},"geometry":{"type":"Point","coordinates":[-1.16117,46.14621]}},{"type":"Feature","id":2036,"properties":{"name":"Kalmar","code":"SEKLR","country":"Sweden","country_code":"SWE","port_type":"Sea"},"geometry":{"type":"Point","coordinates":[16.36622,56.65844]}},{"type":"Feature","id":2037,"properties":{"name":"Stavanger","code":"NOSVG","country":"Norway","country_code":"NOR","port_type":"Sea"},"geometry":{"type":"Point","coordinates":[5.74298,58.97166]}},{"type":"Feature","id":2038,"properties":{"name":"Toledo","code":"USTOL","country":"United States of America","country_code":"USA","port_type":"Lake"},"geometry":{"type":"Point","coordinates":[-83.46406,41.6886]}},{"type":"Feature","id":2039,"properties":{"name":"Wilmington","code":"USILG","country":"United States of America","country_code":"USA","port_type":"Sea"},"geometry":{"type":"Point","coordinates":[-75.5223,39.71675]}},{"type":"Feature","id":2040,"properties":{"name":"Marcus Hook","code":"USMAH","country":"United States of America","country_code":"USA","port_type":"Sea"},"geometry":{"type":"Point","coordinates":[-75.41708,39.81]}},{"type":"Feature","id":2041,"properties":{"name":"Mtwara","code":"TZMYW","country":"United Republic of Tanzania","country_code":"TZA","port_type":"Sea"},"geometry":{"type":"Point","coordinates":[40.18685,-10.26305]}},{"type":"Feature","id":2042,"properties":{"name":"Kashiwazaki","code":"JPAIK","country":"Japan","country_code":"JPN","port_type":"Sea"},"geometry":{"type":"Point","coordinates":[138.53494,37.36373]}},{"type":"Feature","id":2043,"properties":{"name":"Sal Rei","code":"CVSAR","country":"Cape Verde","country_code":"CPV","port_type":"Sea"},"geometry":{"type":"Point","coordinates":[-22.92237,16.17877]}},{"type":"Feature","id":2044,"properties":{"name":"Vasteras","code":"SEVST","country":"Sweden","country_code":"SWE","port_type":"Sea"},"geometry":{"type":"Point","coordinates":[16.5494,59.60346]}},{"type":"Feature","id":2045,"properties":{"name":"Kalajoki","code":"FIKJO","country":"Finland","country_code":"FIN","port_type":"Sea"},"geometry":{"type":"Point","coordinates":[23.91847,64.27914]}},{"type":"Feature","id":2046,"properties":{"name":"Holyhead","code":"GBHLY","country":"U.K. of Great Britain and Northern Ireland","country_code":"GBR","port_type":"Sea"},"geometry":{"type":"Point","coordinates":[-4.62643,53.31076]}},{"type":"Feature","id":2047,"properties":{"name":"Pontevedra","code":"ESPEV","country":"Spain","country_code":"ESP","port_type":"Sea"},"geometry":{"type":"Point","coordinates":[-8.649,42.43558]}},{"type":"Feature","id":2048,"properties":{"name":"Paimpol","code":"FRPAI","country":"France","country_code":"FRA","port_type":"Sea"},"geometry":{"type":"Point","coordinates":[-3.04205,48.78302]}},{"type":"Feature","id":2049,"properties":{"name":"Rouen","code":"FRURO","country":"France","country_code":"FRA","port_type":"Sea"},"geometry":{"type":"Point","coordinates":[1.05693,49.44773]}},{"type":"Feature","id":2050,"properties":{"name":"Poole","code":"GBPOO","country":"U.K. of Great Britain and Northern Ireland","country_code":"GBR","port_type":"Sea"},"geometry":{"type":"Point","coordinates":[-1.98638,50.71878]}},{"type":"Feature","id":2051,"properties":{"name":"Newhaven","code":"GBNHV","country":"U.K. of Great Britain and Northern Ireland","country_code":"GBR","port_type":"Sea"},"geometry":{"type":"Point","coordinates":[0.05644,50.78729]}},{"type":"Feature","id":2052,"properties":{"name":"Portslade","code":"GBPTS","country":"U.K. of Great Britain and Northern Ireland","country_code":"GBR","port_type":"Sea"},"geometry":{"type":"Point","coordinates":[-0.21054,50.83047]}},{"type":"Feature","id":2053,"properties":{"name":"Faversham","code":"GBFAV","country":"U.K. of Great Britain and Northern Ireland","country_code":"GBR","port_type":"Sea"},"geometry":{"type":"Point","coordinates":[0.89419,51.33578]}},{"type":"Feature","id":2054,"properties":{"name":"Felixstowe","code":"GBFXT","country":"U.K. of Great Britain and Northern Ireland","country_code":"GBR","port_type":"Sea"},"geometry":{"type":"Point","coordinates":[1.31487,51.94831]}},{"type":"Feature","id":2055,"properties":{"name":"Deventer","code":"NLDEV","country":"Netherlands","country_code":"NLD","port_type":"Sea"},"geometry":{"type":"Point","coordinates":[6.16969,52.24669]}},{"type":"Feature","id":2056,"properties":{"name":"New Ross","code":"IENRS","country":"Ireland","country_code":"IRL","port_type":"Sea"},"geometry":{"type":"Point","coordinates":[-6.95878,52.38401]}},{"type":"Feature","id":2057,"properties":{"name":"Mostyn","code":"GBCHE","country":"U.K. of Great Britain and Northern Ireland","country_code":"GBR","port_type":"Sea"},"geometry":{"type":"Point","coordinates":[-3.26328,53.3175]}},{"type":"Feature","id":2058,"properties":{"name":"Garston","code":"GBGTN","country":"U.K. of Great Britain and Northern Ireland","country_code":"GBR","port_type":"Sea"},"geometry":{"type":"Point","coordinates":[-2.90879,53.35066]}},{"type":"Feature","id":2059,"properties":{"name":"Bromborough","code":"GBBHK","country":"U.K. of Great Britain and Northern Ireland","country_code":"GBR","port_type":"Sea"},"geometry":{"type":"Point","coordinates":[-2.97278,53.34428]}},{"type":"Feature","id":2060,"properties":{"name":"Pattani","code":"THPAN","country":"Thailand","country_code":"THA","port_type":"Sea"},"geometry":{"type":"Point","coordinates":[101.25569,6.89974]}},{"type":"Feature","id":2061,"properties":{"name":"Romblon","code":"PHRLN","country":"Philippines","country_code":"PHL","port_type":"Sea"},"geometry":{"type":"Point","coordinates":[122.26921,12.57774]}},{"type":"Feature","id":2062,"properties":{"name":"Sale","code":"MASAL","country":"Morocco","country_code":"MAR","port_type":"Sea"},"geometry":{"type":"Point","coordinates":[-6.81254,34.06048]}},{"type":"Feature","id":2063,"properties":{"name":"Sousse","code":"TNSUS","country":"Tunisia","country_code":"TUN","port_type":"Sea"},"geometry":{"type":"Point","coordinates":[10.64496,35.82795]}},{"type":"Feature","id":2064,"properties":{"name":"Benguela","code":"AOBUG","country":"Angola","country_code":"AGO","port_type":"Sea"},"geometry":{"type":"Point","coordinates":[13.38806,-12.58638]}},{"type":"Feature","id":2065,"properties":{"name":"Pangani","code":"TZPAN","country":"","country_code":"TZA","port_type":"Sea"},"geometry":{"type":"Point","coordinates":[38.9734,-5.4286]}},{"type":"Feature","id":2066,"properties":{"name":"Kantang","code":"THKAN","country":"Thailand","country_code":"THA","port_type":"Sea"},"geometry":{"type":"Point","coordinates":[99.50939,7.41069]}},{"type":"Feature","id":2067,"properties":{"name":"Kudamatsu","code":"JPKUD","country":"Japan","country_code":"JPN","port_type":"Sea"},"geometry":{"type":"Point","coordinates":[131.86034,34.006]}},{"type":"Feature","id":2068,"properties":{"name":"Westport","code":"NZWSZ","country":"New Zealand","country_code":"NZL","port_type":"Sea"},"geometry":{"type":"Point","coordinates":[171.59732,-41.75437]}},{"type":"Feature","id":2069,"properties":{"name":"Mount Maunganui","code":"NZMMU","country":"New Zealand","country_code":"NZL","port_type":"Sea"},"geometry":{"type":"Point","coordinates":[176.17345,-37.63451]}},{"type":"Feature","id":2070,"properties":{"name":"Maldonado","code":"UYMDO","country":"Uruguay","country_code":"URY","port_type":"Sea"},"geometry":{"type":"Point","coordinates":[-54.94364,-34.96573]}},{"type":"Feature","id":2071,"properties":{"name":"Namatanai","code":"PGATN","country":"Papua New Guinea","country_code":"PNG","port_type":"Unknown"},"geometry":{"type":"Point","coordinates":[152.4403,-3.66311]}},{"type":"Feature","id":2072,"properties":{"name":"Port Lincoln","code":"AUPLO","country":"Australia","country_code":"AUS","port_type":"Sea"},"geometry":{"type":"Point","coordinates":[135.87533,-34.74006]}},{"type":"Feature","id":2073,"properties":{"name":"Esperance","code":"AUEPR","country":"Australia","country_code":"AUS","port_type":"Sea"},"geometry":{"type":"Point","coordinates":[121.89517,-33.87047]}},{"type":"Feature","id":2074,"properties":{"name":"Sao Sebastiao","code":"BRSSO","country":"Brazil","country_code":"BRA","port_type":"Sea"},"geometry":{"type":"Point","coordinates":[-45.39927,-23.79865]}},{"type":"Feature","id":2075,"properties":{"name":"Point Samson","code":"AUPSM","country":"Australia","country_code":"AUS","port_type":"Sea"},"geometry":{"type":"Point","coordinates":[117.19288,-20.63755]}},{"type":"Feature","id":2076,"properties":{"name":"Lucinda","code":"AULUC","country":"Australia","country_code":"AUS","port_type":"Sea"},"geometry":{"type":"Point","coordinates":[146.33061,-18.53057]}},{"type":"Feature","id":2077,"properties":{"name":"Macapa","code":"BRMCP","country":"Brazil","country_code":"BRA","port_type":"Sea"},"geometry":{"type":"Point","coordinates":[-51.05428,0.02596]}},{"type":"Feature","id":2078,"properties":{"name":"Male","code":"MVMLE","country":"","country_code":"MDV","port_type":"Sea"},"geometry":{"type":"Point","coordinates":[73.50295,4.1709]}},{"type":"Feature","id":2079,"properties":{"name":"Kota Kinabalu","code":"MYBKI","country":"Malaysia","country_code":"MYS","port_type":"Sea"},"geometry":{"type":"Point","coordinates":[116.07988,5.99128]}},{"type":"Feature","id":2080,"properties":{"name":"Hondagua","code":"PHHON","country":"Philippines","country_code":"PHL","port_type":"Sea"},"geometry":{"type":"Point","coordinates":[122.24133,13.94495]}},{"type":"Feature","id":2081,"properties":{"name":"Mangrol","code":"INMGR","country":"India","country_code":"IND","port_type":"Sea"},"geometry":{"type":"Point","coordinates":[70.09887,21.10882]}},{"type":"Feature","id":2082,"properties":{"name":"Puerto Princesa","code":"PHPPS","country":"Philippines","country_code":"PHL","port_type":"Sea"},"geometry":{"type":"Point","coordinates":[118.72848,9.74241]}},{"type":"Feature","id":2083,"properties":{"name":"Macau","code":"MOFMM","country":"Macau","country_code":"MAC","port_type":"Sea"},"geometry":{"type":"Point","coordinates":[113.55893,22.19694]}},{"type":"Feature","id":2084,"properties":{"name":"Fuzhou","code":"CNFOC","country":"China","country_code":"CHN","port_type":"Sea"},"geometry":{"type":"Point","coordinates":[119.3652,26.03987]}},{"type":"Feature","id":2085,"properties":{"name":"Omaezaki","code":"JPOMZ","country":"Japan","country_code":"JPN","port_type":"Sea"},"geometry":{"type":"Point","coordinates":[138.21307,34.62215]}},{"type":"Feature","id":2086,"properties":{"name":"Kisarazu","code":"JPKZU","country":"Japan","country_code":"JPN","port_type":"Sea"},"geometry":{"type":"Point","coordinates":[139.89655,35.36819]}},{"type":"Feature","id":2087,"properties":{"name":"Otaru","code":"JPOTR","country":"Japan","country_code":"JPN","port_type":"Sea"},"geometry":{"type":"Point","coordinates":[141.01511,43.18956]}},{"type":"Feature","id":2088,"properties":{"name":"Sochi","code":"RUSOC","country":"Russian Federation","country_code":"RUS","port_type":"Sea"},"geometry":{"type":"Point","coordinates":[39.72054,43.58214]}},{"type":"Feature","id":2089,"properties":{"name":"Dunedin","code":"NZDUD","country":"","country_code":"NZL","port_type":"Sea"},"geometry":{"type":"Point","coordinates":[170.50866,-45.88968]}},{"type":"Feature","id":2090,"properties":{"name":"Oamaru","code":"NZOAM","country":"","country_code":"NZL","port_type":"Sea"},"geometry":{"type":"Point","coordinates":[170.97987,-45.11]}},{"type":"Feature","id":2091,"properties":{"name":"Wellington","code":"NZWLG","country":"New Zealand","country_code":"NZL","port_type":"Sea"},"geometry":{"type":"Point","coordinates":[174.78677,-41.27851]}},{"type":"Feature","id":2092,"properties":{"name":"Warrnambool","code":"AUWMB","country":"Australia","country_code":"AUS","port_type":"Sea"},"geometry":{"type":"Point","coordinates":[142.47553,-38.40177]}},{"type":"Feature","id":2093,"properties":{"name":"Whangarei","code":"NZWRE","country":"New Zealand","country_code":"NZL","port_type":"Sea"},"geometry":{"type":"Point","coordinates":[174.34856,-35.75614]}},{"type":"Feature","id":2094,"properties":{"name":"Carmelo","code":"UYCAR","country":"Uruguay","country_code":"URY","port_type":"Sea"},"geometry":{"type":"Point","coordinates":[-58.28829,-34.00376]}},{"type":"Feature","id":2095,"properties":{"name":"Port Alma","code":"AUPTL","country":"Australia","country_code":"AUS","port_type":"Sea"},"geometry":{"type":"Point","coordinates":[150.86111,-23.58546]}},{"type":"Feature","id":2096,"properties":{"name":"Wageningen","code":"SRAGI","country":"Suriname","country_code":"SUR","port_type":"Sea"},"geometry":{"type":"Point","coordinates":[-56.68704,5.76322]}},{"type":"Feature","id":2097,"properties":{"name":"Ozamis","code":"PHOZC","country":"","country_code":"PHL","port_type":"Sea"},"geometry":{"type":"Point","coordinates":[123.84535,8.14078]}},{"type":"Feature","id":2098,"properties":{"name":"Belekeri","code":"INBLK","country":"","country_code":"IND","port_type":"Sea"},"geometry":{"type":"Point","coordinates":[74.26327,14.71107]}},{"type":"Feature","id":2099,"properties":{"name":"Zhangjiagang","code":"CNZJG","country":"China","country_code":"CHN","port_type":"Sea"},"geometry":{"type":"Point","coordinates":[120.4034,31.96409]}},{"type":"Feature","id":2100,"properties":{"name":"Samos","code":"GRSMI","country":"Greece","country_code":"GRC","port_type":"Sea"},"geometry":{"type":"Point","coordinates":[26.9761,37.75633]}},{"type":"Feature","id":2101,"properties":{"name":"Lebu","code":"CLLEB","country":"Chile","country_code":"CHL","port_type":"Sea"},"geometry":{"type":"Point","coordinates":[-73.66312,-37.59782]}},{"type":"Feature","id":2102,"properties":{"name":"Aratu","code":"BRARB","country":"Brazil","country_code":"BRA","port_type":"Sea"},"geometry":{"type":"Point","coordinates":[-38.47627,-12.79053]}},{"type":"Feature","id":2103,"properties":{"name":"Johor Bahru","code":"MYJHB","country":"Malaysia","country_code":"MYS","port_type":"Sea"},"geometry":{"type":"Point","coordinates":[103.73605,1.45978]}},{"type":"Feature","id":2104,"properties":{"name":"Kuching","code":"MYKCH","country":"Malaysia","country_code":"MYS","port_type":"Sea"},"geometry":{"type":"Point","coordinates":[110.36798,1.55509]}},{"type":"Feature","id":2105,"properties":{"name":"Limbang","code":"MYLMN","country":"Malaysia","country_code":"MYS","port_type":"Sea"},"geometry":{"type":"Point","coordinates":[115.00875,4.75264]}},{"type":"Feature","id":2106,"properties":{"name":"Chichiriviche","code":"VECHV","country":"Venezuela","country_code":"VEN","port_type":"Sea"},"geometry":{"type":"Point","coordinates":[-68.2746,10.92304]}},{"type":"Feature","id":2107,"properties":{"name":"Tandoc","code":"PHTDC","country":"","country_code":"PHL","port_type":"Sea"},"geometry":{"type":"Point","coordinates":[123.29906,14.05485]}},{"type":"Feature","id":2108,"properties":{"name":"Honavar","code":"INHON","country":"India","country_code":"IND","port_type":"Sea"},"geometry":{"type":"Point","coordinates":[74.44106,14.27594]}},{"type":"Feature","id":2109,"properties":{"name":"Calapan","code":"PHCLP","country":"Philippines","country_code":"PHL","port_type":"Sea"},"geometry":{"type":"Point","coordinates":[121.19532,13.42605]}},{"type":"Feature","id":2110,"properties":{"name":"Bedi","code":"INBED","country":"India","country_code":"IND","port_type":"Sea"},"geometry":{"type":"Point","coordinates":[70.03156,22.54896]}},{"type":"Feature","id":2111,"properties":{"name":"Keelung","code":"TWKEL","country":"Taiwan","country_code":"TWN","port_type":"Sea"},"geometry":{"type":"Point","coordinates":[121.76065,25.15541]}},{"type":"Feature","id":2112,"properties":{"name":"Ningbo","code":"CNNGB","country":"China","country_code":"CHN","port_type":"Sea"},"geometry":{"type":"Point","coordinates":[121.55539,29.87347]}},{"type":"Feature","id":2113,"properties":{"name":"Kuchinotsu","code":"JPKUC","country":"Japan","country_code":"JPN","port_type":"Sea"},"geometry":{"type":"Point","coordinates":[130.17633,32.59369]}},{"type":"Feature","id":2114,"properties":{"name":"Fukuyama","code":"JPFKY","country":"Japan","country_code":"JPN","port_type":"Sea"},"geometry":{"type":"Point","coordinates":[133.44268,34.4523]}},{"type":"Feature","id":2115,"properties":{"name":"Shimoda","code":"JPSMD","country":"Japan","country_code":"JPN","port_type":"Sea"},"geometry":{"type":"Point","coordinates":[138.94886,34.67003]}},{"type":"Feature","id":2116,"properties":{"name":"Masan","code":"KRMAS","country":"Republic of Korea","country_code":"KOR","port_type":"Sea"},"geometry":{"type":"Point","coordinates":[128.57469,35.19632]}},{"type":"Feature","id":2117,"properties":{"name":"Ulsan","code":"KRUSN","country":"Republic of Korea","country_code":"KOR","port_type":"Sea"},"geometry":{"type":"Point","coordinates":[129.36424,35.45739]}},{"type":"Feature","id":2118,"properties":{"name":"Kunsan","code":"KRKUV","country":"","country_code":"KOR","port_type":"Sea"},"geometry":{"type":"Point","coordinates":[126.5444,35.96502]}},{"type":"Feature","id":2119,"properties":{"name":"Longkou","code":"CNLKU","country":"China","country_code":"CHN","port_type":"Sea"},"geometry":{"type":"Point","coordinates":[120.30815,37.66873]}},{"type":"Feature","id":2120,"properties":{"name":"Maltepe","code":"TRMAL","country":"","country_code":"TUR","port_type":"Sea"},"geometry":{"type":"Point","coordinates":[29.10295,40.94778]}},{"type":"Feature","id":2121,"properties":{"name":"Naantali","code":"FINLI","country":"Finland","country_code":"FIN","port_type":"Sea"},"geometry":{"type":"Point","coordinates":[22.01451,60.47055]}},{"type":"Feature","id":2122,"properties":{"name":"Riohacha","code":"CORCH","country":"Colombia","country_code":"COL","port_type":"Sea"},"geometry":{"type":"Point","coordinates":[-72.90777,11.55311]}},{"type":"Feature","id":2123,"properties":{"name":"Raahe","code":"FIRAA","country":"Finland","country_code":"FIN","port_type":"Sea"},"geometry":{"type":"Point","coordinates":[24.42115,64.66019]}},{"type":"Feature","id":2124,"properties":{"name":"Diu","code":"INDIU","country":"","country_code":"IND","port_type":"Sea"},"geometry":{"type":"Point","coordinates":[70.98685,20.71907]}},{"type":"Feature","id":2125,"properties":{"name":"Jiangmen","code":"CNJMN","country":"China","country_code":"CHN","port_type":"River"},"geometry":{"type":"Point","coordinates":[113.12346,22.60356]}},{"type":"Feature","id":2126,"properties":{"name":"Eregli","code":"TRELI","country":"Turkey","country_code":"TUR","port_type":"Sea"},"geometry":{"type":"Point","coordinates":[31.42242,41.26814]}},{"type":"Feature","id":2127,"properties":{"name":"Dudinka","code":"RUDUD","country":"Russian Federation","country_code":"RUS","port_type":"River"},"geometry":{"type":"Point","coordinates":[86.16852,69.39974]}},{"type":"Feature","id":2128,"properties":{"name":"Gilau","code":"PGGIL","country":"","country_code":"PNG","port_type":"Unknown"},"geometry":{"type":"Point","coordinates":[149.0438,-5.491]}},{"type":"Feature","id":2129,"properties":{"name":"Kas","code":"TRKAS","country":"Turkey","country_code":"TUR","port_type":"Sea"},"geometry":{"type":"Point","coordinates":[29.64248,36.19824]}},{"type":"Feature","id":2130,"properties":{"name":"Veracruz","code":"MXVER","country":"Mexico","country_code":"MEX","port_type":"Sea"},"geometry":{"type":"Point","coordinates":[-96.13951,19.20581]}},{"type":"Feature","id":2131,"properties":{"name":"Manaus","code":"BRMAO","country":"Brazil","country_code":"BRA","port_type":"River"},"geometry":{"type":"Point","coordinates":[-59.99739,-3.15376]}},{"type":"Feature","id":2132,"properties":{"name":"Pertigalete","code":"VEPRG","country":"","country_code":"VEN","port_type":"Sea"},"geometry":{"type":"Point","coordinates":[-64.55886,10.24251]}},{"type":"Feature","id":2133,"properties":{"name":"Puerto Madero","code":"MXPMD","country":"Mexico","country_code":"MEX","port_type":"Sea"},"geometry":{"type":"Point","coordinates":[-92.39724,14.70561]}},{"type":"Feature","id":2134,"properties":{"name":"Puerto Vallarta","code":"MXPVR","country":"Mexico","country_code":"MEX","port_type":"Sea"},"geometry":{"type":"Point","coordinates":[-105.24505,20.66067]}},{"type":"Feature","id":2135,"properties":{"name":"Kusadasi","code":"TRKUS","country":"Turkey","country_code":"TUR","port_type":"Sea"},"geometry":{"type":"Point","coordinates":[27.26469,37.87016]}},{"type":"Feature","id":2136,"properties":{"name":"Zonguldak","code":"TRZON","country":"Turkey","country_code":"TUR","port_type":"Sea"},"geometry":{"type":"Point","coordinates":[31.78781,41.45391]}},{"type":"Feature","id":2137,"properties":{"name":"Coronel","code":"CLCNL","country":"Chile","country_code":"CHL","port_type":"Sea"},"geometry":{"type":"Point","coordinates":[-73.16792,-37.02492]}},{"type":"Feature","id":2138,"properties":{"name":"Lota","code":"CLLTA","country":"Chile","country_code":"CHL","port_type":"Sea"},"geometry":{"type":"Point","coordinates":[-73.15953,-37.09771]}},{"type":"Feature","id":2139,"properties":{"name":"Marmaris","code":"TRMRM","country":"Turkey","country_code":"TUR","port_type":"Sea"},"geometry":{"type":"Point","coordinates":[28.27674,36.85311]}},{"type":"Feature","id":2140,"properties":{"name":"Quepos","code":"CRXQP","country":"Costa Rica","country_code":"CRI","port_type":"Sea"},"geometry":{"type":"Point","coordinates":[-84.1687,9.42403]}},{"type":"Feature","id":2141,"properties":{"name":"Minatitlan","code":"MXMTT","country":"Mexico","country_code":"MEX","port_type":"Sea"},"geometry":{"type":"Point","coordinates":[-94.53473,17.97553]}},{"type":"Feature","id":2142,"properties":{"name":"Izmit","code":"TRIZT","country":"","country_code":"TUR","port_type":"Sea"},"geometry":{"type":"Point","coordinates":[29.92893,40.76027]}},{"type":"Feature","id":2143,"properties":{"name":"Asuncion","code":"PYASU","country":"Paraguay","country_code":"PRY","port_type":"River"},"geometry":{"type":"Point","coordinates":[-57.64373,-25.27472]}},{"type":"Feature","id":2144,"properties":{"name":"Puerto Natales","code":"CLPNT","country":"Chile","country_code":"CHL","port_type":"Sea"},"geometry":{"type":"Point","coordinates":[-72.50031,-51.73735]}},{"type":"Feature","id":2145,"properties":{"name":"Vatomandry","code":"MGVAT","country":"Madagascar","country_code":"MDG","port_type":"Sea"},"geometry":{"type":"Point","coordinates":[48.98018,-19.32419]}},{"type":"Feature","id":2146,"properties":{"name":"Liverpool","code":"GBLIV","country":"U.K. of Great Britain and Northern Ireland","country_code":"GBR","port_type":"Sea"},"geometry":{"type":"Point","coordinates":[-3.02275,53.46172]}},{"type":"Feature","id":2147,"properties":{"name":"Manchester","code":"GBMNC","country":"U.K. of Great Britain and Northern Ireland","country_code":"GBR","port_type":"Sea"},"geometry":{"type":"Point","coordinates":[-2.27518,53.46689]}},{"type":"Feature","id":2148,"properties":{"name":"Puerto Madryn","code":"ARPMY","country":"Argentina","country_code":"ARG","port_type":"Sea"},"geometry":{"type":"Point","coordinates":[-65.03806,-42.7649]}},{"type":"Feature","id":2149,"properties":{"name":"Jaffna","code":"LKJAF","country":"Sri Lanka","country_code":"LKA","port_type":"Sea"},"geometry":{"type":"Point","coordinates":[80.01957,9.65037]}},{"type":"Feature","id":2150,"properties":{"name":"Onne","code":"NGONN","country":"Nigeria","country_code":"NGA","port_type":"Sea"},"geometry":{"type":"Point","coordinates":[7.1521,4.68388]}},{"type":"Feature","id":2151,"properties":{"name":"Padang","code":"IDPDG","country":"Indonesia","country_code":"IDN","port_type":"Sea"},"geometry":{"type":"Point","coordinates":[100.37084,-1.00017]}},{"type":"Feature","id":2152,"properties":{"name":"Sinabang","code":"IDSNG","country":"Indonesia","country_code":"IDN","port_type":"Sea"},"geometry":{"type":"Point","coordinates":[96.38228,2.47859]}},{"type":"Feature","id":2153,"properties":{"name":"Banyuwangi","code":"IDBUG","country":"","country_code":"IDN","port_type":"Sea"},"geometry":{"type":"Point","coordinates":[114.38447,-8.20596]}},{"type":"Feature","id":2154,"properties":{"name":"Semarang","code":"IDSRG","country":"Indonesia","country_code":"IDN","port_type":"Sea"},"geometry":{"type":"Point","coordinates":[110.42515,-6.9467]}},{"type":"Feature","id":2155,"properties":{"name":"Ambon","code":"IDAMQ","country":"Indonesia","country_code":"IDN","port_type":"Sea"},"geometry":{"type":"Point","coordinates":[128.17627,-3.6941]}},{"type":"Feature","id":2156,"properties":{"name":"Kendari","code":"IDKDI","country":"","country_code":"IDN","port_type":"Sea"},"geometry":{"type":"Point","coordinates":[122.57729,-3.97245]}},{"type":"Feature","id":2157,"properties":{"name":"Manado","code":"IDMDC","country":"Indonesia","country_code":"IDN","port_type":"Sea"},"geometry":{"type":"Point","coordinates":[124.84053,1.49881]}},{"type":"Feature","id":2158,"properties":{"name":"Sangkulirang","code":"IDSKI","country":"","country_code":"IDN","port_type":"Sea"},"geometry":{"type":"Point","coordinates":[117.98446,0.98721]}},{"type":"Feature","id":2159,"properties":{"name":"Bluefields","code":"NIBEF","country":"Nicaragua","country_code":"NIC","port_type":"Sea"},"geometry":{"type":"Point","coordinates":[-83.75968,12.01143]}},{"type":"Feature","id":2160,"properties":{"name":"Puerto Plata","code":"DOPOP","country":"Dominican Republic","country_code":"DOM","port_type":"Sea"},"geometry":{"type":"Point","coordinates":[-70.70184,19.7985]}},{"type":"Feature","id":2161,"properties":{"name":"Mollendo","code":"PEMLQ","country":"Peru","country_code":"PER","port_type":"Sea"},"geometry":{"type":"Point","coordinates":[-72.01563,-17.03114]}},{"type":"Feature","id":2162,"properties":{"name":"Atico","code":"PEATI","country":"","country_code":"PER","port_type":"Sea"},"geometry":{"type":"Point","coordinates":[-73.61797,-16.23047]}},{"type":"Feature","id":2163,"properties":{"name":"Huarmey","code":"PEHUY","country":"Peru","country_code":"PER","port_type":"Sea"},"geometry":{"type":"Point","coordinates":[-78.17118,-10.09738]}},{"type":"Feature","id":2164,"properties":{"name":"Palmeira","code":"CVPAL","country":"Cape Verde","country_code":"CPV","port_type":"Sea"},"geometry":{"type":"Point","coordinates":[-22.98276,16.75425]}},{"type":"Feature","id":2165,"properties":{"name":"Port Louis","code":"MUPLU","country":"Mauritius","country_code":"MUS","port_type":"Sea"},"geometry":{"type":"Point","coordinates":[57.49567,-20.15276]}},{"type":"Feature","id":2166,"properties":{"name":"Sao Tome","code":"STTMS","country":"","country_code":"STP","port_type":"Sea"},"geometry":{"type":"Point","coordinates":[6.73686,0.3463]}},{"type":"Feature","id":2167,"properties":{"name":"Itzehoe","code":"DEITZ","country":"Germany","country_code":"DEU","port_type":"Sea"},"geometry":{"type":"Point","coordinates":[9.50073,53.92447]}},{"type":"Feature","id":2168,"properties":{"name":"Hochdonn","code":"DEHOD","country":"Germany","country_code":"DEU","port_type":"Sea"},"geometry":{"type":"Point","coordinates":[9.29617,54.01917]}},{"type":"Feature","id":2169,"properties":{"name":"Greifswald","code":"DEGRD","country":"Germany","country_code":"DEU","port_type":"Sea"},"geometry":{"type":"Point","coordinates":[13.45228,54.09729]}},{"type":"Feature","id":2170,"properties":{"name":"Whitehaven","code":"GBWHV","country":"U.K. of Great Britain and Northern Ireland","country_code":"GBR","port_type":"Sea"},"geometry":{"type":"Point","coordinates":[-3.59131,54.54851]}},{"type":"Feature","id":2171,"properties":{"name":"Aabenraa","code":"DKAAB","country":"Denmark","country_code":"DNK","port_type":"Sea"},"geometry":{"type":"Point","coordinates":[9.4267,55.03933]}},{"type":"Feature","id":2172,"properties":{"name":"Flekkefjord","code":"NOFFD","country":"Norway","country_code":"NOR","port_type":"Sea"},"geometry":{"type":"Point","coordinates":[6.65542,58.29536]}},{"type":"Feature","id":2173,"properties":{"name":"Skaelskor","code":"DKSSK","country":"Denmark","country_code":"DNK","port_type":"Sea"},"geometry":{"type":"Point","coordinates":[11.28999,55.2529]}},{"type":"Feature","id":2174,"properties":{"name":"Klaipeda","code":"LTKLJ","country":"Lithuania","country_code":"LTU","port_type":"Sea"},"geometry":{"type":"Point","coordinates":[21.09381,55.72878]}},{"type":"Feature","id":2175,"properties":{"name":"Ronneby","code":"SERNB","country":"Sweden","country_code":"SWE","port_type":"Sea"},"geometry":{"type":"Point","coordinates":[15.3016,56.17553]}},{"type":"Feature","id":2176,"properties":{"name":"Klintehamn","code":"SEKLI","country":"Sweden","country_code":"SWE","port_type":"Sea"},"geometry":{"type":"Point","coordinates":[18.19327,57.38794]}},{"type":"Feature","id":2177,"properties":{"name":"Wick","code":"GBWIC","country":"U.K. of Great Britain and Northern Ireland","country_code":"GBR","port_type":"Sea"},"geometry":{"type":"Point","coordinates":[-3.08444,58.43906]}},{"type":"Feature","id":2178,"properties":{"name":"Norrsundet","code":"SENOT","country":"Sweden","country_code":"SWE","port_type":"Sea"},"geometry":{"type":"Point","coordinates":[17.14199,60.94345]}},{"type":"Feature","id":2179,"properties":{"name":"Orkanger","code":"NOORK","country":"Norway","country_code":"NOR","port_type":"Sea"},"geometry":{"type":"Point","coordinates":[9.84126,63.31526]}},{"type":"Feature","id":2180,"properties":{"name":"Malm","code":"NOMLM","country":"Norway","country_code":"NOR","port_type":"Sea"},"geometry":{"type":"Point","coordinates":[11.23805,64.07732]}},{"type":"Feature","id":2181,"properties":{"name":"Logstor","code":"DKLGR","country":"Denmark","country_code":"DNK","port_type":"Sea"},"geometry":{"type":"Point","coordinates":[9.24833,56.96705]}},{"type":"Feature","id":2182,"properties":{"name":"Guangzhou","code":"CNCAN","country":"China","country_code":"CHN","port_type":"Sea"},"geometry":{"type":"Point","coordinates":[113.26582,23.11757]}},{"type":"Feature","id":2183,"properties":{"name":"Port Clinton","code":"USPTT","country":"","country_code":"USA","port_type":"Lake"},"geometry":{"type":"Point","coordinates":[-82.94679,41.51746]}},{"type":"Feature","id":2184,"properties":{"name":"Racine","code":"USRAC","country":"United States of America","country_code":"USA","port_type":"Lake"},"geometry":{"type":"Point","coordinates":[-87.78016,42.73182]}},{"type":"Feature","id":2185,"properties":{"name":"Sarnia","code":"CASNI","country":"","country_code":"CAN","port_type":"Lake"},"geometry":{"type":"Point","coordinates":[-82.41284,42.98537]}},{"type":"Feature","id":2186,"properties":{"name":"Ashland","code":"USASX","country":"","country_code":"USA","port_type":"Lake"},"geometry":{"type":"Point","coordinates":[-90.88477,46.59293]}},{"type":"Feature","id":2187,"properties":{"name":"Bang Saphan","code":"","country":"Thailand","country_code":"THA","port_type":"Sea"},"geometry":{"type":"Point","coordinates":[99.57833,11.20683]}},{"type":"Feature","id":2188,"properties":{"name":"Goderich","code":"CAGOH","country":"Canada","country_code":"CAN","port_type":"Lake"},"geometry":{"type":"Point","coordinates":[-81.71722,43.74688]}},{"type":"Feature","id":2189,"properties":{"name":"Kingston","code":"CAKIN","country":"Canada","country_code":"CAN","port_type":"Lake"},"geometry":{"type":"Point","coordinates":[-76.48211,44.2258]}},{"type":"Feature","id":2190,"properties":{"name":"Morgan City","code":"USMGN","country":"United States of America","country_code":"USA","port_type":"Sea"},"geometry":{"type":"Point","coordinates":[-91.20152,29.68953]}},{"type":"Feature","id":2191,"properties":{"name":"Kfar Aabida","code":"","country":"","country_code":"LBN","port_type":"Unknown"},"geometry":{"type":"Point","coordinates":[35.65492,34.22685]}},{"type":"Feature","id":2192,"properties":{"name":"Pensacola","code":"USPNS","country":"United States of America","country_code":"USA","port_type":"Sea"},"geometry":{"type":"Point","coordinates":[-87.20986,30.40444]}},{"type":"Feature","id":2193,"properties":{"name":"Roscoff","code":"FRROS","country":"France","country_code":"FRA","port_type":"Sea"},"geometry":{"type":"Point","coordinates":[-3.98229,48.72414]}},{"type":"Feature","id":2194,"properties":{"name":"Lokandu","code":"","country":"Democratic Republic of the Congo","country_code":"COD","port_type":"River"},"geometry":{"type":"Point","coordinates":[25.75011,-2.53715]}},{"type":"Feature","id":2195,"properties":{"name":"Kailenge","code":"","country":"Democratic Republic of the Congo","country_code":"COD","port_type":"River"},"geometry":{"type":"Point","coordinates":[25.71753,-2.25937]}},{"type":"Feature","id":2196,"properties":{"name":"Brookes Point","code":"","country":"Philippines","country_code":"PHL","port_type":"Sea"},"geometry":{"type":"Point","coordinates":[117.82946,8.77353]}},{"type":"Feature","id":2197,"properties":{"name":"Benghazi","code":"LYBEN","country":"","country_code":"LBY","port_type":"Sea"},"geometry":{"type":"Point","coordinates":[20.03957,32.10399]}},{"type":"Feature","id":2198,"properties":{"name":"Ranong","code":"","country":"Thailand","country_code":"THA","port_type":"Sea"},"geometry":{"type":"Point","coordinates":[98.60073,9.98089]}},{"type":"Feature","id":2199,"properties":{"name":"Gretna","code":"USGTL","country":"United States of America","country_code":"USA","port_type":"Sea"},"geometry":{"type":"Point","coordinates":[-90.06691,29.91804]}},{"type":"Feature","id":2200,"properties":{"name":"Chicoutimi","code":"CACHI","country":"Canada","country_code":"CAN","port_type":"Sea"},"geometry":{"type":"Point","coordinates":[-71.05551,48.43055]}},{"type":"Feature","id":2201,"properties":{"name":"Carbonear","code":"CACRB","country":"Canada","country_code":"CAN","port_type":"Sea"},"geometry":{"type":"Point","coordinates":[-53.22401,47.73897]}},{"type":"Feature","id":2202,"properties":{"name":"Ishigaki","code":"","country":"Japan","country_code":"JPN","port_type":"Sea"},"geometry":{"type":"Point","coordinates":[124.15008,24.34262]}},{"type":"Feature","id":2203,"properties":{"name":"Kowe","code":"","country":"Democratic Republic of the Congo","country_code":"COD","port_type":"River"},"geometry":{"type":"Point","coordinates":[25.81564,-1.65473]}},{"type":"Feature","id":2204,"properties":{"name":"Brindisi","code":"","country":"Italy","country_code":"ITA","port_type":"Unknown"},"geometry":{"type":"Point","coordinates":[17.96298,40.64479]}},{"type":"Feature","id":2205,"properties":{"name":"Inverness","code":"GBINV","country":"U.K. of Great Britain and Northern Ireland","country_code":"GBR","port_type":"Sea"},"geometry":{"type":"Point","coordinates":[-4.2319,57.4935]}},{"type":"Feature","id":2206,"properties":{"name":"Blankaholm","code":"SEBLA","country":"Sweden","country_code":"SWE","port_type":"Sea"},"geometry":{"type":"Point","coordinates":[16.52706,57.59004]}},{"type":"Feature","id":2207,"properties":{"name":"Stenungsund","code":"SESTE","country":"Sweden","country_code":"SWE","port_type":"Sea"},"geometry":{"type":"Point","coordinates":[11.81991,58.08752]}},{"type":"Feature","id":2208,"properties":{"name":"Kristiansand","code":"NOKRS","country":"Norway","country_code":"NOR","port_type":"Sea"},"geometry":{"type":"Point","coordinates":[8.0173,58.13993]}},{"type":"Feature","id":2209,"properties":{"name":"Naxos","code":"GRJNX","country":"Greece","country_code":"GRC","port_type":"Sea"},"geometry":{"type":"Point","coordinates":[25.3743,37.10751]}},{"type":"Feature","id":2210,"properties":{"name":"Porto Garibaldi","code":"ITPGA","country":"Italy","country_code":"ITA","port_type":"Sea"},"geometry":{"type":"Point","coordinates":[12.24178,44.67715]}},{"type":"Feature","id":2211,"properties":{"name":"Split","code":"HRSPU","country":"Croatia","country_code":"HRV","port_type":"Sea"},"geometry":{"type":"Point","coordinates":[16.44208,43.5051]}},{"type":"Feature","id":2212,"properties":{"name":"Zadar","code":"HRZAD","country":"Croatia","country_code":"HRV","port_type":"Sea"},"geometry":{"type":"Point","coordinates":[15.22585,44.11751]}},{"type":"Feature","id":2213,"properties":{"name":"Sikea","code":"SESIK","country":"Sweden","country_code":"SWE","port_type":"Sea"},"geometry":{"type":"Point","coordinates":[20.97474,64.15876]}},{"type":"Feature","id":2214,"properties":{"name":"Molfetta","code":"ITMOL","country":"Italy","country_code":"ITA","port_type":"Sea"},"geometry":{"type":"Point","coordinates":[16.58327,41.20735]}},{"type":"Feature","id":2215,"properties":{"name":"Manfredonia","code":"ITMFR","country":"","country_code":"ITA","port_type":"Sea"},"geometry":{"type":"Point","coordinates":[15.91218,41.62395]}},{"type":"Feature","id":2216,"properties":{"name":"Vasto","code":"ITVSO","country":"Italy","country_code":"ITA","port_type":"Sea"},"geometry":{"type":"Point","coordinates":[14.71007,42.17199]}},{"type":"Feature","id":2217,"properties":{"name":"Corcubion","code":"ESCCN","country":"Spain","country_code":"ESP","port_type":"Sea"},"geometry":{"type":"Point","coordinates":[-9.18991,42.94447]}},{"type":"Feature","id":2218,"properties":{"name":"Kindu","code":"","country":"Democratic Republic of the Congo","country_code":"COD","port_type":"River"},"geometry":{"type":"Point","coordinates":[25.92925,-2.94716]}},{"type":"Feature","id":2219,"properties":{"name":"Salerno","code":"ITSAL","country":"","country_code":"ITA","port_type":"Sea"},"geometry":{"type":"Point","coordinates":[14.75148,40.67607]}},{"type":"Feature","id":2220,"properties":{"name":"Nantes","code":"FRNTE","country":"France","country_code":"FRA","port_type":"Sea"},"geometry":{"type":"Point","coordinates":[-1.5681,47.20643]}},{"type":"Feature","id":2221,"properties":{"name":"Lezardrieux","code":"FRLEZ","country":"France","country_code":"FRA","port_type":"Sea"},"geometry":{"type":"Point","coordinates":[-3.10029,48.78996]}},{"type":"Feature","id":2222,"properties":{"name":"Torre Annunziata","code":"ITTOA","country":"Italy","country_code":"ITA","port_type":"Sea"},"geometry":{"type":"Point","coordinates":[14.44401,40.75364]}},{"type":"Feature","id":2223,"properties":{"name":"Marseille","code":"FRMRS","country":"France","country_code":"FRA","port_type":"Sea"},"geometry":{"type":"Point","coordinates":[5.3643,43.30786]}},{"type":"Feature","id":2224,"properties":{"name":"Blyth","code":"GBBLY","country":"U.K. of Great Britain and Northern Ireland","country_code":"GBR","port_type":"Sea"},"geometry":{"type":"Point","coordinates":[-1.50964,55.13035]}},{"type":"Feature","id":2225,"properties":{"name":"Perth","code":"GBPER","country":"U.K. of Great Britain and Northern Ireland","country_code":"GBR","port_type":"Sea"},"geometry":{"type":"Point","coordinates":[-3.42798,56.38172]}},{"type":"Feature","id":2226,"properties":{"name":"Tallinn","code":"EETLL","country":"Estonia","country_code":"EST","port_type":"Sea"},"geometry":{"type":"Point","coordinates":[24.76385,59.44703]}},{"type":"Feature","id":2227,"properties":{"name":"Skanevik","code":"NOSEI","country":"Norway","country_code":"NOR","port_type":"Sea"},"geometry":{"type":"Point","coordinates":[5.93282,59.73338]}},{"type":"Feature","id":2228,"properties":{"name":"Kuji","code":"","country":"Japan","country_code":"JPN","port_type":"Sea"},"geometry":{"type":"Point","coordinates":[141.79968,40.19425]}},{"type":"Feature","id":2229,"properties":{"name":"Bronnoysund","code":"NOBNN","country":"Norway","country_code":"NOR","port_type":"Sea"},"geometry":{"type":"Point","coordinates":[12.20713,65.47302]}},{"type":"Feature","id":2230,"properties":{"name":"Savonlinna","code":"FISVL","country":"Finland","country_code":"FIN","port_type":"River"},"geometry":{"type":"Point","coordinates":[28.8845,61.86785]}},{"type":"Feature","id":2231,"properties":{"name":"Bomputu","code":"","country":"Democratic Republic of the Congo","country_code":"COD","port_type":"River"},"geometry":{"type":"Point","coordinates":[20.14165,-0.46736]}},{"type":"Feature","id":2232,"properties":{"name":"Elila","code":"","country":"Democratic Republic of the Congo","country_code":"COD","port_type":"River"},"geometry":{"type":"Point","coordinates":[25.87529,-2.74199]}},{"type":"Feature","id":2233,"properties":{"name":"Pweto","code":"","country":"Democratic Republic of the Congo","country_code":"COD","port_type":"Lake"},"geometry":{"type":"Point","coordinates":[28.88247,-8.48124]}},{"type":"Feature","id":2234,"properties":{"name":"Bukama","code":"","country":"Democratic Republic of the Congo","country_code":"COD","port_type":"River"},"geometry":{"type":"Point","coordinates":[25.85927,-9.19494]}},{"type":"Feature","id":2235,"properties":{"name":"Inongo","code":"","country":"Democratic Republic of the Congo","country_code":"COD","port_type":"Lake"},"geometry":{"type":"Point","coordinates":[18.27213,-1.93269]}},{"type":"Feature","id":2236,"properties":{"name":"Cua Lo","code":"","country":"Viet Nam","country_code":"VNM","port_type":"Sea"},"geometry":{"type":"Point","coordinates":[105.71075,18.82878]}},{"type":"Feature","id":2237,"properties":{"name":"Clayton","code":"USCLY","country":"United States of America","country_code":"USA","port_type":"Lake"},"geometry":{"type":"Point","coordinates":[-76.08903,44.23612]}},{"type":"Feature","id":2238,"properties":{"name":"Allen","code":"","country":"Philippines","country_code":"PHL","port_type":"Sea"},"geometry":{"type":"Point","coordinates":[124.28435,12.50456]}},{"type":"Feature","id":2239,"properties":{"name":"Tabuelan","code":"","country":"Philippines","country_code":"PHL","port_type":"Sea"},"geometry":{"type":"Point","coordinates":[123.87037,10.83157]}},{"type":"Feature","id":2240,"properties":{"name":"Belo Tsiribihina","code":"","country":"Madagascar","country_code":"MDG","port_type":"River"},"geometry":{"type":"Point","coordinates":[44.53906,-19.71319]}},{"type":"Feature","id":2241,"properties":{"name":"Salehy","code":"","country":"Madagascar","country_code":"MDG","port_type":"River"},"geometry":{"type":"Point","coordinates":[48.78404,-19.99193]}},{"type":"Feature","id":2242,"properties":{"name":"Marinette","code":"USMOY","country":"United States of America","country_code":"USA","port_type":"Lake"},"geometry":{"type":"Point","coordinates":[-87.61848,45.10008]}},{"type":"Feature","id":2243,"properties":{"name":"Vancouver","code":"CAVAN","country":"","country_code":"CAN","port_type":"Sea"},"geometry":{"type":"Point","coordinates":[-123.11121,49.28626]}},{"type":"Feature","id":2244,"properties":{"name":"Cheboygan","code":"USCHG","country":"","country_code":"USA","port_type":"Lake"},"geometry":{"type":"Point","coordinates":[-84.46838,45.65374]}},{"type":"Feature","id":2245,"properties":{"name":"Elingampangu","code":"","country":"Democratic Republic of the Congo","country_code":"COD","port_type":"River"},"geometry":{"type":"Point","coordinates":[24.21444,-1.9919]}},{"type":"Feature","id":2246,"properties":{"name":"Besow","code":"","country":"Democratic Republic of the Congo","country_code":"COD","port_type":"River"},"geometry":{"type":"Point","coordinates":[20.33703,-1.17543]}},{"type":"Feature","id":2247,"properties":{"name":"Bokungu","code":"","country":"Democratic Republic of the Congo","country_code":"COD","port_type":"River"},"geometry":{"type":"Point","coordinates":[22.30612,-0.61676]}},{"type":"Feature","id":2248,"properties":{"name":"Welland","code":"CAWEL","country":"Canada","country_code":"CAN","port_type":"Lake"},"geometry":{"type":"Point","coordinates":[-79.25718,42.97224]}},{"type":"Feature","id":2249,"properties":{"name":"Baringa","code":"","country":"Democratic Republic of the Congo","country_code":"COD","port_type":"River"},"geometry":{"type":"Point","coordinates":[20.73645,0.7345]}},{"type":"Feature","id":2250,"properties":{"name":"Isangi","code":"","country":"Democratic Republic of the Congo","country_code":"COD","port_type":"River"},"geometry":{"type":"Point","coordinates":[24.27285,0.78496]}},{"type":"Feature","id":2251,"properties":{"name":"Bokwankusu","code":"","country":"Democratic Republic of the Congo","country_code":"COD","port_type":"River"},"geometry":{"type":"Point","coordinates":[22.7801,-1.86087]}},{"type":"Feature","id":2252,"properties":{"name":"Georgetown","code":"CAGGW","country":"Canada","country_code":"CAN","port_type":"Sea"},"geometry":{"type":"Point","coordinates":[-62.53708,46.17942]}},{"type":"Feature","id":2253,"properties":{"name":"Gold River","code":"CAGOL","country":"","country_code":"CAN","port_type":"Sea"},"geometry":{"type":"Point","coordinates":[-126.12556,49.6802]}},{"type":"Feature","id":2254,"properties":{"name":"Valdez","code":"USVDZ","country":"","country_code":"USA","port_type":"Sea"},"geometry":{"type":"Point","coordinates":[-146.3416,61.12833]}},{"type":"Feature","id":2255,"properties":{"name":"Port Neches","code":"USPON","country":"United States of America","country_code":"USA","port_type":"Sea"},"geometry":{"type":"Point","coordinates":[-93.94013,29.99235]}},{"type":"Feature","id":2256,"properties":{"name":"Gramercy","code":"USGRY","country":"United States of America","country_code":"USA","port_type":"Sea"},"geometry":{"type":"Point","coordinates":[-90.67904,30.04747]}},{"type":"Feature","id":2257,"properties":{"name":"Reserve","code":"USRSF","country":"United States of America","country_code":"USA","port_type":"Sea"},"geometry":{"type":"Point","coordinates":[-90.56522,30.05543]}},{"type":"Feature","id":2258,"properties":{"name":"Geismar","code":"USGSM","country":"United States of America","country_code":"USA","port_type":"Sea"},"geometry":{"type":"Point","coordinates":[-91.0288,30.20453]}},{"type":"Feature","id":2259,"properties":{"name":"New Bedford","code":"USEWB","country":"","country_code":"USA","port_type":"Sea"},"geometry":{"type":"Point","coordinates":[-70.92008,41.63466]}},{"type":"Feature","id":2260,"properties":{"name":"Quincy","code":"USMQI","country":"United States of America","country_code":"USA","port_type":"Sea"},"geometry":{"type":"Point","coordinates":[-70.96833,42.24622]}},{"type":"Feature","id":2261,"properties":{"name":"Waddington","code":"USWAD","country":"United States of America","country_code":"USA","port_type":"Sea"},"geometry":{"type":"Point","coordinates":[-75.20632,44.86534]}},{"type":"Feature","id":2262,"properties":{"name":"Moncton","code":"CAMNT","country":"Canada","country_code":"CAN","port_type":"Sea"},"geometry":{"type":"Point","coordinates":[-64.77247,46.08856]}},{"type":"Feature","id":2263,"properties":{"name":"Port Orchard","code":"USPXO","country":"United States of America","country_code":"USA","port_type":"Sea"},"geometry":{"type":"Point","coordinates":[-122.6368,47.54227]}},{"type":"Feature","id":2264,"properties":{"name":"Ostrica","code":"USOST","country":"United States of America","country_code":"USA","port_type":"Sea"},"geometry":{"type":"Point","coordinates":[-89.55241,29.37368]}},{"type":"Feature","id":2265,"properties":{"name":"Martinez","code":"USMRZ","country":"United States of America","country_code":"USA","port_type":"Sea"},"geometry":{"type":"Point","coordinates":[-122.12968,38.02611]}},{"type":"Feature","id":2266,"properties":{"name":"Fredericksburg","code":"USFDB","country":"United States of America","country_code":"USA","port_type":"Sea"},"geometry":{"type":"Point","coordinates":[-77.4535,38.29658]}},{"type":"Feature","id":2267,"properties":{"name":"Onset","code":"USONL","country":"","country_code":"USA","port_type":"Sea"},"geometry":{"type":"Point","coordinates":[-70.65855,41.74149]}},{"type":"Feature","id":2268,"properties":{"name":"Sandwich","code":"USSWC","country":"United States of America","country_code":"USA","port_type":"Sea"},"geometry":{"type":"Point","coordinates":[-70.50425,41.77005]}},{"type":"Feature","id":2269,"properties":{"name":"Ogdensburg","code":"USOGS","country":"United States of America","country_code":"USA","port_type":"Sea"},"geometry":{"type":"Point","coordinates":[-75.48625,44.70787]}},{"type":"Feature","id":2270,"properties":{"name":"Ladysmith","code":"CALAD","country":"","country_code":"CAN","port_type":"Sea"},"geometry":{"type":"Point","coordinates":[-123.81905,48.99936]}},{"type":"Feature","id":2271,"properties":{"name":"Powell River","code":"CAPOW","country":"","country_code":"CAN","port_type":"Sea"},"geometry":{"type":"Point","coordinates":[-124.5258,49.83593]}},{"type":"Feature","id":2272,"properties":{"name":"Aviles","code":"ESAVS","country":"Spain","country_code":"ESP","port_type":"Sea"},"geometry":{"type":"Point","coordinates":[-5.92619,43.58165]}},{"type":"Feature","id":2273,"properties":{"name":"Hopedale","code":"CAHOP","country":"Canada","country_code":"CAN","port_type":"Sea"},"geometry":{"type":"Point","coordinates":[-60.20929,55.46163]}},{"type":"Feature","id":2274,"properties":{"name":"Port Townsend","code":"USTWD","country":"United States of America","country_code":"USA","port_type":"Sea"},"geometry":{"type":"Point","coordinates":[-122.76068,48.11292]}},{"type":"Feature","id":2275,"properties":{"name":"Dragor","code":"DKDRA","country":"Denmark","country_code":"DNK","port_type":"Sea"},"geometry":{"type":"Point","coordinates":[12.67409,55.59399]}},{"type":"Feature","id":2276,"properties":{"name":"Silloth","code":"GBSIL","country":"U.K. of Great Britain and Northern Ireland","country_code":"GBR","port_type":"Sea"},"geometry":{"type":"Point","coordinates":[-3.39243,54.86685]}},{"type":"Feature","id":2277,"properties":{"name":"Ardrossan","code":"GBARD","country":"U.K. of Great Britain and Northern Ireland","country_code":"GBR","port_type":"Sea"},"geometry":{"type":"Point","coordinates":[-4.81729,55.64036]}},{"type":"Feature","id":2278,"properties":{"name":"Catania","code":"ITCTA","country":"Italy","country_code":"ITA","port_type":"Sea"},"geometry":{"type":"Point","coordinates":[15.08962,37.49079]}},{"type":"Feature","id":2279,"properties":{"name":"Megara","code":"GRMGR","country":"Greece","country_code":"GRC","port_type":"Sea"},"geometry":{"type":"Point","coordinates":[23.35346,37.98237]}},{"type":"Feature","id":2280,"properties":{"name":"Burgas","code":"BGBOJ","country":"Bulgaria","country_code":"BGR","port_type":"Sea"},"geometry":{"type":"Point","coordinates":[27.45531,42.48834]}},{"type":"Feature","id":2281,"properties":{"name":"Venice","code":"ITVCE","country":"Italy","country_code":"ITA","port_type":"Sea"},"geometry":{"type":"Point","coordinates":[12.3095,45.43857]}},{"type":"Feature","id":2282,"properties":{"name":"Ashtabula","code":"USASF","country":"United States of America","country_code":"USA","port_type":"Lake"},"geometry":{"type":"Point","coordinates":[-80.79531,41.90418]}},{"type":"Feature","id":2283,"properties":{"name":"Metlakatla","code":"USMTM","country":"","country_code":"USA","port_type":"Sea"},"geometry":{"type":"Point","coordinates":[-131.5816,55.12893]}},{"type":"Feature","id":2284,"properties":{"name":"Perryville","code":"USPYX","country":"United States of America","country_code":"USA","port_type":"Sea"},"geometry":{"type":"Point","coordinates":[-159.16869,55.89931]}},{"type":"Feature","id":2285,"properties":{"name":"Sparrows Point","code":"USSRT","country":"United States of America","country_code":"USA","port_type":"Sea"},"geometry":{"type":"Point","coordinates":[-76.49573,39.21405]}},{"type":"Feature","id":2286,"properties":{"name":"Eureka","code":"USEKA","country":"United States of America","country_code":"USA","port_type":"Sea"},"geometry":{"type":"Point","coordinates":[-124.18409,40.79747]}},{"type":"Feature","id":2287,"properties":{"name":"Tiverton","code":"USTIV","country":"United States of America","country_code":"USA","port_type":"Sea"},"geometry":{"type":"Point","coordinates":[-71.21266,41.62558]}},{"type":"Feature","id":2288,"properties":{"name":"Asilah","code":"MAASI","country":"Morocco","country_code":"MAR","port_type":"Sea"},"geometry":{"type":"Point","coordinates":[-6.03539,35.46903]}},{"type":"Feature","id":2289,"properties":{"name":"Sariyer","code":"TRSRY","country":"","country_code":"TUR","port_type":"Sea"},"geometry":{"type":"Point","coordinates":[29.05758,41.16715]}},{"type":"Feature","id":2290,"properties":{"name":"Buatan","code":"IDBUN","country":"Indonesia","country_code":"IDN","port_type":"River"},"geometry":{"type":"Point","coordinates":[101.81754,0.74603]}},{"type":"Feature","id":2291,"properties":{"name":"Holmestrand","code":"NOHOL","country":"Norway","country_code":"NOR","port_type":"Sea"},"geometry":{"type":"Point","coordinates":[10.32227,59.48844]}},{"type":"Feature","id":2292,"properties":{"name":"Hargshamn","code":"SEHAN","country":"Sweden","country_code":"SWE","port_type":"Sea"},"geometry":{"type":"Point","coordinates":[18.45836,60.17305]}},{"type":"Feature","id":2293,"properties":{"name":"Fosnavag","code":"NOFOS","country":"Norway","country_code":"NOR","port_type":"Sea"},"geometry":{"type":"Point","coordinates":[5.63346,62.34258]}},{"type":"Feature","id":2294,"properties":{"name":"Munksund","code":"SEMUN","country":"Sweden","country_code":"SWE","port_type":"Sea"},"geometry":{"type":"Point","coordinates":[21.48836,65.28135]}},{"type":"Feature","id":2295,"properties":{"name":"Narvik","code":"NONVK","country":"Norway","country_code":"NOR","port_type":"Sea"},"geometry":{"type":"Point","coordinates":[17.42036,68.43075]}},{"type":"Feature","id":2296,"properties":{"name":"Ravenna","code":"ITRAN","country":"Italy","country_code":"ITA","port_type":"Sea"},"geometry":{"type":"Point","coordinates":[12.28249,44.4862]}},{"type":"Feature","id":2297,"properties":{"name":"Bassens","code":"FRBAS","country":"France","country_code":"FRA","port_type":"Sea"},"geometry":{"type":"Point","coordinates":[-0.53829,44.9072]}},{"type":"Feature","id":2298,"properties":{"name":"Vannes","code":"FRVNE","country":"France","country_code":"FRA","port_type":"Sea"},"geometry":{"type":"Point","coordinates":[-2.76221,47.63786]}},{"type":"Feature","id":2299,"properties":{"name":"Southampton","code":"GBSOU","country":"U.K. of Great Britain and Northern Ireland","country_code":"GBR","port_type":"Sea"},"geometry":{"type":"Point","coordinates":[-1.45426,50.90834]}},{"type":"Feature","id":2300,"properties":{"name":"Bideford","code":"GBBID","country":"U.K. of Great Britain and Northern Ireland","country_code":"GBR","port_type":"Sea"},"geometry":{"type":"Point","coordinates":[-4.204,51.01939]}},{"type":"Feature","id":2301,"properties":{"name":"North Woolwich","code":"GBWOL","country":"U.K. of Great Britain and Northern Ireland","country_code":"GBR","port_type":"Sea"},"geometry":{"type":"Point","coordinates":[0.05981,51.49851]}},{"type":"Feature","id":2302,"properties":{"name":"Moerdijk","code":"NLMOE","country":"Netherlands","country_code":"NLD","port_type":"Sea"},"geometry":{"type":"Point","coordinates":[4.5987,51.6902]}},{"type":"Feature","id":2303,"properties":{"name":"Colchester","code":"GBCOL","country":"U.K. of Great Britain and Northern Ireland","country_code":"GBR","port_type":"Sea"},"geometry":{"type":"Point","coordinates":[0.92701,51.88354]}},{"type":"Feature","id":2304,"properties":{"name":"Vlaardingen","code":"NLVLA","country":"Netherlands","country_code":"NLD","port_type":"Sea"},"geometry":{"type":"Point","coordinates":[4.3243,51.89793]}},{"type":"Feature","id":2305,"properties":{"name":"Rotterdam","code":"NLRTM","country":"Netherlands","country_code":"NLD","port_type":"Sea"},"geometry":{"type":"Point","coordinates":[4.45693,51.88811]}},{"type":"Feature","id":2306,"properties":{"name":"Zaandam","code":"NLZAA","country":"Netherlands","country_code":"NLD","port_type":"Sea"},"geometry":{"type":"Point","coordinates":[4.81971,52.43067]}},{"type":"Feature","id":2307,"properties":{"name":"Wisbech","code":"GBWIS","country":"U.K. of Great Britain and Northern Ireland","country_code":"GBR","port_type":"Sea"},"geometry":{"type":"Point","coordinates":[0.15407,52.67812]}},{"type":"Feature","id":2308,"properties":{"name":"Den Helder","code":"NLDHR","country":"Netherlands","country_code":"NLD","port_type":"Sea"},"geometry":{"type":"Point","coordinates":[4.77793,52.96166]}},{"type":"Feature","id":2309,"properties":{"name":"Mega","code":"JPHIM","country":"Japan","country_code":"JPN","port_type":"Sea"},"geometry":{"type":"Point","coordinates":[134.69146,34.77547]}},{"type":"Feature","id":2310,"properties":{"name":"Dublin","code":"IEDUB","country":"Ireland","country_code":"IRL","port_type":"Sea"},"geometry":{"type":"Point","coordinates":[-6.20865,53.35255]}},{"type":"Feature","id":2311,"properties":{"name":"Agadir","code":"MAAGA","country":"Morocco","country_code":"MAR","port_type":"Sea"},"geometry":{"type":"Point","coordinates":[-9.64076,30.42864]}},{"type":"Feature","id":2312,"properties":{"name":"Niihama","code":"JPIHA","country":"Japan","country_code":"JPN","port_type":"Sea"},"geometry":{"type":"Point","coordinates":[133.28172,33.97408]}},{"type":"Feature","id":2313,"properties":{"name":"Shimotsu","code":"JPSMT","country":"Japan","country_code":"JPN","port_type":"Sea"},"geometry":{"type":"Point","coordinates":[135.14398,34.1107]}},{"type":"Feature","id":2314,"properties":{"name":"Nasugbu","code":"PHNUG","country":"Philippines","country_code":"PHL","port_type":"Sea"},"geometry":{"type":"Point","coordinates":[120.62445,14.07678]}},{"type":"Feature","id":2315,"properties":{"name":"Mohammedia","code":"MAMOH","country":"Morocco","country_code":"MAR","port_type":"Sea"},"geometry":{"type":"Point","coordinates":[-7.39929,33.71771]}},{"type":"Feature","id":2316,"properties":{"name":"Kanokawa","code":"JPKKW","country":"Japan","country_code":"JPN","port_type":"Sea"},"geometry":{"type":"Point","coordinates":[132.44311,34.19181]}},{"type":"Feature","id":2317,"properties":{"name":"Larache","code":"MALAR","country":"Morocco","country_code":"MAR","port_type":"Sea"},"geometry":{"type":"Point","coordinates":[-6.15155,35.19983]}},{"type":"Feature","id":2318,"properties":{"name":"Abau","code":"PGABW","country":"Papua New Guinea","country_code":"PNG","port_type":"Unknown"},"geometry":{"type":"Point","coordinates":[148.56418,-10.16992]}},{"type":"Feature","id":2319,"properties":{"name":"Greymouth","code":"NZGMN","country":"New Zealand","country_code":"NZL","port_type":"Sea"},"geometry":{"type":"Point","coordinates":[171.20085,-42.44697]}},{"type":"Feature","id":2320,"properties":{"name":"Kaikoura","code":"NZKBZ","country":"","country_code":"NZL","port_type":"Sea"},"geometry":{"type":"Point","coordinates":[173.68255,-42.42527]}},{"type":"Feature","id":2321,"properties":{"name":"Devonport","code":"AUDPO","country":"Australia","country_code":"AUS","port_type":"Sea"},"geometry":{"type":"Point","coordinates":[146.36306,-41.18178]}},{"type":"Feature","id":2322,"properties":{"name":"Tutoia","code":"BRTUT","country":"Brazil","country_code":"BRA","port_type":"Sea"},"geometry":{"type":"Point","coordinates":[-42.27353,-2.76476]}},{"type":"Feature","id":2323,"properties":{"name":"Port Dickson","code":"MYPDI","country":"Malaysia","country_code":"MYS","port_type":"Sea"},"geometry":{"type":"Point","coordinates":[101.80015,2.52218]}},{"type":"Feature","id":2324,"properties":{"name":"Tawau","code":"MYTWU","country":"Malaysia","country_code":"MYS","port_type":"Sea"},"geometry":{"type":"Point","coordinates":[117.88075,4.24386]}},{"type":"Feature","id":2325,"properties":{"name":"Gingoog","code":"PHGIN","country":"","country_code":"PHL","port_type":"Sea"},"geometry":{"type":"Point","coordinates":[125.09984,8.82968]}},{"type":"Feature","id":2326,"properties":{"name":"Catia La Mar","code":"VECLM","country":"","country_code":"VEN","port_type":"Sea"},"geometry":{"type":"Point","coordinates":[-67.0303,10.61085]}},{"type":"Feature","id":2327,"properties":{"name":"Tellicherry","code":"INTEL","country":"India","country_code":"IND","port_type":"Sea"},"geometry":{"type":"Point","coordinates":[75.4894,11.74577]}},{"type":"Feature","id":2328,"properties":{"name":"Imari","code":"JPIMI","country":"Japan","country_code":"JPN","port_type":"Sea"},"geometry":{"type":"Point","coordinates":[129.81926,33.30278]}},{"type":"Feature","id":2329,"properties":{"name":"Kyrenia","code":"CYKYR","country":"","country_code":"CYP","port_type":"Sea"},"geometry":{"type":"Point","coordinates":[33.33104,35.34059]}},{"type":"Feature","id":2330,"properties":{"name":"Kholmsk","code":"RUKHO","country":"Russian Federation","country_code":"RUS","port_type":"Sea"},"geometry":{"type":"Point","coordinates":[142.04435,47.04691]}},{"type":"Feature","id":2331,"properties":{"name":"Tolkkinen","code":"FITOK","country":"Finland","country_code":"FIN","port_type":"Sea"},"geometry":{"type":"Point","coordinates":[25.58725,60.33694]}},{"type":"Feature","id":2332,"properties":{"name":"Kandalaksha","code":"RUKAN","country":"Russian Federation","country_code":"RUS","port_type":"Sea"},"geometry":{"type":"Point","coordinates":[32.40783,67.13692]}},{"type":"Feature","id":2333,"properties":{"name":"Wairoa","code":"NZWIR","country":"New Zealand","country_code":"NZL","port_type":"Sea"},"geometry":{"type":"Point","coordinates":[177.42912,-39.03181]}},{"type":"Feature","id":2334,"properties":{"name":"Geelong","code":"AUGEX","country":"Australia","country_code":"AUS","port_type":"Sea"},"geometry":{"type":"Point","coordinates":[144.35681,-38.14365]}},{"type":"Feature","id":2335,"properties":{"name":"Opua","code":"NZOPX","country":"","country_code":"NZL","port_type":"Sea"},"geometry":{"type":"Point","coordinates":[174.1202,-35.31457]}},{"type":"Feature","id":2336,"properties":{"name":"Kouaoua","code":"NCKOU","country":"","country_code":"NCL","port_type":"Sea"},"geometry":{"type":"Point","coordinates":[165.83229,-21.39861]}},{"type":"Feature","id":2337,"properties":{"name":"Dampier","code":"AUDAM","country":"Australia","country_code":"AUS","port_type":"Sea"},"geometry":{"type":"Point","coordinates":[116.70487,-20.66442]}},{"type":"Feature","id":2338,"properties":{"name":"Moengo","code":"SRMOJ","country":"Suriname","country_code":"SUR","port_type":"Sea"},"geometry":{"type":"Point","coordinates":[-54.40773,5.62677]}},{"type":"Feature","id":2339,"properties":{"name":"Saganoseki","code":"JPSAG","country":"Japan","country_code":"JPN","port_type":"Sea"},"geometry":{"type":"Point","coordinates":[131.86492,33.24975]}},{"type":"Feature","id":2340,"properties":{"name":"Onomichi","code":"JPONO","country":"Japan","country_code":"JPN","port_type":"Sea"},"geometry":{"type":"Point","coordinates":[133.20448,34.4088]}},{"type":"Feature","id":2341,"properties":{"name":"Gamagori","code":"JPGAM","country":"Japan","country_code":"JPN","port_type":"Sea"},"geometry":{"type":"Point","coordinates":[137.21963,34.81871]}},{"type":"Feature","id":2342,"properties":{"name":"Slavyanka","code":"RUSKA","country":"Russian Federation","country_code":"RUS","port_type":"Sea"},"geometry":{"type":"Point","coordinates":[131.3913,42.86488]}},{"type":"Feature","id":2343,"properties":{"name":"Cooktown","code":"AUCTN","country":"Australia","country_code":"AUS","port_type":"Sea"},"geometry":{"type":"Point","coordinates":[145.25179,-15.458]}},{"type":"Feature","id":2344,"properties":{"name":"Areia Branca","code":"BRARE","country":"Brazil","country_code":"BRA","port_type":"Sea"},"geometry":{"type":"Point","coordinates":[-37.13606,-4.94875]}},{"type":"Feature","id":2345,"properties":{"name":"Lumut","code":"MYLUM","country":"Malaysia","country_code":"MYS","port_type":"Sea"},"geometry":{"type":"Point","coordinates":[100.60863,4.23552]}},{"type":"Feature","id":2346,"properties":{"name":"Dungun","code":"MYDGN","country":"Malaysia","country_code":"MYS","port_type":"Sea"},"geometry":{"type":"Point","coordinates":[103.42488,4.77737]}},{"type":"Feature","id":2347,"properties":{"name":"Weston","code":"MYWES","country":"Malaysia","country_code":"MYS","port_type":"Sea"},"geometry":{"type":"Point","coordinates":[115.60037,5.21733]}},{"type":"Feature","id":2348,"properties":{"name":"Turiamo","code":"VETUR","country":"","country_code":"VEN","port_type":"Sea"},"geometry":{"type":"Point","coordinates":[-67.84498,10.44329]}},{"type":"Feature","id":2349,"properties":{"name":"Shingu","code":"JPSHN","country":"Japan","country_code":"JPN","port_type":"Sea"},"geometry":{"type":"Point","coordinates":[136.00359,33.7262]}},{"type":"Feature","id":2350,"properties":{"name":"Owase","code":"JPOWA","country":"Japan","country_code":"JPN","port_type":"Sea"},"geometry":{"type":"Point","coordinates":[136.20423,34.06987]}},{"type":"Feature","id":2351,"properties":{"name":"Izuhara","code":"JPIZH","country":"Japan","country_code":"JPN","port_type":"Sea"},"geometry":{"type":"Point","coordinates":[129.29032,34.19018]}},{"type":"Feature","id":2352,"properties":{"name":"Hagi","code":"JPHAG","country":"Japan","country_code":"JPN","port_type":"Sea"},"geometry":{"type":"Point","coordinates":[131.40322,34.42028]}},{"type":"Feature","id":2353,"properties":{"name":"Changhang","code":"KRCHG","country":"","country_code":"KOR","port_type":"Sea"},"geometry":{"type":"Point","coordinates":[126.63018,35.97559]}},{"type":"Feature","id":2354,"properties":{"name":"Shakhtersk","code":"RUSHA","country":"Russian Federation","country_code":"RUS","port_type":"Sea"},"geometry":{"type":"Point","coordinates":[142.05652,49.16146]}},{"type":"Feature","id":2355,"properties":{"name":"De-Kastri","code":"RUDKA","country":"Russian Federation","country_code":"RUS","port_type":"Sea"},"geometry":{"type":"Point","coordinates":[140.77962,51.47001]}},{"type":"Feature","id":2356,"properties":{"name":"Murmansk","code":"RUMMK","country":"Russian Federation","country_code":"RUS","port_type":"Sea"},"geometry":{"type":"Point","coordinates":[33.0563,68.97813]}},{"type":"Feature","id":2357,"properties":{"name":"Ciudad Guayana","code":"VECGU","country":"Venezuela","country_code":"VEN","port_type":"River"},"geometry":{"type":"Point","coordinates":[-62.65897,8.37685]}},{"type":"Feature","id":2358,"properties":{"name":"Huangshi","code":"CNHSI","country":"China","country_code":"CHN","port_type":"River"},"geometry":{"type":"Point","coordinates":[115.07957,30.22647]}},{"type":"Feature","id":2359,"properties":{"name":"Tianjin","code":"CNTSN","country":"China","country_code":"CHN","port_type":"River"},"geometry":{"type":"Point","coordinates":[117.18866,39.13367]}},{"type":"Feature","id":2360,"properties":{"name":"Salvador","code":"BRSSA","country":"","country_code":"BRA","port_type":"Sea"},"geometry":{"type":"Point","coordinates":[-38.50656,-12.95829]}},{"type":"Feature","id":2361,"properties":{"name":"San Juan","code":"PRSJU","country":"Puerto Rico","country_code":"PRI","port_type":"Sea"},"geometry":{"type":"Point","coordinates":[-66.09609,18.43248]}},{"type":"Feature","id":2362,"properties":{"name":"Montevideo","code":"UYMVD","country":"Uruguay","country_code":"URY","port_type":"Sea"},"geometry":{"type":"Point","coordinates":[-56.1958,-34.89977]}},{"type":"Feature","id":2363,"properties":{"name":"Recife","code":"BRREC","country":"Brazil","country_code":"BRA","port_type":"Sea"},"geometry":{"type":"Point","coordinates":[-34.87441,-8.04912]}},{"type":"Feature","id":2364,"properties":{"name":"Georgetown","code":"GYGEO","country":"Guyana","country_code":"GUY","port_type":"Sea"},"geometry":{"type":"Point","coordinates":[-58.16898,6.80793]}},{"type":"Feature","id":2365,"properties":{"name":"Corumba","code":"BRCMG","country":"Brazil","country_code":"BRA","port_type":"Lake"},"geometry":{"type":"Point","coordinates":[-57.65635,-18.99644]}},{"type":"Feature","id":2366,"properties":{"name":"Charlestown","code":"KNNEV","country":"Saint Kitts and Nevis","country_code":"KNA","port_type":"Sea"},"geometry":{"type":"Point","coordinates":[-62.62997,17.1389]}},{"type":"Feature","id":2367,"properties":{"name":"Fray Bentos","code":"UYFZB","country":"Uruguay","country_code":"URY","port_type":"Sea"},"geometry":{"type":"Point","coordinates":[-58.31026,-33.11248]}},{"type":"Feature","id":2368,"properties":{"name":"Chanaral","code":"CLCNR","country":"Chile","country_code":"CHL","port_type":"Sea"},"geometry":{"type":"Point","coordinates":[-70.6368,-26.35234]}},{"type":"Feature","id":2369,"properties":{"name":"Point Fortin","code":"TTPTF","country":"Trinidad and Tobago","country_code":"TTO","port_type":"Sea"},"geometry":{"type":"Point","coordinates":[-61.6833,10.17543]}},{"type":"Feature","id":2370,"properties":{"name":"Sorong","code":"IDSOQ","country":"Indonesia","country_code":"IDN","port_type":"Sea"},"geometry":{"type":"Point","coordinates":[131.24612,-0.87802]}},{"type":"Feature","id":2371,"properties":{"name":"Labuha","code":"IDLAH","country":"Indonesia","country_code":"IDN","port_type":"Sea"},"geometry":{"type":"Point","coordinates":[127.47934,-0.62884]}},{"type":"Feature","id":2372,"properties":{"name":"Caibarien","code":"CUCAI","country":"Cuba","country_code":"CUB","port_type":"Sea"},"geometry":{"type":"Point","coordinates":[-79.46927,22.52696]}},{"type":"Feature","id":2373,"properties":{"name":"San Nicolas","code":"PESNX","country":"","country_code":"PER","port_type":"Sea"},"geometry":{"type":"Point","coordinates":[-75.24226,-15.25787]}},{"type":"Feature","id":2374,"properties":{"name":"Puerto La Cruz","code":"VEPCZ","country":"","country_code":"VEN","port_type":"Sea"},"geometry":{"type":"Point","coordinates":[-64.64737,10.21357]}},{"type":"Feature","id":2375,"properties":{"name":"Rabigh","code":"SARAB","country":"Saudi Arabia","country_code":"SAU","port_type":"Sea"},"geometry":{"type":"Point","coordinates":[39.01778,22.73618]}},{"type":"Feature","id":2376,"properties":{"name":"Puerto Williams","code":"CLWPU","country":"Chile","country_code":"CHL","port_type":"Sea"},"geometry":{"type":"Point","coordinates":[-67.60803,-54.93333]}},{"type":"Feature","id":2377,"properties":{"name":"Dikili","code":"TRDIK","country":"Turkey","country_code":"TUR","port_type":"Sea"},"geometry":{"type":"Point","coordinates":[26.88805,39.07053]}},{"type":"Feature","id":2378,"properties":{"name":"Trincomalee","code":"LKTRR","country":"Sri Lanka","country_code":"LKA","port_type":"Sea"},"geometry":{"type":"Point","coordinates":[81.1962,8.56691]}},{"type":"Feature","id":2379,"properties":{"name":"San Julian","code":"ARULA","country":"Argentina","country_code":"ARG","port_type":"Sea"},"geometry":{"type":"Point","coordinates":[-67.72109,-49.30068]}},{"type":"Feature","id":2380,"properties":{"name":"Morombe","code":"MGMXM","country":"","country_code":"MDG","port_type":"Sea"},"geometry":{"type":"Point","coordinates":[43.35861,-21.74235]}},{"type":"Feature","id":2381,"properties":{"name":"Guanaja","code":"HNGJA","country":"","country_code":"HND","port_type":"Sea"},"geometry":{"type":"Point","coordinates":[-85.87695,16.45589]}},{"type":"Feature","id":2382,"properties":{"name":"San Sebastian","code":"ARSSN","country":"Argentina","country_code":"ARG","port_type":"Sea"},"geometry":{"type":"Point","coordinates":[-68.45085,-53.29959]}},{"type":"Feature","id":2383,"properties":{"name":"Mejillones","code":"CLMJS","country":"Chile","country_code":"CHL","port_type":"Sea"},"geometry":{"type":"Point","coordinates":[-70.41571,-23.08887]}},{"type":"Feature","id":2384,"properties":{"name":"Puerto Armuelles","code":"PAAML","country":"","country_code":"PAN","port_type":"Sea"},"geometry":{"type":"Point","coordinates":[-82.85914,8.27093]}},{"type":"Feature","id":2385,"properties":{"name":"Abadan","code":"IRABD","country":"Iran  (Islamic Republic of)","country_code":"IRN","port_type":"River"},"geometry":{"type":"Point","coordinates":[48.2824,30.33011]}},{"type":"Feature","id":2386,"properties":{"name":"Pangai","code":"TOPAN","country":"Tonga","country_code":"TON","port_type":"Sea"},"geometry":{"type":"Point","coordinates":[-174.35141,-19.80312]}},{"type":"Feature","id":2387,"properties":{"name":"Bolama","code":"GWBOL","country":"","country_code":"GNB","port_type":"Sea"},"geometry":{"type":"Point","coordinates":[-15.47242,11.57904]}},{"type":"Feature","id":2388,"properties":{"name":"Preston","code":"GBPRE","country":"U.K. of Great Britain and Northern Ireland","country_code":"GBR","port_type":"Sea"},"geometry":{"type":"Point","coordinates":[-2.72882,53.75994]}},{"type":"Feature","id":2389,"properties":{"name":"Rendsburg","code":"DEREN","country":"Germany","country_code":"DEU","port_type":"Sea"},"geometry":{"type":"Point","coordinates":[9.69686,54.31081]}},{"type":"Feature","id":2390,"properties":{"name":"Gdynia","code":"PLGDY","country":"Poland","country_code":"POL","port_type":"Sea"},"geometry":{"type":"Point","coordinates":[18.54462,54.52946]}},{"type":"Feature","id":2391,"properties":{"name":"Gateshead","code":"GBGAT","country":"U.K. of Great Britain and Northern Ireland","country_code":"GBR","port_type":"Sea"},"geometry":{"type":"Point","coordinates":[-1.56813,54.96347]}},{"type":"Feature","id":2392,"properties":{"name":"Dumfries","code":"GBDUM","country":"U.K. of Great Britain and Northern Ireland","country_code":"GBR","port_type":"Sea"},"geometry":{"type":"Point","coordinates":[-3.60899,55.06352]}},{"type":"Feature","id":2393,"properties":{"name":"Rosyth","code":"GBROY","country":"U.K. of Great Britain and Northern Ireland","country_code":"GBR","port_type":"Sea"},"geometry":{"type":"Point","coordinates":[-3.43977,56.02521]}},{"type":"Feature","id":2394,"properties":{"name":"Inverkeithing","code":"GBINK","country":"U.K. of Great Britain and Northern Ireland","country_code":"GBR","port_type":"Sea"},"geometry":{"type":"Point","coordinates":[-3.39665,56.02343]}},{"type":"Feature","id":2395,"properties":{"name":"Kirkcaldy","code":"GBKKD","country":"U.K. of Great Britain and Northern Ireland","country_code":"GBR","port_type":"Sea"},"geometry":{"type":"Point","coordinates":[-3.1511,56.11903]}},{"type":"Feature","id":2396,"properties":{"name":"Degerhamn","code":"SEDEG","country":"Sweden","country_code":"SWE","port_type":"Sea"},"geometry":{"type":"Point","coordinates":[16.41686,56.35335]}},{"type":"Feature","id":2397,"properties":{"name":"Halmstad","code":"SEHAD","country":"Sweden","country_code":"SWE","port_type":"Sea"},"geometry":{"type":"Point","coordinates":[12.8561,56.66072]}},{"type":"Feature","id":2398,"properties":{"name":"Tvedestrand","code":"NOTVE","country":"Norway","country_code":"NOR","port_type":"Sea"},"geometry":{"type":"Point","coordinates":[8.93226,58.62104]}},{"type":"Feature","id":2399,"properties":{"name":"Skien","code":"NOSKE","country":"Norway","country_code":"NOR","port_type":"Sea"},"geometry":{"type":"Point","coordinates":[9.61513,59.20246]}},{"type":"Feature","id":2400,"properties":{"name":"Molde","code":"NOMOL","country":"Norway","country_code":"NOR","port_type":"Sea"},"geometry":{"type":"Point","coordinates":[7.15724,62.73507]}},{"type":"Feature","id":2401,"properties":{"name":"Kramfors","code":"SEKRF","country":"Sweden","country_code":"SWE","port_type":"Sea"},"geometry":{"type":"Point","coordinates":[17.7835,62.93806]}},{"type":"Feature","id":2402,"properties":{"name":"Colon","code":"PAONX","country":"Panama","country_code":"PAN","port_type":"Sea"},"geometry":{"type":"Point","coordinates":[-79.906,9.35323]}},{"type":"Feature","id":2403,"properties":{"name":"Sandusky","code":"USSDY","country":"","country_code":"USA","port_type":"Lake"},"geometry":{"type":"Point","coordinates":[-82.71517,41.45712]}},{"type":"Feature","id":2404,"properties":{"name":"Tolu","code":"COTLU","country":"","country_code":"COL","port_type":"Sea"},"geometry":{"type":"Point","coordinates":[-75.58649,9.52177]}},{"type":"Feature","id":2405,"properties":{"name":"Surabaya","code":"IDSUB","country":"","country_code":"IDN","port_type":"Sea"},"geometry":{"type":"Point","coordinates":[112.73319,-7.20203]}},{"type":"Feature","id":2406,"properties":{"name":"Gresik","code":"IDGRE","country":"","country_code":"IDN","port_type":"Sea"},"geometry":{"type":"Point","coordinates":[112.65108,-7.14449]}},{"type":"Feature","id":2407,"properties":{"name":"Maumere","code":"IDMOF","country":"","country_code":"IDN","port_type":"Sea"},"geometry":{"type":"Point","coordinates":[122.2189,-8.61517]}},{"type":"Feature","id":2408,"properties":{"name":"Manokwari","code":"IDMKW","country":"","country_code":"IDN","port_type":"Sea"},"geometry":{"type":"Point","coordinates":[134.07484,-0.86727]}},{"type":"Feature","id":2409,"properties":{"name":"Tarakan","code":"IDTRK","country":"Indonesia","country_code":"IDN","port_type":"Sea"},"geometry":{"type":"Point","coordinates":[117.59558,3.28409]}},{"type":"Feature","id":2410,"properties":{"name":"Pontianak","code":"IDPNK","country":"Indonesia","country_code":"IDN","port_type":"Sea"},"geometry":{"type":"Point","coordinates":[109.33552,-0.01847]}},{"type":"Feature","id":2411,"properties":{"name":"Manta","code":"ECMEC","country":"Ecuador","country_code":"ECU","port_type":"Sea"},"geometry":{"type":"Point","coordinates":[-80.72627,-0.9388]}},{"type":"Feature","id":2412,"properties":{"name":"Sanchez","code":"DOSNZ","country":"Dominican Republic","country_code":"DOM","port_type":"Sea"},"geometry":{"type":"Point","coordinates":[-69.61544,19.22557]}},{"type":"Feature","id":2413,"properties":{"name":"Chancay","code":"PECHY","country":"Peru","country_code":"PER","port_type":"Sea"},"geometry":{"type":"Point","coordinates":[-77.27095,-11.58362]}},{"type":"Feature","id":2414,"properties":{"name":"Pimentel","code":"PEPMT","country":"","country_code":"PER","port_type":"Sea"},"geometry":{"type":"Point","coordinates":[-79.93761,-6.83645]}},{"type":"Feature","id":2415,"properties":{"name":"Cape Vincent","code":"USCVI","country":"United States of America","country_code":"USA","port_type":"Lake"},"geometry":{"type":"Point","coordinates":[-76.33527,44.12997]}},{"type":"Feature","id":2416,"properties":{"name":"Basco","code":"","country":"","country_code":"PHL","port_type":"Sea"},"geometry":{"type":"Point","coordinates":[121.96719,20.44783]}},{"type":"Feature","id":2417,"properties":{"name":"Key West","code":"USEYW","country":"United States of America","country_code":"USA","port_type":"Sea"},"geometry":{"type":"Point","coordinates":[-81.80799,24.55037]}},{"type":"Feature","id":2418,"properties":{"name":"South Haven","code":"USSOH","country":"","country_code":"USA","port_type":"Lake"},"geometry":{"type":"Point","coordinates":[-86.27335,42.40641]}},{"type":"Feature","id":2419,"properties":{"name":"Jagna","code":"","country":"Philippines","country_code":"PHL","port_type":"Sea"},"geometry":{"type":"Point","coordinates":[124.36651,9.64944]}},{"type":"Feature","id":2420,"properties":{"name":"Mbandaka","code":"","country":"Democratic Republic of the Congo","country_code":"COD","port_type":"River"},"geometry":{"type":"Point","coordinates":[18.26033,0.06343]}},{"type":"Feature","id":2421,"properties":{"name":"Ubundu","code":"","country":"Democratic Republic of the Congo","country_code":"COD","port_type":"River"},"geometry":{"type":"Point","coordinates":[25.4334,-0.36945]}},{"type":"Feature","id":2422,"properties":{"name":"Bumba","code":"","country":"Democratic Republic of the Congo","country_code":"COD","port_type":"River"},"geometry":{"type":"Point","coordinates":[22.45899,2.17733]}},{"type":"Feature","id":2423,"properties":{"name":"Lomela","code":"","country":"Democratic Republic of the Congo","country_code":"COD","port_type":"River"},"geometry":{"type":"Point","coordinates":[23.36511,-2.31251]}},{"type":"Feature","id":2424,"properties":{"name":"Bekungu","code":"","country":"Democratic Republic of the Congo","country_code":"COD","port_type":"River"},"geometry":{"type":"Point","coordinates":[19.27594,-2.24795]}},{"type":"Feature","id":2425,"properties":{"name":"Myrtle Grove","code":"USMYG","country":"United States of America","country_code":"USA","port_type":"Sea"},"geometry":{"type":"Point","coordinates":[-89.95171,29.63222]}},{"type":"Feature","id":2426,"properties":{"name":"Neah Bay","code":"USNEB","country":"United States of America","country_code":"USA","port_type":"Sea"},"geometry":{"type":"Point","coordinates":[-124.61086,48.36624]}},{"type":"Feature","id":2427,"properties":{"name":"Port San Luis","code":"USPSL","country":"","country_code":"USA","port_type":"Sea"},"geometry":{"type":"Point","coordinates":[-120.75622,35.17231]}},{"type":"Feature","id":2428,"properties":{"name":"Rhyl","code":"GBRHY","country":"U.K. of Great Britain and Northern Ireland","country_code":"GBR","port_type":"Sea"},"geometry":{"type":"Point","coordinates":[-3.49119,53.32383]}},{"type":"Feature","id":2429,"properties":{"name":"Peterhead","code":"GBPHD","country":"U.K. of Great Britain and Northern Ireland","country_code":"GBR","port_type":"Sea"},"geometry":{"type":"Point","coordinates":[-1.78916,57.49191]}},{"type":"Feature","id":2430,"properties":{"name":"Amalfi","code":"ITAMA","country":"","country_code":"ITA","port_type":"Sea"},"geometry":{"type":"Point","coordinates":[14.60151,40.63311]}},{"type":"Feature","id":2431,"properties":{"name":"Golfo Aranci","code":"ITGAI","country":"","country_code":"ITA","port_type":"Sea"},"geometry":{"type":"Point","coordinates":[9.62456,40.99564]}},{"type":"Feature","id":2432,"properties":{"name":"Wolgast","code":"DEWOL","country":"Germany","country_code":"DEU","port_type":"Sea"},"geometry":{"type":"Point","coordinates":[13.78264,54.05005]}},{"type":"Feature","id":2433,"properties":{"name":"Oregrund","code":"SEOGR","country":"Sweden","country_code":"SWE","port_type":"Sea"},"geometry":{"type":"Point","coordinates":[18.4418,60.34042]}},{"type":"Feature","id":2434,"properties":{"name":"Calbayog","code":"","country":"Philippines","country_code":"PHL","port_type":"Sea"},"geometry":{"type":"Point","coordinates":[124.5922,12.066]}},{"type":"Feature","id":2435,"properties":{"name":"Malembe","code":"","country":"Democratic Republic of the Congo","country_code":"COD","port_type":"River"},"geometry":{"type":"Point","coordinates":[20.57477,-4.3586]}},{"type":"Feature","id":2436,"properties":{"name":"Bongandanga","code":"","country":"Democratic Republic of the Congo","country_code":"COD","port_type":"River"},"geometry":{"type":"Point","coordinates":[21.06755,1.52196]}},{"type":"Feature","id":2437,"properties":{"name":"Chupanga","code":"","country":"Mozambique","country_code":"MOZ","port_type":"Unknown"},"geometry":{"type":"Point","coordinates":[35.60889,-18.02692]}},{"type":"Feature","id":2438,"properties":{"name":"Cascais","code":"PTCAS","country":"Portugal","country_code":"PRT","port_type":"Sea"},"geometry":{"type":"Point","coordinates":[-9.4194,38.69237]}},{"type":"Feature","id":2439,"properties":{"name":"Bagata","code":"","country":"Democratic Republic of the Congo","country_code":"COD","port_type":"River"},"geometry":{"type":"Point","coordinates":[17.95229,-3.7336]}},{"type":"Feature","id":2440,"properties":{"name":"Bastad","code":"SEBAS","country":"Sweden","country_code":"SWE","port_type":"Sea"},"geometry":{"type":"Point","coordinates":[12.84202,56.43143]}},{"type":"Feature","id":2441,"properties":{"name":"Arboga","code":"SEARA","country":"Sweden","country_code":"SWE","port_type":"Sea"},"geometry":{"type":"Point","coordinates":[15.8476,59.39356]}},{"type":"Feature","id":2442,"properties":{"name":"Otsuchi","code":"","country":"Japan","country_code":"JPN","port_type":"Sea"},"geometry":{"type":"Point","coordinates":[141.91332,39.35513]}},{"type":"Feature","id":2443,"properties":{"name":"Skelleftea","code":"SESFT","country":"Sweden","country_code":"SWE","port_type":"Sea"},"geometry":{"type":"Point","coordinates":[20.95371,64.74832]}},{"type":"Feature","id":2444,"properties":{"name":"Finnsnes","code":"NOFNE","country":"Norway","country_code":"NOR","port_type":"Sea"},"geometry":{"type":"Point","coordinates":[17.9768,69.23029]}},{"type":"Feature","id":2445,"properties":{"name":"Charre","code":"","country":"Mozambique","country_code":"MOZ","port_type":"Unknown"},"geometry":{"type":"Point","coordinates":[35.15506,-17.3296]}},{"type":"Feature","id":2446,"properties":{"name":"Bolondo","code":"","country":"Democratic Republic of the Congo","country_code":"COD","port_type":"River"},"geometry":{"type":"Point","coordinates":[21.35305,-0.30739]}},{"type":"Feature","id":2447,"properties":{"name":"Markala","code":"","country":"Mali","country_code":"MLI","port_type":"River"},"geometry":{"type":"Point","coordinates":[-6.07848,13.67612]}},{"type":"Feature","id":2448,"properties":{"name":"Mananjary","code":"MGMNJ","country":"Madagascar","country_code":"MDG","port_type":"Sea"},"geometry":{"type":"Point","coordinates":[48.34597,-21.24205]}},{"type":"Feature","id":2449,"properties":{"name":"Cam Pha","code":"VNCPH","country":"Viet Nam","country_code":"VNM","port_type":"Sea"},"geometry":{"type":"Point","coordinates":[107.3483,21.00587]}},{"type":"Feature","id":2450,"properties":{"name":"Anakitaina","code":"","country":"Madagascar","country_code":"MDG","port_type":"River"},"geometry":{"type":"Point","coordinates":[48.26375,-21.51734]}},{"type":"Feature","id":2451,"properties":{"name":"Aketi","code":"","country":"Democratic Republic of the Congo","country_code":"COD","port_type":"River"},"geometry":{"type":"Point","coordinates":[23.78501,2.72958]}},{"type":"Feature","id":2452,"properties":{"name":"Moliro","code":"","country":"Democratic Republic of the Congo","country_code":"COD","port_type":"Lake"},"geometry":{"type":"Point","coordinates":[30.57615,-8.2333]}},{"type":"Feature","id":2453,"properties":{"name":"Namorona","code":"","country":"Madagascar","country_code":"MDG","port_type":"River"},"geometry":{"type":"Point","coordinates":[48.18456,-21.63823]}},{"type":"Feature","id":2454,"properties":{"name":"Berevo","code":"","country":"Madagascar","country_code":"MDG","port_type":"River"},"geometry":{"type":"Point","coordinates":[44.96109,-19.72579]}},{"type":"Feature","id":2455,"properties":{"name":"Skadovsk","code":"UASKD","country":"","country_code":"UKR","port_type":"Sea"},"geometry":{"type":"Point","coordinates":[32.90973,46.10741]}},{"type":"Feature","id":2456,"properties":{"name":"Sorsogon","code":"","country":"","country_code":"PHL","port_type":"Sea"},"geometry":{"type":"Point","coordinates":[124.00406,12.96664]}},{"type":"Feature","id":2457,"properties":{"name":"Honiara","code":"SBHIR","country":"Solomon islands","country_code":"SLB","port_type":"Sea"},"geometry":{"type":"Point","coordinates":[159.95921,-9.42726]}},{"type":"Feature","id":2458,"properties":{"name":"Gaza","code":"","country":"Gaza Strip","country_code":"PSE","port_type":"Sea"},"geometry":{"type":"Point","coordinates":[34.43192,31.52247]}},{"type":"Feature","id":2459,"properties":{"name":"Port Stanley","code":"FKPSY","country":"Falkland Islands (Malvinas)","country_code":"FLK","port_type":"Sea"},"geometry":{"type":"Point","coordinates":[-57.82583,-51.69963]}},{"type":"Feature","id":2460,"properties":{"name":"Bata","code":"GQBSG","country":"Equatorial Guinea","country_code":"GNQ","port_type":"Sea"},"geometry":{"type":"Point","coordinates":[9.74353,1.82693]}},{"type":"Feature","id":2461,"properties":{"name":"Borj Islam","code":"","country":"Syrian Arab Republic","country_code":"SYR","port_type":"Sea"},"geometry":{"type":"Point","coordinates":[35.79058,35.68174]}},{"type":"Feature","id":2462,"properties":{"name":"Tanjong Penjuru","code":"SGTPN","country":"Singapore","country_code":"SGP","port_type":"Sea"},"geometry":{"type":"Point","coordinates":[103.74224,1.30155]}},{"type":"Feature","id":2463,"properties":{"name":"Sovetskaya Gavan","code":"RUSOG","country":"Russian Federation","country_code":"RUS","port_type":"Sea"},"geometry":{"type":"Point","coordinates":[140.28577,48.97846]}},{"type":"Feature","id":2464,"properties":{"name":"Degrad Des Cannes","code":"GFDDC","country":"French Guiana","country_code":"GUF","port_type":"Sea"},"geometry":{"type":"Point","coordinates":[-52.27349,4.85372]}},{"type":"Feature","id":2465,"properties":{"name":"Guiria","code":"VEGUI","country":"Venezuela","country_code":"VEN","port_type":"Sea"},"geometry":{"type":"Point","coordinates":[-62.29635,10.56972]}},{"type":"Feature","id":2466,"properties":{"name":"San Marcos Island","code":"MXSMI","country":"","country_code":"MEX","port_type":"Sea"},"geometry":{"type":"Point","coordinates":[-112.08339,27.19138]}},{"type":"Feature","id":2467,"properties":{"name":"Tanjung Pandan","code":"IDTJQ","country":"Indonesia","country_code":"IDN","port_type":"Sea"},"geometry":{"type":"Point","coordinates":[107.63021,-2.74522]}},{"type":"Feature","id":2468,"properties":{"name":"Sodertalje","code":"SESOE","country":"Sweden","country_code":"SWE","port_type":"Sea"},"geometry":{"type":"Point","coordinates":[17.62425,59.20257]}},{"type":"Feature","id":2469,"properties":{"name":"Pine Island","code":"USPNI","country":"","country_code":"USA","port_type":"Sea"},"geometry":{"type":"Point","coordinates":[-82.08518,26.49165]}},{"type":"Feature","id":2470,"properties":{"name":"Masindi","code":"","country":"Uganda","country_code":"UGA","port_type":"Unknown"},"geometry":{"type":"Point","coordinates":[32.09256,1.69504]}},{"type":"Feature","id":2471,"properties":{"name":"Port St Joe","code":"USPSJ","country":"","country_code":"USA","port_type":"Sea"},"geometry":{"type":"Point","coordinates":[-85.30893,29.81494]}},{"type":"Feature","id":2472,"properties":{"name":"Tiko","code":"CMTKC","country":"Cameroon","country_code":"CMR","port_type":"Sea"},"geometry":{"type":"Point","coordinates":[9.39347,4.06584]}},{"type":"Feature","id":2473,"properties":{"name":"Garoua","code":"CMGOU","country":"Cameroon","country_code":"CMR","port_type":"River"},"geometry":{"type":"Point","coordinates":[13.40313,9.29344]}},{"type":"Feature","id":2474,"properties":{"name":"Gustavia","code":"GPGUS","country":"Guadeloupe","country_code":"GLP","port_type":"Sea"},"geometry":{"type":"Point","coordinates":[-62.85026,17.89928]}},{"type":"Feature","id":2475,"properties":{"name":"Mokha","code":"YEMOK","country":"","country_code":"YEM","port_type":"Sea"},"geometry":{"type":"Point","coordinates":[43.2367,13.31009]}},{"type":"Feature","id":2476,"properties":{"name":"Bataan","code":"PHBTN","country":"Philippines","country_code":"PHL","port_type":"Sea"},"geometry":{"type":"Point","coordinates":[120.50023,14.43703]}},{"type":"Feature","id":2477,"properties":{"name":"St Michiels Bay","code":"ANSMB","country":"Netherlands Antilles","country_code":"ANT","port_type":"Sea"},"geometry":{"type":"Point","coordinates":[-68.99892,12.1481]}},{"type":"Feature","id":2478,"properties":{"name":"Fangcheng","code":"CNFAN","country":"China","country_code":"CHN","port_type":"Sea"},"geometry":{"type":"Point","coordinates":[108.39265,21.59596]}},{"type":"Feature","id":2479,"properties":{"name":"Port Qaboos","code":"OMOPQ","country":"Oman","country_code":"OMN","port_type":"Sea"},"geometry":{"type":"Point","coordinates":[58.56664,23.62772]}},{"type":"Feature","id":2480,"properties":{"name":"Libreville","code":"GALBV","country":"Gabon","country_code":"GAB","port_type":"Sea"},"geometry":{"type":"Point","coordinates":[9.43755,0.40435]}},{"type":"Feature","id":2481,"properties":{"name":"Owendo","code":"GAOWE","country":"Gabon","country_code":"GAB","port_type":"Sea"},"geometry":{"type":"Point","coordinates":[9.50772,0.28722]}},{"type":"Feature","id":2482,"properties":{"name":"Ras Isa (Shore Tanks)","code":"YERAI","country":"Yemen","country_code":"YEM","port_type":"Sea"},"geometry":{"type":"Point","coordinates":[42.62883,15.18497]}},{"type":"Feature","id":2483,"properties":{"name":"Rosas","code":"ESROS","country":"Spain","country_code":"ESP","port_type":"Sea"},"geometry":{"type":"Point","coordinates":[3.18117,42.2571]}},{"type":"Feature","id":2484,"properties":{"name":"Mersa Matruh","code":"","country":"Egypt","country_code":"EGY","port_type":"Sea"},"geometry":{"type":"Point","coordinates":[27.2343,31.3566]}},{"type":"Feature","id":2485,"properties":{"name":"Malahayati","code":"","country":"Indonesia","country_code":"IDN","port_type":"Sea"},"geometry":{"type":"Point","coordinates":[95.52619,5.59625]}},{"type":"Feature","id":2486,"properties":{"name":"Lhokseumawe","code":"IDLSW","country":"Indonesia","country_code":"IDN","port_type":"Sea"},"geometry":{"type":"Point","coordinates":[97.14627,5.16986]}},{"type":"Feature","id":2487,"properties":{"name":"Gilimanuk","code":"IDGIL","country":"","country_code":"IDN","port_type":"Sea"},"geometry":{"type":"Point","coordinates":[114.43743,-8.16133]}},{"type":"Feature","id":2488,"properties":{"name":"Padangbai","code":"","country":"Indonesia","country_code":"IDN","port_type":"Sea"},"geometry":{"type":"Point","coordinates":[115.5086,-8.53394]}},{"type":"Feature","id":2489,"properties":{"name":"Ango-Ango","code":"CDANG","country":"Democratic Republic of the Congo","country_code":"COD","port_type":"Sea"},"geometry":{"type":"Point","coordinates":[13.43336,-5.84406]}},{"type":"Feature","id":2490,"properties":{"name":"Isabela De Sagua","code":"CUIDS","country":"","country_code":"CUB","port_type":"Sea"},"geometry":{"type":"Point","coordinates":[-80.00915,22.94454]}},{"type":"Feature","id":2491,"properties":{"name":"Tunas De Zaza","code":"CUTDZ","country":"Cuba","country_code":"CUB","port_type":"Sea"},"geometry":{"type":"Point","coordinates":[-79.55109,21.63341]}},{"type":"Feature","id":2492,"properties":{"name":"General San Martin","code":"PEGSM","country":"","country_code":"PER","port_type":"Sea"},"geometry":{"type":"Point","coordinates":[-76.29212,-13.80195]}},{"type":"Feature","id":2493,"properties":{"name":"Ambila Lemaitso","code":"","country":"Madagascar","country_code":"MDG","port_type":"River"},"geometry":{"type":"Point","coordinates":[49.15273,-18.84178]}},{"type":"Feature","id":2494,"properties":{"name":"Vohitramposina","code":"","country":"Madagascar","country_code":"MDG","port_type":"River"},"geometry":{"type":"Point","coordinates":[49.01666,-19.15497]}},{"type":"Feature","id":2495,"properties":{"name":"Port Bouet","code":"CIPBT","country":"Côte d'Ivoire","country_code":"CIV","port_type":"Sea"},"geometry":{"type":"Point","coordinates":[-3.99992,5.25416]}},{"type":"Feature","id":2496,"properties":{"name":"Naluuyan","code":"","country":"","country_code":"PHL","port_type":"Sea"},"geometry":{"type":"Point","coordinates":[122.70814,10.77581]}},{"type":"Feature","id":2497,"properties":{"name":"Ghent","code":"BEGNE","country":"Belgium","country_code":"BEL","port_type":"Sea"},"geometry":{"type":"Point","coordinates":[3.73429,51.08141]}},{"type":"Feature","id":2498,"properties":{"name":"Ikoko-Mutaka","code":"","country":"Democratic Republic of the Congo","country_code":"COD","port_type":"River"},"geometry":{"type":"Point","coordinates":[18.12962,-0.97304]}},{"type":"Feature","id":2499,"properties":{"name":"Imbanga","code":"","country":"Democratic Republic of the Congo","country_code":"COD","port_type":"River"},"geometry":{"type":"Point","coordinates":[19.78671,-0.81996]}},{"type":"Feature","id":2500,"properties":{"name":"St John","code":"CASJB","country":"Canada","country_code":"CAN","port_type":"Sea"},"geometry":{"type":"Point","coordinates":[-66.06647,45.2622]}},{"type":"Feature","id":2501,"properties":{"name":"Mont Louis","code":"CAMOL","country":"Canada","country_code":"CAN","port_type":"Sea"},"geometry":{"type":"Point","coordinates":[-65.7284,49.22577]}},{"type":"Feature","id":2502,"properties":{"name":"Mellville","code":"USMVI","country":"United States of America","country_code":"USA","port_type":"Sea"},"geometry":{"type":"Point","coordinates":[-71.28489,41.58749]}},{"type":"Feature","id":2503,"properties":{"name":"Doornzelle","code":"BEDOE","country":"Belgium","country_code":"BEL","port_type":"Sea"},"geometry":{"type":"Point","coordinates":[3.77779,51.15092]}},{"type":"Feature","id":2504,"properties":{"name":"Angra Dos Reis","code":"BRADR","country":"Brazil","country_code":"BRA","port_type":"Sea"},"geometry":{"type":"Point","coordinates":[-44.31715,-23.01014]}},{"type":"Feature","id":2505,"properties":{"name":"Imam Hasan","code":"IRIMH","country":"Iran  (Islamic Republic of)","country_code":"IRN","port_type":"Sea"},"geometry":{"type":"Point","coordinates":[50.25077,29.84135]}},{"type":"Feature","id":2506,"properties":{"name":"Fanara","code":"EGFAN","country":"Egypt","country_code":"EGY","port_type":"Sea"},"geometry":{"type":"Point","coordinates":[32.39074,30.27785]}},{"type":"Feature","id":2507,"properties":{"name":"Campo","code":"CMCMO","country":"Equatorial Guinea","country_code":"GNQ","port_type":"Sea"},"geometry":{"type":"Point","coordinates":[9.82514,2.33995]}},{"type":"Feature","id":2508,"properties":{"name":"Sika","code":"INSIK","country":"India","country_code":"IND","port_type":"Sea"},"geometry":{"type":"Point","coordinates":[69.82723,22.43122]}},{"type":"Feature","id":2509,"properties":{"name":"Matsue","code":"JPMTE","country":"Japan","country_code":"JPN","port_type":"Sea"},"geometry":{"type":"Point","coordinates":[133.06121,35.46685]}},{"type":"Feature","id":2510,"properties":{"name":"San Fernando De Apure","code":"VESFD","country":"Venezuela","country_code":"VEN","port_type":"River"},"geometry":{"type":"Point","coordinates":[-67.4357,7.88213]}},{"type":"Feature","id":2511,"properties":{"name":"Kalamansig","code":"","country":"Philippines","country_code":"PHL","port_type":"Sea"},"geometry":{"type":"Point","coordinates":[124.05041,6.55228]}},{"type":"Feature","id":2512,"properties":{"name":"Port Of Spain","code":"TTPOS","country":"Trinidad and Tobago","country_code":"TTO","port_type":"Sea"},"geometry":{"type":"Point","coordinates":[-61.52481,10.65627]}},{"type":"Feature","id":2513,"properties":{"name":"Basse Terre","code":"GPBBR","country":"Guadeloupe","country_code":"GLP","port_type":"Sea"},"geometry":{"type":"Point","coordinates":[-61.73232,15.9968]}},{"type":"Feature","id":2514,"properties":{"name":"Georgetown","code":"KYGEC","country":"Cayman Islands","country_code":"CYM","port_type":"Sea"},"geometry":{"type":"Point","coordinates":[-81.38371,19.29553]}},{"type":"Feature","id":2515,"properties":{"name":"Laem Chabang","code":"THLCH","country":"Thailand","country_code":"THA","port_type":"Sea"},"geometry":{"type":"Point","coordinates":[100.90117,13.06917]}},{"type":"Feature","id":2516,"properties":{"name":"Khor Al Fakkan","code":"AEKLF","country":"United Arab Emirates","country_code":"ARE","port_type":"Sea"},"geometry":{"type":"Point","coordinates":[56.36605,25.348]}},{"type":"Feature","id":2517,"properties":{"name":"Nukualofa","code":"TOTBU","country":"","country_code":"TON","port_type":"Sea"},"geometry":{"type":"Point","coordinates":[-175.17952,-21.13805]}},{"type":"Feature","id":2518,"properties":{"name":"Pladju","code":"IDPLA","country":"Indonesia","country_code":"IDN","port_type":"River"},"geometry":{"type":"Point","coordinates":[104.83946,-2.98837]}},{"type":"Feature","id":2519,"properties":{"name":"Loviisa","code":"FILOV","country":"Finland","country_code":"FIN","port_type":"Sea"},"geometry":{"type":"Point","coordinates":[26.23457,60.45163]}},{"type":"Feature","id":2520,"properties":{"name":"Sault Ste Marie","code":"CASSM","country":"Canada","country_code":"CAN","port_type":"Lake"},"geometry":{"type":"Point","coordinates":[-84.37111,46.51652]}},{"type":"Feature","id":2521,"properties":{"name":"Stephenville","code":"CAYJT","country":"Canada","country_code":"CAN","port_type":"Sea"},"geometry":{"type":"Point","coordinates":[-58.43916,48.50018]}},{"type":"Feature","id":2522,"properties":{"name":"Norfolk-Newport News","code":"USNEN","country":"United States of America","country_code":"USA","port_type":"Sea"},"geometry":{"type":"Point","coordinates":[-76.43,36.97295]}},{"type":"Feature","id":2523,"properties":{"name":"Wenge","code":"","country":"Democratic Republic of the Congo","country_code":"COD","port_type":"River"},"geometry":{"type":"Point","coordinates":[19.25644,1.14096]}},{"type":"Feature","id":2524,"properties":{"name":"L'Ile Rousse","code":"FRILR","country":"France","country_code":"FRA","port_type":"Sea"},"geometry":{"type":"Point","coordinates":[8.93749,42.64179]}},{"type":"Feature","id":2525,"properties":{"name":"Gunung Sitoli","code":"","country":"","country_code":"IDN","port_type":"Unknown"},"geometry":{"type":"Point","coordinates":[97.60955,1.3059]}},{"type":"Feature","id":2526,"properties":{"name":"Kungsor","code":"SEKGR","country":"Sweden","country_code":"SWE","port_type":"Sea"},"geometry":{"type":"Point","coordinates":[16.10494,59.42942]}},{"type":"Feature","id":2527,"properties":{"name":"Bepumba","code":"","country":"Democratic Republic of the Congo","country_code":"COD","port_type":"River"},"geometry":{"type":"Point","coordinates":[19.09396,-0.39328]}},{"type":"Feature","id":2528,"properties":{"name":"Jounie","code":"","country":"","country_code":"LBN","port_type":"Sea"},"geometry":{"type":"Point","coordinates":[35.61585,33.98615]}},{"type":"Feature","id":2529,"properties":{"name":"Oktyabrsk","code":"UAOCT","country":"Ukraine","country_code":"UKR","port_type":"Sea"},"geometry":{"type":"Point","coordinates":[31.95346,46.83687]}},{"type":"Feature","id":2530,"properties":{"name":"Port Gentil","code":"GAPOG","country":"Gabon","country_code":"GAB","port_type":"Sea"},"geometry":{"type":"Point","coordinates":[8.78451,-0.71496]}},{"type":"Feature","id":2531,"properties":{"name":"San Carlos De La Rapita","code":"ESSCR","country":"Spain","country_code":"ESP","port_type":"Sea"},"geometry":{"type":"Point","coordinates":[0.5943,40.61742]}},{"type":"Feature","id":2532,"properties":{"name":"Celukan Bawang","code":"IDCEB","country":"","country_code":"IDN","port_type":"Sea"},"geometry":{"type":"Point","coordinates":[114.83218,-8.18848]}},{"type":"Feature","id":2533,"properties":{"name":"Rio Haina","code":"DOHAI","country":"Dominican Republic","country_code":"DOM","port_type":"Sea"},"geometry":{"type":"Point","coordinates":[-70.01187,18.42218]}},{"type":"Feature","id":2534,"properties":{"name":"Limune","code":"","country":"Democratic Republic of the Congo","country_code":"COD","port_type":"River"},"geometry":{"type":"Point","coordinates":[22.7913,1.0933]}},{"type":"Feature","id":2535,"properties":{"name":"Losambo","code":"","country":"Democratic Republic of the Congo","country_code":"COD","port_type":"River"},"geometry":{"type":"Point","coordinates":[19.08312,1.10898]}},{"type":"Feature","id":2536,"properties":{"name":"El Arish","code":"","country":"","country_code":"EGY","port_type":"Sea"},"geometry":{"type":"Point","coordinates":[33.82884,31.15312]}},{"type":"Feature","id":2537,"properties":{"name":"Vinaroz","code":"ESVZR","country":"Spain","country_code":"ESP","port_type":"Sea"},"geometry":{"type":"Point","coordinates":[0.46765,40.46597]}},{"type":"Feature","id":2538,"properties":{"name":"Stylis","code":"GRSYS","country":"Greece","country_code":"GRC","port_type":"Sea"},"geometry":{"type":"Point","coordinates":[22.61566,38.91218]}},{"type":"Feature","id":2539,"properties":{"name":"Morbylanga","code":"SEMOR","country":"Sweden","country_code":"SWE","port_type":"Sea"},"geometry":{"type":"Point","coordinates":[16.38184,56.52688]}},{"type":"Feature","id":2540,"properties":{"name":"Ilyichevsk","code":"UAILK","country":"Ukraine","country_code":"UKR","port_type":"Sea"},"geometry":{"type":"Point","coordinates":[30.66402,46.31461]}},{"type":"Feature","id":2541,"properties":{"name":"Anevoranto","code":"","country":"Madagascar","country_code":"MDG","port_type":"River"},"geometry":{"type":"Point","coordinates":[49.10644,-18.96114]}},{"type":"Feature","id":2542,"properties":{"name":"Ciudad Del Carmen","code":"MXCME","country":"Mexico","country_code":"MEX","port_type":"Sea"},"geometry":{"type":"Point","coordinates":[-91.8449,18.64803]}},{"type":"Feature","id":2543,"properties":{"name":"Cagayan De Oro","code":"PHCGY","country":"Philippines","country_code":"PHL","port_type":"Sea"},"geometry":{"type":"Point","coordinates":[124.66258,8.49515]}},{"type":"Feature","id":2544,"properties":{"name":"San Pedro","code":"CISPY","country":"Côte d'Ivoire","country_code":"CIV","port_type":"Sea"},"geometry":{"type":"Point","coordinates":[-6.61915,4.73874]}},{"type":"Feature","id":2545,"properties":{"name":"Rogers","code":"USRJM","country":"","country_code":"USA","port_type":"Lake"},"geometry":{"type":"Point","coordinates":[-83.8124,45.42247]}},{"type":"Feature","id":2546,"properties":{"name":"Kismayu","code":"","country":"Somalia","country_code":"SOM","port_type":"Sea"},"geometry":{"type":"Point","coordinates":[42.5528,-0.38246]}},{"type":"Feature","id":2547,"properties":{"name":"Bandar Taheri","code":"","country":"","country_code":"IRN","port_type":"Sea"},"geometry":{"type":"Point","coordinates":[52.35126,27.66054]}},{"type":"Feature","id":2548,"properties":{"name":"Macina","code":"","country":"Mali","country_code":"MLI","port_type":"River"},"geometry":{"type":"Point","coordinates":[-5.36361,13.95951]}},{"type":"Feature","id":2549,"properties":{"name":"Hornefors","code":"SEHNF","country":"Sweden","country_code":"SWE","port_type":"Sea"},"geometry":{"type":"Point","coordinates":[19.90304,63.61047]}},{"type":"Feature","id":2550,"properties":{"name":"Lanshan","code":"CNLSN","country":"China","country_code":"CHN","port_type":"Sea"},"geometry":{"type":"Point","coordinates":[119.36292,35.10049]}},{"type":"Feature","id":2551,"properties":{"name":"Chikoma","code":"","country":"Democratic Republic of the Congo","country_code":"COD","port_type":"River"},"geometry":{"type":"Point","coordinates":[29.04161,-2.09503]}},{"type":"Feature","id":2552,"properties":{"name":"Sevastopol","code":"UASVP","country":"Ukraine","country_code":"UKR","port_type":"Sea"},"geometry":{"type":"Point","coordinates":[33.50764,44.61475]}},{"type":"Feature","id":2553,"properties":{"name":"Berdyansk","code":"UAERD","country":"Ukraine","country_code":"UKR","port_type":"Sea"},"geometry":{"type":"Point","coordinates":[36.77623,46.7537]}},{"type":"Feature","id":2554,"properties":{"name":"Izmail","code":"UAIZM","country":"Romania","country_code":"ROU","port_type":"River"},"geometry":{"type":"Point","coordinates":[28.85054,45.32231]}},{"type":"Feature","id":2555,"properties":{"name":"Evpatoria","code":"","country":"Ukraine","country_code":"UKR","port_type":"Sea"},"geometry":{"type":"Point","coordinates":[33.37369,45.18809]}},{"type":"Feature","id":2556,"properties":{"name":"Feodosia","code":"","country":"","country_code":"UKR","port_type":"Sea"},"geometry":{"type":"Point","coordinates":[35.38767,45.02829]}},{"type":"Feature","id":2557,"properties":{"name":"N'Gongo","code":"","country":"Democratic Republic of the Congo","country_code":"COD","port_type":"River"},"geometry":{"type":"Point","coordinates":[17.70179,-4.40006]}},{"type":"Feature","id":2558,"properties":{"name":"Sohar","code":"OMSOH","country":"Oman","country_code":"OMN","port_type":"Sea"},"geometry":{"type":"Point","coordinates":[56.73828,24.37609]}},{"type":"Feature","id":2559,"properties":{"name":"Imesse","code":"","country":"Democratic Republic of the Congo","country_code":"COD","port_type":"River"},"geometry":{"type":"Point","coordinates":[18.10395,2.11818]}},{"type":"Feature","id":2560,"properties":{"name":"Mabenga","code":"","country":"Democratic Republic of the Congo","country_code":"COD","port_type":"River"},"geometry":{"type":"Point","coordinates":[18.61262,-3.60138]}},{"type":"Feature","id":2561,"properties":{"name":"Bosaso","code":"","country":"","country_code":"SOM","port_type":"Sea"},"geometry":{"type":"Point","coordinates":[49.18218,11.29018]}},{"type":"Feature","id":2562,"properties":{"name":"Mersin","code":"TRMER","country":"Turkey","country_code":"TUR","port_type":"Sea"},"geometry":{"type":"Point","coordinates":[34.63525,36.79997]}},{"type":"Feature","id":2563,"properties":{"name":"Balangala","code":"","country":"Democratic Republic of the Congo","country_code":"COD","port_type":"River"},"geometry":{"type":"Point","coordinates":[19.78876,0.41659]}},{"type":"Feature","id":2564,"properties":{"name":"Modombe","code":"","country":"Democratic Republic of the Congo","country_code":"COD","port_type":"River"},"geometry":{"type":"Point","coordinates":[22.75403,-0.78078]}},{"type":"Feature","id":2565,"properties":{"name":"St Andrews","code":"CASAD","country":"Canada","country_code":"CAN","port_type":"Sea"},"geometry":{"type":"Point","coordinates":[-67.05325,45.07353]}},{"type":"Feature","id":2566,"properties":{"name":"Chesapeake","code":"USUFG","country":"United States of America","country_code":"USA","port_type":"Sea"},"geometry":{"type":"Point","coordinates":[-75.8107,39.52614]}},{"type":"Feature","id":2567,"properties":{"name":"Skaramanga","code":"GRSKA","country":"Greece","country_code":"GRC","port_type":"Sea"},"geometry":{"type":"Point","coordinates":[23.59754,38.01179]}},{"type":"Feature","id":2568,"properties":{"name":"Castellammare Del Golfo","code":"ITCTR","country":"Italy","country_code":"ITA","port_type":"Sea"},"geometry":{"type":"Point","coordinates":[12.87754,38.02914]}},{"type":"Feature","id":2569,"properties":{"name":"Petit Couronne","code":"FRPET","country":"France","country_code":"FRA","port_type":"Sea"},"geometry":{"type":"Point","coordinates":[1.0133,49.38353]}},{"type":"Feature","id":2570,"properties":{"name":"Tonnay Charente","code":"FRTON","country":"France","country_code":"FRA","port_type":"Sea"},"geometry":{"type":"Point","coordinates":[-0.89105,45.94239]}},{"type":"Feature","id":2571,"properties":{"name":"La Skhirra","code":"TNLSK","country":"Tunisia","country_code":"TUN","port_type":"Sea"},"geometry":{"type":"Point","coordinates":[10.09529,34.28796]}},{"type":"Feature","id":2572,"properties":{"name":"Port Victoria","code":"SCPOV","country":"","country_code":"SYC","port_type":"Sea"},"geometry":{"type":"Point","coordinates":[55.45798,-4.62039]}},{"type":"Feature","id":2573,"properties":{"name":"Ajman","code":"AEAJM","country":"United Arab Emirates","country_code":"ARE","port_type":"Sea"},"geometry":{"type":"Point","coordinates":[55.46093,25.41131]}},{"type":"Feature","id":2574,"properties":{"name":"Tokushima","code":"JPTKS","country":"Japan","country_code":"JPN","port_type":"Sea"},"geometry":{"type":"Point","coordinates":[134.58714,34.04845]}},{"type":"Feature","id":2575,"properties":{"name":"Caloundra Head","code":"AUCAL","country":"Australia","country_code":"AUS","port_type":"Sea"},"geometry":{"type":"Point","coordinates":[153.12751,-26.80515]}},{"type":"Feature","id":2576,"properties":{"name":"Neendhakara","code":"INNEE","country":"India","country_code":"IND","port_type":"Sea"},"geometry":{"type":"Point","coordinates":[76.54089,8.93834]}},{"type":"Feature","id":2577,"properties":{"name":"Heianza","code":"JPHEI","country":"Japan","country_code":"JPN","port_type":"Sea"},"geometry":{"type":"Point","coordinates":[127.91149,26.3187]}},{"type":"Feature","id":2578,"properties":{"name":"Monbetsu","code":"JPMBE","country":"Japan","country_code":"JPN","port_type":"Sea"},"geometry":{"type":"Point","coordinates":[143.36257,44.35533]}},{"type":"Feature","id":2579,"properties":{"name":"Arkhangelsk","code":"RUARH","country":"Russian Federation","country_code":"RUS","port_type":"Sea"},"geometry":{"type":"Point","coordinates":[40.52592,64.52186]}},{"type":"Feature","id":2580,"properties":{"name":"Yawatahama","code":"JPYWH","country":"Japan","country_code":"JPN","port_type":"Sea"},"geometry":{"type":"Point","coordinates":[132.41769,33.45786]}},{"type":"Feature","id":2581,"properties":{"name":"Funakawa","code":"JPFNK","country":"Japan","country_code":"JPN","port_type":"Sea"},"geometry":{"type":"Point","coordinates":[139.852,39.87451]}},{"type":"Feature","id":2582,"properties":{"name":"Nevelsk","code":"RUNEV","country":"Russian Federation","country_code":"RUS","port_type":"Sea"},"geometry":{"type":"Point","coordinates":[141.85604,46.67184]}},{"type":"Feature","id":2583,"properties":{"name":"Saa Luiz","code":"BRSLZ","country":"","country_code":"BRA","port_type":"Sea"},"geometry":{"type":"Point","coordinates":[-44.3071,-2.52909]}},{"type":"Feature","id":2584,"properties":{"name":"Bheemunipatnam","code":"INBHM","country":"India","country_code":"IND","port_type":"Sea"},"geometry":{"type":"Point","coordinates":[83.45317,17.89361]}},{"type":"Feature","id":2585,"properties":{"name":"Mytilene","code":"GRMJT","country":"Greece","country_code":"GRC","port_type":"Sea"},"geometry":{"type":"Point","coordinates":[26.55639,39.09997]}},{"type":"Feature","id":2586,"properties":{"name":"Ashkelon","code":"ILAKL","country":"Israel","country_code":"ISR","port_type":"Unknown"},"geometry":{"type":"Point","coordinates":[34.55747,31.68119]}},{"type":"Feature","id":2587,"properties":{"name":"Chacabuco","code":"CLCHB","country":"Chile","country_code":"CHL","port_type":"Sea"},"geometry":{"type":"Point","coordinates":[-72.82118,-45.46552]}},{"type":"Feature","id":2588,"properties":{"name":"Santo Tomas De Castilla","code":"GTSTC","country":"","country_code":"GTM","port_type":"Sea"},"geometry":{"type":"Point","coordinates":[-88.61544,15.69533]}},{"type":"Feature","id":2589,"properties":{"name":"Liepaya","code":"LVLPX","country":"","country_code":"LVA","port_type":"Sea"},"geometry":{"type":"Point","coordinates":[20.99472,56.52255]}},{"type":"Feature","id":2590,"properties":{"name":"Koh Si Chang","code":"THKSI","country":"Thailand","country_code":"THA","port_type":"Sea"},"geometry":{"type":"Point","coordinates":[100.80992,13.16067]}},{"type":"Feature","id":2591,"properties":{"name":"Sharm El Sheikh","code":"EGSSH","country":"Egypt","country_code":"EGY","port_type":"Sea"},"geometry":{"type":"Point","coordinates":[34.32535,27.9057]}},{"type":"Feature","id":2592,"properties":{"name":"Fujairah","code":"AEFJR","country":"United Arab Emirates","country_code":"ARE","port_type":"Sea"},"geometry":{"type":"Point","coordinates":[56.356,25.12638]}},{"type":"Feature","id":2593,"properties":{"name":"Hormuz","code":"IRHOR","country":"Iran  (Islamic Republic of)","country_code":"IRN","port_type":"Sea"},"geometry":{"type":"Point","coordinates":[56.44635,27.09375]}},{"type":"Feature","id":2594,"properties":{"name":"Travemunde","code":"DETRV","country":"Germany","country_code":"DEU","port_type":"Sea"},"geometry":{"type":"Point","coordinates":[10.86673,53.95575]}},{"type":"Feature","id":2595,"properties":{"name":"Aamshite","code":"","country":"","country_code":"LBN","port_type":"Unknown"},"geometry":{"type":"Point","coordinates":[35.62828,34.15214]}},{"type":"Feature","id":2596,"properties":{"name":"Elizabeth","code":"USELZ","country":"United States of America","country_code":"USA","port_type":"Sea"},"geometry":{"type":"Point","coordinates":[-76.21677,36.29651]}},{"type":"Feature","id":2597,"properties":{"name":"St Malo","code":"FRSML","country":"France","country_code":"FRA","port_type":"Sea"},"geometry":{"type":"Point","coordinates":[-2.01738,48.64372]}},{"type":"Feature","id":2598,"properties":{"name":"Stratoni","code":"GRSTI","country":"Greece","country_code":"GRC","port_type":"Sea"},"geometry":{"type":"Point","coordinates":[23.82682,40.50866]}},{"type":"Feature","id":2599,"properties":{"name":"Tranoy","code":"NOTRY","country":"Norway","country_code":"NOR","port_type":"Sea"},"geometry":{"type":"Point","coordinates":[15.67036,68.18324]}},{"type":"Feature","id":2600,"properties":{"name":"Figueira Da Foz","code":"PTFDF","country":"Portugal","country_code":"PRT","port_type":"Sea"},"geometry":{"type":"Point","coordinates":[-8.85337,40.14812]}},{"type":"Feature","id":2601,"properties":{"name":"Vanga","code":"","country":"Kenya","country_code":"KEN","port_type":"River"},"geometry":{"type":"Point","coordinates":[39.22024,-4.65992]}},{"type":"Feature","id":2602,"properties":{"name":"Begiro","code":"","country":"Madagascar","country_code":"MDG","port_type":"River"},"geometry":{"type":"Point","coordinates":[45.10066,-19.781]}},{"type":"Feature","id":2603,"properties":{"name":"Catagbacan","code":"","country":"Philippines","country_code":"PHL","port_type":"Sea"},"geometry":{"type":"Point","coordinates":[123.82338,9.85146]}},{"type":"Feature","id":2604,"properties":{"name":"Petit Trou De Nippes","code":"","country":"Haiti","country_code":"HTI","port_type":"Unknown"},"geometry":{"type":"Point","coordinates":[-73.51104,18.52772]}},{"type":"Feature","id":2605,"properties":{"name":"Mitshakilaf","code":"","country":"Democratic Republic of the Congo","country_code":"COD","port_type":"River"},"geometry":{"type":"Point","coordinates":[18.73107,-4.6744]}},{"type":"Feature","id":2606,"properties":{"name":"Bokoko","code":"","country":"Democratic Republic of the Congo","country_code":"COD","port_type":"River"},"geometry":{"type":"Point","coordinates":[18.36763,-2.85834]}},{"type":"Feature","id":2607,"properties":{"name":"Havre St Pierre","code":"CAHSP","country":"Canada","country_code":"CAN","port_type":"Sea"},"geometry":{"type":"Point","coordinates":[-63.60624,50.23703]}},{"type":"Feature","id":2608,"properties":{"name":"Newbury","code":"USNEY","country":"United States of America","country_code":"USA","port_type":"Sea"},"geometry":{"type":"Point","coordinates":[-70.87281,42.81308]}},{"type":"Feature","id":2609,"properties":{"name":"Ijmuiden","code":"NLIJM","country":"Netherlands","country_code":"NLD","port_type":"Sea"},"geometry":{"type":"Point","coordinates":[4.58721,52.46209]}},{"type":"Feature","id":2610,"properties":{"name":"Vastervik","code":"SEVVK","country":"Sweden","country_code":"SWE","port_type":"Sea"},"geometry":{"type":"Point","coordinates":[16.6442,57.75796]}},{"type":"Feature","id":2611,"properties":{"name":"Abu Zenima","code":"EGAZA","country":"Egypt","country_code":"EGY","port_type":"Unknown"},"geometry":{"type":"Point","coordinates":[33.11861,29.04425]}},{"type":"Feature","id":2612,"properties":{"name":"Lervik","code":"NOLER","country":"Norway","country_code":"NOR","port_type":"Sea"},"geometry":{"type":"Point","coordinates":[5.50177,59.78071]}},{"type":"Feature","id":2613,"properties":{"name":"Kuala Tanjung","code":"IDTJB","country":"Indonesia","country_code":"IDN","port_type":"Unknown"},"geometry":{"type":"Point","coordinates":[99.45485,3.35693]}},{"type":"Feature","id":2614,"properties":{"name":"Tanjung Balai","code":"","country":"Indonesia","country_code":"IDN","port_type":"River"},"geometry":{"type":"Point","coordinates":[99.80361,2.97848]}},{"type":"Feature","id":2615,"properties":{"name":"Tambo De Mora","code":"PETDM","country":"","country_code":"PER","port_type":"Sea"},"geometry":{"type":"Point","coordinates":[-76.19091,-13.47125]}},{"type":"Feature","id":2616,"properties":{"name":"El Ferrol","code":"ESFER","country":"Spain","country_code":"ESP","port_type":"Sea"},"geometry":{"type":"Point","coordinates":[-8.22985,43.47763]}},{"type":"Feature","id":2617,"properties":{"name":"Matsuyama","code":"JPMYJ","country":"Japan","country_code":"JPN","port_type":"Sea"},"geometry":{"type":"Point","coordinates":[132.71028,33.85074]}},{"type":"Feature","id":2618,"properties":{"name":"Legazpi","code":"PHLGP","country":"Philippines","country_code":"PHL","port_type":"Sea"},"geometry":{"type":"Point","coordinates":[123.75612,13.14607]}},{"type":"Feature","id":2619,"properties":{"name":"Chiba","code":"JPCHB","country":"Japan","country_code":"JPN","port_type":"Sea"},"geometry":{"type":"Point","coordinates":[140.08939,35.60926]}},{"type":"Feature","id":2620,"properties":{"name":"Anadyr","code":"RUDYR","country":"Russian Federation","country_code":"RUS","port_type":"Sea"},"geometry":{"type":"Point","coordinates":[177.50746,64.7383]}},{"type":"Feature","id":2621,"properties":{"name":"Kanazawa","code":"JPKNZ","country":"Japan","country_code":"JPN","port_type":"Sea"},"geometry":{"type":"Point","coordinates":[136.60803,36.62589]}},{"type":"Feature","id":2622,"properties":{"name":"Uraga","code":"JPURG","country":"Japan","country_code":"JPN","port_type":"Sea"},"geometry":{"type":"Point","coordinates":[139.72479,35.24017]}},{"type":"Feature","id":2623,"properties":{"name":"Suzaki","code":"JPSUZ","country":"Japan","country_code":"JPN","port_type":"Sea"},"geometry":{"type":"Point","coordinates":[133.27879,33.38182]}},{"type":"Feature","id":2624,"properties":{"name":"Ominato","code":"JPOMT","country":"Japan","country_code":"JPN","port_type":"Sea"},"geometry":{"type":"Point","coordinates":[141.17626,41.28056]}},{"type":"Feature","id":2625,"properties":{"name":"Lith","code":"SALIT","country":"Saudi Arabia","country_code":"SAU","port_type":"Sea"},"geometry":{"type":"Point","coordinates":[40.24671,20.15811]}},{"type":"Feature","id":2626,"properties":{"name":"Niigata","code":"JPKIJ","country":"Japan","country_code":"JPN","port_type":"Sea"},"geometry":{"type":"Point","coordinates":[139.06664,37.93577]}},{"type":"Feature","id":2627,"properties":{"name":"Pointe A Pierre","code":"TTPTP","country":"Trinidad and Tobago","country_code":"TTO","port_type":"Sea"},"geometry":{"type":"Point","coordinates":[-61.4596,10.31553]}},{"type":"Feature","id":2628,"properties":{"name":"Clifton Point","code":"BSCLP","country":"Bahamas","country_code":"BHS","port_type":"Sea"},"geometry":{"type":"Point","coordinates":[-77.54486,25.01815]}},{"type":"Feature","id":2629,"properties":{"name":"Mar Del Plata","code":"ARMDQ","country":"Argentina","country_code":"ARG","port_type":"Sea"},"geometry":{"type":"Point","coordinates":[-57.53676,-38.03705]}},{"type":"Feature","id":2630,"properties":{"name":"Puerto De Hierro","code":"VEPHO","country":"Venezuela","country_code":"VEN","port_type":"Sea"},"geometry":{"type":"Point","coordinates":[-62.08932,10.63416]}},{"type":"Feature","id":2631,"properties":{"name":"San Nicolas De Los Los Arroyos","code":"ARSNS","country":"Argentina","country_code":"ARG","port_type":"River"},"geometry":{"type":"Point","coordinates":[-60.17904,-33.3492]}},{"type":"Feature","id":2632,"properties":{"name":"Glasson Dock","code":"GBGLD","country":"U.K. of Great Britain and Northern Ireland","country_code":"GBR","port_type":"Sea"},"geometry":{"type":"Point","coordinates":[-2.84825,53.99889]}},{"type":"Feature","id":2633,"properties":{"name":"Burns Harbour","code":"USBNB","country":"","country_code":"USA","port_type":"Lake"},"geometry":{"type":"Point","coordinates":[-87.14395,41.64369]}},{"type":"Feature","id":2634,"properties":{"name":"Dammam","code":"","country":"Saudi Arabia","country_code":"SAU","port_type":"Unknown"},"geometry":{"type":"Point","coordinates":[50.12238,26.47391]}},{"type":"Feature","id":2635,"properties":{"name":"Simonstown","code":"ZASMN","country":"South Africa","country_code":"ZAF","port_type":"Sea"},"geometry":{"type":"Point","coordinates":[18.44071,-34.1924]}},{"type":"Feature","id":2636,"properties":{"name":"Modiokoy","code":"","country":"Mali","country_code":"MLI","port_type":"River"},"geometry":{"type":"Point","coordinates":[-2.36718,16.74946]}},{"type":"Feature","id":2637,"properties":{"name":"Dioro","code":"","country":"Mali","country_code":"MLI","port_type":"River"},"geometry":{"type":"Point","coordinates":[-5.8337,13.68929]}},{"type":"Feature","id":2638,"properties":{"name":"Hanoi","code":"VNHAN","country":"Viet Nam","country_code":"VNM","port_type":"River"},"geometry":{"type":"Point","coordinates":[105.86167,21.02892]}},{"type":"Feature","id":2639,"properties":{"name":"Serinam","code":"","country":"Madagascar","country_code":"MDG","port_type":"River"},"geometry":{"type":"Point","coordinates":[44.69435,-19.70541]}},{"type":"Feature","id":2640,"properties":{"name":"Manakampahiny","code":"","country":"Madagascar","country_code":"MDG","port_type":"River"},"geometry":{"type":"Point","coordinates":[48.99149,-19.25666]}},{"type":"Feature","id":2641,"properties":{"name":"Pointe-a-Pitre","code":"GPPTP","country":"","country_code":"GLP","port_type":"Sea"},"geometry":{"type":"Point","coordinates":[-61.54063,16.24128]}},{"type":"Feature","id":2642,"properties":{"name":"Bosanga","code":"","country":"Democratic Republic of the Congo","country_code":"COD","port_type":"River"},"geometry":{"type":"Point","coordinates":[20.6031,-0.27487]}},{"type":"Feature","id":2643,"properties":{"name":"Dalhousie","code":"CADHS","country":"","country_code":"CAN","port_type":"Lake"},"geometry":{"type":"Point","coordinates":[-79.26283,43.20641]}},{"type":"Feature","id":2644,"properties":{"name":"Ibeka","code":"","country":"Democratic Republic of the Congo","country_code":"COD","port_type":"River"},"geometry":{"type":"Point","coordinates":[18.3581,1.21293]}},{"type":"Feature","id":2645,"properties":{"name":"Makoko","code":"","country":"Democratic Republic of the Congo","country_code":"COD","port_type":"River"},"geometry":{"type":"Point","coordinates":[20.1921,-0.87197]}},{"type":"Feature","id":2646,"properties":{"name":"Yumurtalik Bay","code":"TRYUM","country":"","country_code":"TUR","port_type":"Unknown"},"geometry":{"type":"Point","coordinates":[35.79096,36.76783]}},{"type":"Feature","id":2647,"properties":{"name":"Nikiski","code":"USNKI","country":"United States of America","country_code":"USA","port_type":"Sea"},"geometry":{"type":"Point","coordinates":[-151.39268,60.68319]}},{"type":"Feature","id":2648,"properties":{"name":"Kings Bay","code":"USKBA","country":"United States of America","country_code":"USA","port_type":"Sea"},"geometry":{"type":"Point","coordinates":[-81.52385,30.80734]}},{"type":"Feature","id":2649,"properties":{"name":"Clark City","code":"CACLC","country":"Canada","country_code":"CAN","port_type":"Sea"},"geometry":{"type":"Point","coordinates":[-66.63673,50.19841]}},{"type":"Feature","id":2650,"properties":{"name":"Sukhumi","code":"GESUI","country":"Georgia","country_code":"GEO","port_type":"Sea"},"geometry":{"type":"Point","coordinates":[40.989,42.99385]}},{"type":"Feature","id":2651,"properties":{"name":"Pozos Colorados","code":"COPOC","country":"","country_code":"COL","port_type":"Sea"},"geometry":{"type":"Point","coordinates":[-74.22887,11.10897]}},{"type":"Feature","id":2652,"properties":{"name":"Tandjung Uban","code":"IDTUB","country":"","country_code":"IDN","port_type":"Sea"},"geometry":{"type":"Point","coordinates":[104.21933,1.06171]}},{"type":"Feature","id":2653,"properties":{"name":"Pangkal Balam","code":"IDPGX","country":"Indonesia","country_code":"IDN","port_type":"Sea"},"geometry":{"type":"Point","coordinates":[106.14817,-2.08497]}},{"type":"Feature","id":2654,"properties":{"name":"Pare Pare","code":"IDPAP","country":"","country_code":"IDN","port_type":"Sea"},"geometry":{"type":"Point","coordinates":[119.62174,-4.00265]}},{"type":"Feature","id":2655,"properties":{"name":"Chah-Bahar","code":"IRZBR","country":"","country_code":"IRN,AFG","port_type":"Sea"},"geometry":{"type":"Point","coordinates":[60.61411,25.29822]}},{"type":"Feature","id":2656,"properties":{"name":"Stadersand","code":"DESTS","country":"Germany","country_code":"DEU","port_type":"Sea"},"geometry":{"type":"Point","coordinates":[9.53175,53.62138]}},{"type":"Feature","id":2657,"properties":{"name":"Hiroshima","code":"JPHIJ","country":"Japan","country_code":"JPN","port_type":"Sea"},"geometry":{"type":"Point","coordinates":[132.43279,34.35741]}},{"type":"Feature","id":2658,"properties":{"name":"Abu Rudeis","code":"EGAUE","country":"Egypt","country_code":"EGY","port_type":"Sea"},"geometry":{"type":"Point","coordinates":[33.17509,28.89489]}},{"type":"Feature","id":2659,"properties":{"name":"Laayoune","code":"MAEUN","country":"Western Sahara","country_code":"ESH","port_type":"Sea"},"geometry":{"type":"Point","coordinates":[-13.41635,27.08951]}},{"type":"Feature","id":2660,"properties":{"name":"Haiphong","code":"VNHPH","country":"Viet Nam","country_code":"VNM","port_type":"River"},"geometry":{"type":"Point","coordinates":[106.6901,20.86793]}},{"type":"Feature","id":2661,"properties":{"name":"Haypoint","code":"AUHPT","country":"Australia","country_code":"AUS","port_type":"Sea"},"geometry":{"type":"Point","coordinates":[149.2874,-21.28035]}},{"type":"Feature","id":2662,"properties":{"name":"Tanjong Mani","code":"MYTMI","country":"Malaysia","country_code":"MYS","port_type":"Sea"},"geometry":{"type":"Point","coordinates":[111.31941,2.12392]}},{"type":"Feature","id":2663,"properties":{"name":"Ainoura","code":"JPAIN","country":"Japan","country_code":"JPN","port_type":"Sea"},"geometry":{"type":"Point","coordinates":[129.65156,33.19167]}},{"type":"Feature","id":2664,"properties":{"name":"El Beddaoui","code":"","country":"Lebanon","country_code":"LBN","port_type":"Unknown"},"geometry":{"type":"Point","coordinates":[35.8627,34.45735]}},{"type":"Feature","id":2665,"properties":{"name":"Port Yabucoa","code":"PRPYA","country":"Puerto Rico","country_code":"PRI","port_type":"Sea"},"geometry":{"type":"Point","coordinates":[-65.8323,18.0491]}},{"type":"Feature","id":2666,"properties":{"name":"Blowing Point","code":"AIBLP","country":"","country_code":"AIA","port_type":"Sea"},"geometry":{"type":"Point","coordinates":[-63.09303,18.17174]}},{"type":"Feature","id":2667,"properties":{"name":"Concepcion Del Uruguay","code":"ARCOU","country":"Argentina","country_code":"ARG","port_type":"River"},"geometry":{"type":"Point","coordinates":[-58.22113,-32.47916]}},{"type":"Feature","id":2668,"properties":{"name":"Thorshavn","code":"FOTHO","country":"Faroe Islands","country_code":"FRO","port_type":"Sea"},"geometry":{"type":"Point","coordinates":[-6.76976,62.00834]}},{"type":"Feature","id":2669,"properties":{"name":"Aeroskobing","code":"DKARK","country":"Denmark","country_code":"DNK","port_type":"Sea"},"geometry":{"type":"Point","coordinates":[10.41312,54.88995]}},{"type":"Feature","id":2670,"properties":{"name":"Samui","code":"","country":"Thailand","country_code":"THA","port_type":"Sea"},"geometry":{"type":"Point","coordinates":[99.93449,9.53837]}},{"type":"Feature","id":2671,"properties":{"name":"Riviere Du Loup","code":"CARDL","country":"Canada","country_code":"CAN","port_type":"Sea"},"geometry":{"type":"Point","coordinates":[-69.56467,47.84998]}},{"type":"Feature","id":2672,"properties":{"name":"Vila Do Porto","code":"PTVDP","country":"Azores Islands","country_code":"PRT","port_type":"Sea"},"geometry":{"type":"Point","coordinates":[-25.14961,36.94522]}},{"type":"Feature","id":2673,"properties":{"name":"Port La Nouvelle","code":"FRNOU","country":"France","country_code":"FRA","port_type":"Sea"},"geometry":{"type":"Point","coordinates":[3.04851,43.02237]}},{"type":"Feature","id":2674,"properties":{"name":"Tulagi","code":"","country":"Solomon islands","country_code":"SLB","port_type":"Unknown"},"geometry":{"type":"Point","coordinates":[160.15326,-9.10657]}},{"type":"Feature","id":2675,"properties":{"name":"Kingushi Amont","code":"","country":"Democratic Republic of the Congo","country_code":"COD","port_type":"River"},"geometry":{"type":"Point","coordinates":[16.51285,-5.10665]}},{"type":"Feature","id":2676,"properties":{"name":"Bena Makina","code":"","country":"Democratic Republic of the Congo","country_code":"COD","port_type":"River"},"geometry":{"type":"Point","coordinates":[21.08602,-4.97686]}},{"type":"Feature","id":2677,"properties":{"name":"Villagarcia  (De Arosa)","code":"ESVIL","country":"Spain","country_code":"ESP","port_type":"Sea"},"geometry":{"type":"Point","coordinates":[-8.77593,42.59408]}},{"type":"Feature","id":2678,"properties":{"name":"El Maameltayne","code":"","country":"","country_code":"LBN","port_type":"Sea"},"geometry":{"type":"Point","coordinates":[35.64464,34.00517]}},{"type":"Feature","id":2679,"properties":{"name":"Vung Ang","code":"","country":"Viet Nam","country_code":"VNM","port_type":"Sea"},"geometry":{"type":"Point","coordinates":[106.40943,18.11108]}},{"type":"Feature","id":2680,"properties":{"name":"Duong Dong","code":"","country":"Viet Nam","country_code":"VNM","port_type":"Sea"},"geometry":{"type":"Point","coordinates":[103.95501,10.22466]}},{"type":"Feature","id":2681,"properties":{"name":"Kalomala","code":"","country":"Madagascar","country_code":"MDG","port_type":"River"},"geometry":{"type":"Point","coordinates":[49.09502,-18.97524]}},{"type":"Feature","id":2682,"properties":{"name":"Twillinggate","code":"CATWI","country":"Canada","country_code":"CAN","port_type":"Sea"},"geometry":{"type":"Point","coordinates":[-54.76312,49.65045]}},{"type":"Feature","id":2683,"properties":{"name":"Velsen","code":"NLVEL","country":"Netherlands","country_code":"NLD","port_type":"Sea"},"geometry":{"type":"Point","coordinates":[4.64663,52.46665]}},{"type":"Feature","id":2684,"properties":{"name":"Havre De Grace","code":"USHDC","country":"United States of America","country_code":"USA","port_type":"Sea"},"geometry":{"type":"Point","coordinates":[-76.08689,39.54574]}},{"type":"Feature","id":2685,"properties":{"name":"Boulogne Sur Mer","code":"FRBOL","country":"France","country_code":"FRA","port_type":"Sea"},"geometry":{"type":"Point","coordinates":[1.59391,50.72564]}},{"type":"Feature","id":2686,"properties":{"name":"Yokohama","code":"JPYOK","country":"Japan","country_code":"JPN","port_type":"Sea"},"geometry":{"type":"Point","coordinates":[139.67625,35.43521]}},{"type":"Feature","id":2687,"properties":{"name":"Aomori","code":"JPAOJ","country":"Japan","country_code":"JPN","port_type":"Sea"},"geometry":{"type":"Point","coordinates":[140.74569,40.82989]}},{"type":"Feature","id":2688,"properties":{"name":"Posyet","code":"RUPSE","country":"Russian Federation","country_code":"RUS","port_type":"Sea"},"geometry":{"type":"Point","coordinates":[130.80723,42.64954]}},{"type":"Feature","id":2689,"properties":{"name":"Miyazaki","code":"JPKMI","country":"Japan","country_code":"JPN","port_type":"Sea"},"geometry":{"type":"Point","coordinates":[131.45738,31.90513]}},{"type":"Feature","id":2690,"properties":{"name":"Sejingkat","code":"MYSEJ","country":"Malaysia","country_code":"MYS","port_type":"Sea"},"geometry":{"type":"Point","coordinates":[110.41266,1.57744]}},{"type":"Feature","id":2691,"properties":{"name":"Dwarkar","code":"INDWA","country":"India","country_code":"IND","port_type":"Sea"},"geometry":{"type":"Point","coordinates":[68.96939,22.238]}},{"type":"Feature","id":2692,"properties":{"name":"Kuala Beukah","code":"","country":"","country_code":"IDN","port_type":"Unknown"},"geometry":{"type":"Point","coordinates":[97.90409,4.88476]}},{"type":"Feature","id":2693,"properties":{"name":"Pangkalang Susu","code":"IDSSO","country":"","country_code":"IDN","port_type":"Sea"},"geometry":{"type":"Point","coordinates":[98.21174,4.12408]}},{"type":"Feature","id":2694,"properties":{"name":"Tanjung Sekong","code":"IDMRK","country":"Indonesia","country_code":"IDN","port_type":"Sea"},"geometry":{"type":"Point","coordinates":[105.99422,-5.92286]}},{"type":"Feature","id":2695,"properties":{"name":"Moskalvo","code":"RUMVO","country":"Russian Federation","country_code":"RUS","port_type":"Sea"},"geometry":{"type":"Point","coordinates":[142.51714,53.54714]}},{"type":"Feature","id":2696,"properties":{"name":"Ras Al Mishab","code":"SARAM","country":"Saudi Arabia","country_code":"SAU","port_type":"Sea"},"geometry":{"type":"Point","coordinates":[48.61447,28.10689]}},{"type":"Feature","id":2697,"properties":{"name":"Fort-De-France","code":"MQFDF","country":"Martinique","country_code":"MTQ","port_type":"Sea"},"geometry":{"type":"Point","coordinates":[-61.06014,14.60229]}},{"type":"Feature","id":2698,"properties":{"name":"St John'S","code":"AGSJO","country":"Antigua and Barbuda","country_code":"ATG","port_type":"Sea"},"geometry":{"type":"Point","coordinates":[-61.8459,17.12117]}},{"type":"Feature","id":2699,"properties":{"name":"Husevig","code":"FOHUS","country":"Faroe Islands","country_code":"FRO","port_type":"Sea"},"geometry":{"type":"Point","coordinates":[-6.66724,61.80559]}},{"type":"Feature","id":2700,"properties":{"name":"Port-Au-Prince","code":"HTPAP","country":"","country_code":"HTI","port_type":"Sea"},"geometry":{"type":"Point","coordinates":[-72.34816,18.55709]}},{"type":"Feature","id":2701,"properties":{"name":"Koverhar","code":"FIKVH","country":"Finland","country_code":"FIN","port_type":"Sea"},"geometry":{"type":"Point","coordinates":[23.22353,59.88102]}},{"type":"Feature","id":2702,"properties":{"name":"Matsusaka","code":"","country":"Japan","country_code":"JPN","port_type":"Sea"},"geometry":{"type":"Point","coordinates":[136.55834,34.60976]}},{"type":"Feature","id":2703,"properties":{"name":"Saldanha Bay","code":"ZASDB","country":"","country_code":"ZAF","port_type":"Sea"},"geometry":{"type":"Point","coordinates":[17.99487,-33.0072]}},{"type":"Feature","id":2704,"properties":{"name":"El Aaqaybe","code":"","country":"Lebanon","country_code":"LBN","port_type":"Unknown"},"geometry":{"type":"Point","coordinates":[35.6415,34.05716]}},{"type":"Feature","id":2705,"properties":{"name":"Malanga","code":"","country":"Democratic Republic of the Congo","country_code":"COD","port_type":"River"},"geometry":{"type":"Point","coordinates":[18.5507,1.74898]}},{"type":"Feature","id":2706,"properties":{"name":"Damaguit","code":"","country":"Philippines","country_code":"PHL","port_type":"Sea"},"geometry":{"type":"Point","coordinates":[122.48233,11.59597]}},{"type":"Feature","id":2707,"properties":{"name":"Port-De-Paix","code":"","country":"Haiti","country_code":"HTI","port_type":"Unknown"},"geometry":{"type":"Point","coordinates":[-72.83123,19.94093]}},{"type":"Feature","id":2708,"properties":{"name":"Vila Real De Santo Antonio","code":"PTVRL","country":"Portugal","country_code":"PRT","port_type":"Sea"},"geometry":{"type":"Point","coordinates":[-7.41403,37.19673]}},{"type":"Feature","id":2709,"properties":{"name":"Bundala","code":"","country":"Democratic Republic of the Congo","country_code":"COD","port_type":"River"},"geometry":{"type":"Point","coordinates":[26.95759,-7.42707]}},{"type":"Feature","id":2710,"properties":{"name":"Masindi","code":"","country":"Uganda","country_code":"UGA","port_type":"Lake"},"geometry":{"type":"Point","coordinates":[32.099,1.69923]}},{"type":"Feature","id":2711,"properties":{"name":"St Helier","code":"GBSTH","country":"","country_code":"JEY","port_type":"Sea"},"geometry":{"type":"Point","coordinates":[-2.10761,49.17667]}},{"type":"Feature","id":2712,"properties":{"name":"Qui Nhon","code":"VNUIH","country":"Viet Nam","country_code":"VNM","port_type":"Sea"},"geometry":{"type":"Point","coordinates":[109.24626,13.77826]}},{"type":"Feature","id":2713,"properties":{"name":"Kolumboma","code":"","country":"Democratic Republic of the Congo","country_code":"COD","port_type":"River"},"geometry":{"type":"Point","coordinates":[18.5721,-2.96947]}},{"type":"Feature","id":2714,"properties":{"name":"Port Cartier","code":"CAPCA","country":"Canada","country_code":"CAN","port_type":"Sea"},"geometry":{"type":"Point","coordinates":[-66.81796,50.01902]}},{"type":"Feature","id":2715,"properties":{"name":"Port Aux Basques","code":"CAPBQ","country":"","country_code":"CAN","port_type":"Sea"},"geometry":{"type":"Point","coordinates":[-59.1418,47.58116]}},{"type":"Feature","id":2716,"properties":{"name":"Port Menier","code":"CAPME","country":"Canada","country_code":"CAN","port_type":"Sea"},"geometry":{"type":"Point","coordinates":[-64.35408,49.81825]}},{"type":"Feature","id":2717,"properties":{"name":"Sitra","code":"BHSIT","country":"Bahrain","country_code":"BHR","port_type":"Unknown"},"geometry":{"type":"Point","coordinates":[50.63443,26.14465]}},{"type":"Feature","id":2718,"properties":{"name":"Takamatsu","code":"JPTAK","country":"Japan","country_code":"JPN","port_type":"Sea"},"geometry":{"type":"Point","coordinates":[134.07006,34.34847]}},{"type":"Feature","id":2719,"properties":{"name":"Vestmannaeyjar - Hofn","code":"ISVES","country":"Iceland","country_code":"ISL","port_type":"Sea"},"geometry":{"type":"Point","coordinates":[-20.26743,63.44384]}},{"type":"Feature","id":2720,"properties":{"name":"King'S Lynn","code":"GBKLN","country":"U.K. of Great Britain and Northern Ireland","country_code":"GBR","port_type":"Sea"},"geometry":{"type":"Point","coordinates":[0.39261,52.75973]}},{"type":"Feature","id":2721,"properties":{"name":"Bruges","code":"BEBGS","country":"Belgium","country_code":"BEL","port_type":"Sea"},"geometry":{"type":"Point","coordinates":[3.22308,51.22815]}},{"type":"Feature","id":2722,"properties":{"name":"Portmadoc","code":"GBPMD","country":"U.K. of Great Britain and Northern Ireland","country_code":"GBR","port_type":"Sea"},"geometry":{"type":"Point","coordinates":[-4.12711,52.92914]}},{"type":"Feature","id":2723,"properties":{"name":"Chiwan","code":"CNCWN","country":"","country_code":"CHN","port_type":"Sea"},"geometry":{"type":"Point","coordinates":[113.89221,22.46201]}},{"type":"Feature","id":2724,"properties":{"name":"El Meks","code":"","country":"Egypt","country_code":"EGY","port_type":"Sea"},"geometry":{"type":"Point","coordinates":[29.84303,31.15318]}},{"type":"Feature","id":2725,"properties":{"name":"Jurong","code":"SGJUR","country":"Singapore","country_code":"SGP","port_type":"Sea"},"geometry":{"type":"Point","coordinates":[103.71967,1.30635]}},{"type":"Feature","id":2726,"properties":{"name":"Hosojima","code":"JPHSM","country":"Japan","country_code":"JPN","port_type":"Sea"},"geometry":{"type":"Point","coordinates":[131.66477,32.43752]}},{"type":"Feature","id":2727,"properties":{"name":"Bandirmar","code":"TRBDM","country":"Turkey","country_code":"TUR","port_type":"Sea"},"geometry":{"type":"Point","coordinates":[27.96166,40.35069]}},{"type":"Feature","id":2728,"properties":{"name":"Ras Al Khafji","code":"SARAR","country":"Saudi Arabia","country_code":"SAU","port_type":"Sea"},"geometry":{"type":"Point","coordinates":[48.52214,28.41757]}},{"type":"Feature","id":2729,"properties":{"name":"Pakan Baru","code":"IDPAK","country":"Indonesia","country_code":"IDN","port_type":"River"},"geometry":{"type":"Point","coordinates":[101.46473,0.54778]}},{"type":"Feature","id":2730,"properties":{"name":"San Juan De La Costa","code":"MXSJC","country":"Mexico","country_code":"MEX","port_type":"Sea"},"geometry":{"type":"Point","coordinates":[-110.68389,24.39464]}},{"type":"Feature","id":2731,"properties":{"name":"Ras Lanuf","code":"LYRLA","country":"","country_code":"LBY","port_type":"Sea"},"geometry":{"type":"Point","coordinates":[18.58389,30.48744]}},{"type":"Feature","id":2732,"properties":{"name":"Sungai Pakning","code":"IDSEQ","country":"Indonesia","country_code":"IDN","port_type":"Sea"},"geometry":{"type":"Point","coordinates":[102.15743,1.34437]}},{"type":"Feature","id":2733,"properties":{"name":"Pandjang","code":"IDSPA","country":"Indonesia","country_code":"IDN","port_type":"Sea"},"geometry":{"type":"Point","coordinates":[105.31803,-5.47214]}},{"type":"Feature","id":2734,"properties":{"name":"Habana","code":"CUHAV","country":"","country_code":"CUB","port_type":"Sea"},"geometry":{"type":"Point","coordinates":[-82.34789,23.13669]}},{"type":"Feature","id":2735,"properties":{"name":"Santiago De Cuba","code":"CUSCU","country":"","country_code":"CUB","port_type":"Sea"},"geometry":{"type":"Point","coordinates":[-75.83812,20.02726]}},{"type":"Feature","id":2736,"properties":{"name":"San Juan Del Sur","code":"NISJS","country":"Nicaragua","country_code":"NIC","port_type":"Sea"},"geometry":{"type":"Point","coordinates":[-85.87536,11.25055]}},{"type":"Feature","id":2737,"properties":{"name":"Wadi Halfa","code":"","country":"Sudan","country_code":"SDN","port_type":"River"},"geometry":{"type":"Point","coordinates":[31.32063,21.80808]}},{"type":"Feature","id":2738,"properties":{"name":"Anecho","code":"TGANE","country":"Togo","country_code":"TGO","port_type":"Sea"},"geometry":{"type":"Point","coordinates":[1.59851,6.22784]}},{"type":"Feature","id":2739,"properties":{"name":"Assinie","code":"CIASS","country":"Côte d'Ivoire","country_code":"CIV","port_type":"Sea"},"geometry":{"type":"Point","coordinates":[-3.28588,5.13208]}},{"type":"Feature","id":2740,"properties":{"name":"Middlesborough","code":"GBMID","country":"U.K. of Great Britain and Northern Ireland","country_code":"GBR","port_type":"Sea"},"geometry":{"type":"Point","coordinates":[-1.22143,54.58161]}},{"type":"Feature","id":2741,"properties":{"name":"Soderkoping","code":"SESOG","country":"Sweden","country_code":"SWE","port_type":"Sea"},"geometry":{"type":"Point","coordinates":[16.32534,58.48212]}},{"type":"Feature","id":2742,"properties":{"name":"Stromstad","code":"SESMD","country":"Sweden","country_code":"SWE","port_type":"Sea"},"geometry":{"type":"Point","coordinates":[11.17097,58.93604]}},{"type":"Feature","id":2743,"properties":{"name":"Loppa","code":"NOLOP","country":"Faroe Islands","country_code":"FRO","port_type":"Sea"},"geometry":{"type":"Point","coordinates":[-6.77018,61.4443]}},{"type":"Feature","id":2744,"properties":{"name":"Gizan","code":"SAGIZ","country":"Saudi Arabia","country_code":"SAU","port_type":"Sea"},"geometry":{"type":"Point","coordinates":[42.53643,16.89063]}},{"type":"Feature","id":2745,"properties":{"name":"Anse-D'Hainault","code":"","country":"Haiti","country_code":"HTI","port_type":"Unknown"},"geometry":{"type":"Point","coordinates":[-74.45435,18.48804]}},{"type":"Feature","id":2746,"properties":{"name":"Ukatura","code":"","country":"Democratic Republic of the Congo","country_code":"COD","port_type":"River"},"geometry":{"type":"Point","coordinates":[20.40457,1.94075]}},{"type":"Feature","id":2747,"properties":{"name":"Bandar Khomeini","code":"IRBKM","country":"Iran  (Islamic Republic of)","country_code":"IRN","port_type":"Sea"},"geometry":{"type":"Point","coordinates":[49.08256,30.42907]}},{"type":"Feature","id":2748,"properties":{"name":"Gros Cacouna","code":"CAGCA","country":"Canada","country_code":"CAN","port_type":"Sea"},"geometry":{"type":"Point","coordinates":[-69.50939,47.93431]}},{"type":"Feature","id":2749,"properties":{"name":"Malemba-N'Kulu","code":"","country":"Democratic Republic of the Congo","country_code":"COD","port_type":"River"},"geometry":{"type":"Point","coordinates":[26.79764,-8.05173]}},{"type":"Feature","id":2750,"properties":{"name":"Alcacer","code":"ESAQE","country":"Spain","country_code":"ESP","port_type":"Sea"},"geometry":{"type":"Point","coordinates":[0.5273,40.55474]}},{"type":"Feature","id":2751,"properties":{"name":"Sriracha","code":"","country":"Thailand","country_code":"THA","port_type":"Sea"},"geometry":{"type":"Point","coordinates":[100.92633,13.17344]}},{"type":"Feature","id":2752,"properties":{"name":"Asalouyeh","code":"","country":"","country_code":"IRN","port_type":"Sea"},"geometry":{"type":"Point","coordinates":[52.58397,27.49226]}},{"type":"Feature","id":2753,"properties":{"name":"Mulifana","code":"","country":"Samoa","country_code":"WSM","port_type":"Sea"},"geometry":{"type":"Point","coordinates":[-172.02429,-13.83328]}},{"type":"Feature","id":2754,"properties":{"name":"Nowshahr","code":"","country":"Iran  (Islamic Republic of)","country_code":"IRN","port_type":"Sea"},"geometry":{"type":"Point","coordinates":[51.51077,36.65375]}},{"type":"Feature","id":2755,"properties":{"name":"Antsohily","code":"","country":"Madagascar","country_code":"MDG","port_type":"River"},"geometry":{"type":"Point","coordinates":[47.97786,-14.87937]}},{"type":"Feature","id":2756,"properties":{"name":"Baie Comeau","code":"CABCO","country":"Canada","country_code":"CAN","port_type":"Sea"},"geometry":{"type":"Point","coordinates":[-68.13907,49.23332]}},{"type":"Feature","id":2757,"properties":{"name":"Monument","code":"USMEB","country":"United States of America","country_code":"USA","port_type":"Sea"},"geometry":{"type":"Point","coordinates":[-70.61766,41.74424]}},{"type":"Feature","id":2758,"properties":{"name":"St Johns","code":"CASJF","country":"Canada","country_code":"CAN","port_type":"Sea"},"geometry":{"type":"Point","coordinates":[-52.70959,47.55844]}},{"type":"Feature","id":2759,"properties":{"name":"Komatsujima","code":"JPKOM","country":"Japan","country_code":"JPN","port_type":"Sea"},"geometry":{"type":"Point","coordinates":[134.59755,34.00276]}},{"type":"Feature","id":2760,"properties":{"name":"Ras Al Khaimah","code":"AERKT","country":"","country_code":"ARE","port_type":"Sea"},"geometry":{"type":"Point","coordinates":[55.94914,25.80476]}},{"type":"Feature","id":2761,"properties":{"name":"Nagapattinam","code":"INNPT","country":"India","country_code":"IND","port_type":"Sea"},"geometry":{"type":"Point","coordinates":[79.84927,10.75812]}},{"type":"Feature","id":2762,"properties":{"name":"Al Khobar","code":"SAALK","country":"Saudi Arabia","country_code":"SAU","port_type":"Sea"},"geometry":{"type":"Point","coordinates":[50.21511,26.2427]}},{"type":"Feature","id":2763,"properties":{"name":"Izumisano","code":"JPIZS","country":"Japan","country_code":"JPN","port_type":"Sea"},"geometry":{"type":"Point","coordinates":[135.32519,34.42227]}},{"type":"Feature","id":2764,"properties":{"name":"Buyukcekmece","code":"TRBCE","country":"","country_code":"TUR","port_type":"Sea"},"geometry":{"type":"Point","coordinates":[28.5811,41.01859]}},{"type":"Feature","id":2765,"properties":{"name":"Batumi","code":"GEBUS","country":"Georgia","country_code":"GEO","port_type":"Sea"},"geometry":{"type":"Point","coordinates":[41.65796,41.64976]}},{"type":"Feature","id":2766,"properties":{"name":"Poti","code":"GEPTI","country":"Georgia","country_code":"GEO","port_type":"Sea"},"geometry":{"type":"Point","coordinates":[41.65514,42.15249]}},{"type":"Feature","id":2767,"properties":{"name":"Botany Bay","code":"AUBTB","country":"Australia","country_code":"AUS","port_type":"Sea"},"geometry":{"type":"Point","coordinates":[151.20737,-33.96797]}},{"type":"Feature","id":2768,"properties":{"name":"Barquito","code":"CLBAR","country":"Chile","country_code":"CHL","port_type":"Sea"},"geometry":{"type":"Point","coordinates":[-70.64651,-26.3578]}},{"type":"Feature","id":2769,"properties":{"name":"Coondapur","code":"INCOO","country":"India","country_code":"IND","port_type":"Sea"},"geometry":{"type":"Point","coordinates":[74.68558,13.63633]}},{"type":"Feature","id":2770,"properties":{"name":"Nagasaki","code":"JPNGS","country":"Japan","country_code":"JPN","port_type":"Sea"},"geometry":{"type":"Point","coordinates":[129.87097,32.74824]}},{"type":"Feature","id":2771,"properties":{"name":"Kem","code":"RUKEM","country":"Russian Federation","country_code":"RUS","port_type":"Sea"},"geometry":{"type":"Point","coordinates":[34.61483,64.95335]}},{"type":"Feature","id":2772,"properties":{"name":"Rio De Janeiro","code":"BRRIO","country":"Brazil","country_code":"BRA","port_type":"Sea"},"geometry":{"type":"Point","coordinates":[-43.17308,-22.90285]}},{"type":"Feature","id":2773,"properties":{"name":"St Georges","code":"BMSGE","country":"","country_code":"BMU","port_type":"Sea"},"geometry":{"type":"Point","coordinates":[-64.67928,32.37978]}},{"type":"Feature","id":2774,"properties":{"name":"Tore","code":"SETOE","country":"Sweden","country_code":"SWE","port_type":"Sea"},"geometry":{"type":"Point","coordinates":[22.6536,65.9083]}},{"type":"Feature","id":2775,"properties":{"name":"Morro Redondo","code":"MXMRE","country":"Mexico","country_code":"MEX","port_type":"Sea"},"geometry":{"type":"Point","coordinates":[-115.18568,28.04509]}},{"type":"Feature","id":2776,"properties":{"name":"Santa Cruz Del Sur","code":"CUSCS","country":"","country_code":"CUB","port_type":"Sea"},"geometry":{"type":"Point","coordinates":[-77.98208,20.70362]}},{"type":"Feature","id":2777,"properties":{"name":"Clarencia","code":"CLCLR","country":"Chile","country_code":"CHL","port_type":"Sea"},"geometry":{"type":"Point","coordinates":[-70.14211,-52.895]}},{"type":"Feature","id":2778,"properties":{"name":"Bahia De Las Minas","code":"PAPBM","country":"Panama","country_code":"PAN","port_type":"Sea"},"geometry":{"type":"Point","coordinates":[-79.83751,9.38288]}},{"type":"Feature","id":2779,"properties":{"name":"Adabiya","code":"EGADA","country":"","country_code":"EGY","port_type":"Sea"},"geometry":{"type":"Point","coordinates":[32.47197,29.87933]}},{"type":"Feature","id":2780,"properties":{"name":"Gocek","code":"TRGCK","country":"","country_code":"TUR","port_type":"Sea"},"geometry":{"type":"Point","coordinates":[28.93988,36.75495]}},{"type":"Feature","id":2781,"properties":{"name":"Port Novo","code":"BJPTN","country":"Benin","country_code":"BEN","port_type":"Sea"},"geometry":{"type":"Point","coordinates":[2.60029,6.47123]}},{"type":"Feature","id":2782,"properties":{"name":"Thingeyri","code":"ISTEY","country":"","country_code":"ISL","port_type":"Sea"},"geometry":{"type":"Point","coordinates":[-23.48768,65.87626]}},{"type":"Feature","id":2783,"properties":{"name":"Aarhus","code":"","country":"Denmark","country_code":"DNK","port_type":"Unknown"},"geometry":{"type":"Point","coordinates":[10.21667,56.15]}},{"type":"Feature","id":2784,"properties":{"name":"Tubigon","code":"","country":"Philippines","country_code":"PHL","port_type":"Sea"},"geometry":{"type":"Point","coordinates":[123.96156,9.95219]}},{"type":"Feature","id":2785,"properties":{"name":"Goteborg","code":"SEGOT","country":"Sweden","country_code":"SWE","port_type":"Sea"},"geometry":{"type":"Point","coordinates":[11.96016,57.71779]}},{"type":"Feature","id":2786,"properties":{"name":"Dokese","code":"","country":"Democratic Republic of the Congo","country_code":"COD","port_type":"River"},"geometry":{"type":"Point","coordinates":[18.49548,-1.58523]}},{"type":"Feature","id":2787,"properties":{"name":"Patreksfjordur - Hofn","code":"ISPAT","country":"Iceland","country_code":"ISL","port_type":"Sea"},"geometry":{"type":"Point","coordinates":[-24.0032,65.59795]}},{"type":"Feature","id":2788,"properties":{"name":"Niafunke","code":"","country":"Mali","country_code":"MLI","port_type":"River"},"geometry":{"type":"Point","coordinates":[-3.98219,15.93095]}},{"type":"Feature","id":2789,"properties":{"name":"Grand Lahou","code":"CIGLU","country":"Côte d'Ivoire","country_code":"CIV","port_type":"Sea"},"geometry":{"type":"Point","coordinates":[-4.98868,5.14801]}},{"type":"Feature","id":2790,"properties":{"name":"Watsi-Kengo","code":"","country":"Democratic Republic of the Congo","country_code":"COD","port_type":"River"},"geometry":{"type":"Point","coordinates":[20.62116,-0.91042]}},{"type":"Feature","id":2791,"properties":{"name":"Farosund","code":"SEFSD","country":"Sweden","country_code":"SWE","port_type":"Sea"},"geometry":{"type":"Point","coordinates":[19.05826,57.86569]}},{"type":"Feature","id":2792,"properties":{"name":"Bantry Bay","code":"IEBYT","country":"Ireland","country_code":"IRL","port_type":"Sea"},"geometry":{"type":"Point","coordinates":[-9.45962,51.6801]}},{"type":"Feature","id":2793,"properties":{"name":"Leksvik","code":"NOLKV","country":"Norway","country_code":"NOR","port_type":"Sea"},"geometry":{"type":"Point","coordinates":[10.6174,63.66827]}},{"type":"Feature","id":2794,"properties":{"name":"Sandvik","code":"SESAK","country":"Sweden","country_code":"SWE","port_type":"Sea"},"geometry":{"type":"Point","coordinates":[23.75068,65.73525]}},{"type":"Feature","id":2795,"properties":{"name":"Viana Do Castelo","code":"PTVDC","country":"Portugal","country_code":"PRT","port_type":"Sea"},"geometry":{"type":"Point","coordinates":[-8.83988,41.69015]}},{"type":"Feature","id":2796,"properties":{"name":"Imabari","code":"JPIMB","country":"Japan","country_code":"JPN","port_type":"Sea"},"geometry":{"type":"Point","coordinates":[133.00513,34.06962]}},{"type":"Feature","id":2797,"properties":{"name":"Lord Howe Is","code":"AULDH","country":"Australia","country_code":"AUS","port_type":"Sea"},"geometry":{"type":"Point","coordinates":[159.05859,-31.52319]}},{"type":"Feature","id":2798,"properties":{"name":"Sao Francisco Do Sul","code":"BRSFS","country":"Brazil","country_code":"BRA","port_type":"Sea"},"geometry":{"type":"Point","coordinates":[-48.6342,-26.23837]}},{"type":"Feature","id":2799,"properties":{"name":"Karikal","code":"INKRK","country":"India","country_code":"IND","port_type":"Sea"},"geometry":{"type":"Point","coordinates":[79.84619,10.9112]}},{"type":"Feature","id":2800,"properties":{"name":"Bacolod","code":"PHBCD","country":"Philippines","country_code":"PHL","port_type":"Sea"},"geometry":{"type":"Point","coordinates":[122.94762,10.67303]}},{"type":"Feature","id":2801,"properties":{"name":"Kochi","code":"JPKCZ","country":"Japan","country_code":"JPN","port_type":"Sea"},"geometry":{"type":"Point","coordinates":[133.56013,33.54142]}},{"type":"Feature","id":2802,"properties":{"name":"Nampo","code":"KPNAM","country":"Dem People's Rep of Korea","country_code":"PRK","port_type":"Sea"},"geometry":{"type":"Point","coordinates":[125.40772,38.72631]}},{"type":"Feature","id":2803,"properties":{"name":"Bakirkoy","code":"TRBAK","country":"","country_code":"TUR","port_type":"Sea"},"geometry":{"type":"Point","coordinates":[28.8229,40.95846]}},{"type":"Feature","id":2804,"properties":{"name":"Stromma","code":"FISTR","country":"Finland","country_code":"FIN","port_type":"Sea"},"geometry":{"type":"Point","coordinates":[24.953,60.16644]}},{"type":"Feature","id":2805,"properties":{"name":"Cambay","code":"INCAM","country":"India","country_code":"IND","port_type":"Sea"},"geometry":{"type":"Point","coordinates":[72.60984,22.28804]}},{"type":"Feature","id":2806,"properties":{"name":"Yura","code":"JPYUR","country":"Japan","country_code":"JPN","port_type":"Sea"},"geometry":{"type":"Point","coordinates":[135.11259,33.96057]}},{"type":"Feature","id":2807,"properties":{"name":"Hamamatsu","code":"JPHMM","country":"Japan","country_code":"JPN","port_type":"Sea"},"geometry":{"type":"Point","coordinates":[137.60765,34.68745]}},{"type":"Feature","id":2808,"properties":{"name":"Lianyungang","code":"CNLYG","country":"China","country_code":"CHN","port_type":"Sea"},"geometry":{"type":"Point","coordinates":[119.45296,34.73368]}},{"type":"Feature","id":2809,"properties":{"name":"Rizhao","code":"CNRZH","country":"China","country_code":"CHN","port_type":"Sea"},"geometry":{"type":"Point","coordinates":[119.51898,35.36796]}},{"type":"Feature","id":2810,"properties":{"name":"Paradip","code":"INPRT","country":"India","country_code":"IND","port_type":"Sea"},"geometry":{"type":"Point","coordinates":[86.68101,20.27604]}},{"type":"Feature","id":2811,"properties":{"name":"Jubail","code":"SAJUB","country":"Saudi Arabia","country_code":"SAU","port_type":"Sea"},"geometry":{"type":"Point","coordinates":[49.65121,27.01966]}},{"type":"Feature","id":2812,"properties":{"name":"Zuara","code":"LYZUA","country":"Libya","country_code":"LBY","port_type":"Sea"},"geometry":{"type":"Point","coordinates":[12.11996,32.91996]}},{"type":"Feature","id":2813,"properties":{"name":"Zawia Terminal","code":"LYZAW","country":"Libya","country_code":"LBY","port_type":"Unknown"},"geometry":{"type":"Point","coordinates":[12.67659,32.7914]}},{"type":"Feature","id":2814,"properties":{"name":"Misurata","code":"LYMRA","country":"Libya","country_code":"LBY","port_type":"Sea"},"geometry":{"type":"Point","coordinates":[15.2194,32.36626]}},{"type":"Feature","id":2815,"properties":{"name":"Sirte","code":"LYSRT","country":"Libya","country_code":"LBY","port_type":"Sea"},"geometry":{"type":"Point","coordinates":[16.62851,31.21283]}},{"type":"Feature","id":2816,"properties":{"name":"Marsa El Brega","code":"LYLMQ","country":"","country_code":"LBY","port_type":"Sea"},"geometry":{"type":"Point","coordinates":[19.58225,30.41715]}},{"type":"Feature","id":2817,"properties":{"name":"Zueitina","code":"LYZUE","country":"","country_code":"LBY","port_type":"Sea"},"geometry":{"type":"Point","coordinates":[20.07456,30.89874]}},{"type":"Feature","id":2818,"properties":{"name":"Ras El Hilal","code":"","country":"Libya","country_code":"LBY","port_type":"Sea"},"geometry":{"type":"Point","coordinates":[22.17129,32.9127]}},{"type":"Feature","id":2819,"properties":{"name":"N'Ta","code":"","country":"Democratic Republic of the Congo","country_code":"COD","port_type":"River"},"geometry":{"type":"Point","coordinates":[17.94707,-3.96779]}},{"type":"Feature","id":2820,"properties":{"name":"Tan Tan","code":"","country":"","country_code":"MAR","port_type":"Sea"},"geometry":{"type":"Point","coordinates":[-11.34195,28.47757]}},{"type":"Feature","id":2821,"properties":{"name":"Latchi","code":"CYLAT","country":"","country_code":"CYP","port_type":"Sea"},"geometry":{"type":"Point","coordinates":[32.39504,35.04046]}},{"type":"Feature","id":2822,"properties":{"name":"Telok Anson","code":"MYTAN","country":"Malaysia","country_code":"MYS","port_type":"River"},"geometry":{"type":"Point","coordinates":[101.01926,4.02217]}},{"type":"Feature","id":2823,"properties":{"name":"Ambarli","code":"TRAMB","country":"","country_code":"TUR","port_type":"Sea"},"geometry":{"type":"Point","coordinates":[28.6957,40.97633]}},{"type":"Feature","id":2824,"properties":{"name":"Bachaquero / Maracaibo L","code":"VEBAV","country":"Venezuela","country_code":"VEN","port_type":"Sea"},"geometry":{"type":"Point","coordinates":[-71.14452,9.94428]}},{"type":"Feature","id":2825,"properties":{"name":"San Jose","code":"CRSJO","country":"Guatemala","country_code":"GTM","port_type":"Sea"},"geometry":{"type":"Point","coordinates":[-90.80867,13.9186]}},{"type":"Feature","id":2826,"properties":{"name":"Guanica Harbour","code":"PRGUX","country":"","country_code":"PRI","port_type":"Sea"},"geometry":{"type":"Point","coordinates":[-66.87925,17.95303]}},{"type":"Feature","id":2827,"properties":{"name":"Port Saint Louis","code":"MGPSL","country":"Madagascar","country_code":"MDG","port_type":"River"},"geometry":{"type":"Point","coordinates":[48.84324,-13.09162]}},{"type":"Feature","id":2828,"properties":{"name":"Subic Bay","code":"PHSFS","country":"Philippines","country_code":"PHL","port_type":"Sea"},"geometry":{"type":"Point","coordinates":[120.29334,14.8231]}},{"type":"Feature","id":2829,"properties":{"name":"Thorold","code":"CATHD","country":"Canada","country_code":"CAN","port_type":"Lake"},"geometry":{"type":"Point","coordinates":[-79.19679,43.11111]}},{"type":"Feature","id":2830,"properties":{"name":"Sept Iles (Seven Is.)","code":"CASEI","country":"Canada","country_code":"CAN","port_type":"Sea"},"geometry":{"type":"Point","coordinates":[-66.38054,50.19888]}},{"type":"Feature","id":2831,"properties":{"name":"Milner Bay","code":"AUMIB","country":"Australia","country_code":"AUS","port_type":"Sea"},"geometry":{"type":"Point","coordinates":[136.41939,-13.85825]}},{"type":"Feature","id":2832,"properties":{"name":"Algonac","code":"USALG","country":"United States of America","country_code":"USA","port_type":"Lake"},"geometry":{"type":"Point","coordinates":[-82.54444,42.61264]}},{"type":"Feature","id":2833,"properties":{"name":"Vestvagoy","code":"NOVVY","country":"Norway","country_code":"NOR","port_type":"Sea"},"geometry":{"type":"Point","coordinates":[13.84514,68.12618]}},{"type":"Feature","id":2834,"properties":{"name":"Point Of Ayre","code":"GBPTA","country":"Isle of Man","country_code":"IMN","port_type":"Sea"},"geometry":{"type":"Point","coordinates":[-4.36748,54.41721]}},{"type":"Feature","id":2835,"properties":{"name":"Unnamed port","code":"","country":"Iceland","country_code":"ISL","port_type":"Unknown"},"geometry":{"type":"Point","coordinates":[-18.75641,65.83568]}},{"type":"Feature","id":2836,"properties":{"name":"Niteroi","code":"BRNTR","country":"","country_code":"BRA","port_type":"Sea"},"geometry":{"type":"Point","coordinates":[-43.12426,-22.89378]}},{"type":"Feature","id":2837,"properties":{"name":"Zeit Bay","code":"EGZEI","country":"","country_code":"EGY","port_type":"Sea"},"geometry":{"type":"Point","coordinates":[33.56643,27.80363]}},{"type":"Feature","id":2838,"properties":{"name":"Kokura","code":"JPKOK","country":"Japan","country_code":"JPN","port_type":"Sea"},"geometry":{"type":"Point","coordinates":[130.8758,33.91063]}},{"type":"Feature","id":2839,"properties":{"name":"Naoshima","code":"JPNAS","country":"Japan","country_code":"JPN","port_type":"Sea"},"geometry":{"type":"Point","coordinates":[133.99659,34.46091]}},{"type":"Feature","id":2840,"properties":{"name":"Noere","code":"","country":"Mozambique","country_code":"MOZ","port_type":"Unknown"},"geometry":{"type":"Point","coordinates":[35.34847,-17.69157]}},{"type":"Feature","id":2841,"properties":{"name":"Ducos","code":"NCDUS","country":"New Caledonia","country_code":"NCL","port_type":"Sea"},"geometry":{"type":"Point","coordinates":[166.44624,-22.30171]}},{"type":"Feature","id":2842,"properties":{"name":"El Real","code":"PAELE","country":"Panama","country_code":"PAN","port_type":"Sea"},"geometry":{"type":"Point","coordinates":[-77.72794,8.11572]}},{"type":"Feature","id":2843,"properties":{"name":"Pio V. Corpuz","code":"","country":"Philippines","country_code":"PHL","port_type":"Sea"},"geometry":{"type":"Point","coordinates":[124.05125,11.88241]}},{"type":"Feature","id":2844,"properties":{"name":"Chongjin","code":"KPCHO","country":"Dem People's Rep of Korea","country_code":"PRK","port_type":"Sea"},"geometry":{"type":"Point","coordinates":[129.76291,41.76436]}},{"type":"Feature","id":2845,"properties":{"name":"Keret","code":"RUKER","country":"Russian Federation","country_code":"RUS","port_type":"Sea"},"geometry":{"type":"Point","coordinates":[33.56539,66.27806]}},{"type":"Feature","id":2846,"properties":{"name":"Yanbo","code":"SAYNB","country":"Saudi Arabia","country_code":"SAU","port_type":"Sea"},"geometry":{"type":"Point","coordinates":[38.07657,24.07416]}},{"type":"Feature","id":2847,"properties":{"name":"Palua","code":"VEPLA","country":"Venezuela","country_code":"VEN","port_type":"River"},"geometry":{"type":"Point","coordinates":[-62.69224,8.35969]}},{"type":"Feature","id":2848,"properties":{"name":"Hovic","code":"VIHOC","country":"","country_code":"VIR","port_type":"Sea"},"geometry":{"type":"Point","coordinates":[-64.74163,17.69878]}},{"type":"Feature","id":2849,"properties":{"name":"Da Nang","code":"VNDAD","country":"Viet Nam","country_code":"VNM","port_type":"Sea"},"geometry":{"type":"Point","coordinates":[108.21733,16.1204]}},{"type":"Feature","id":2850,"properties":{"name":"Kralendijk","code":"ANKRA","country":"Netherlands Antilles","country_code":"ANT","port_type":"Sea"},"geometry":{"type":"Point","coordinates":[-68.27788,12.15338]}},{"type":"Feature","id":2851,"properties":{"name":"Rasta","code":"SERST","country":"Sweden","country_code":"SWE","port_type":"Sea"},"geometry":{"type":"Point","coordinates":[17.61398,59.3163]}},{"type":"Feature","id":2852,"properties":{"name":"Kobe","code":"JPUKB","country":"Japan","country_code":"JPN","port_type":"Sea"},"geometry":{"type":"Point","coordinates":[135.2092,34.68803]}},{"type":"Feature","id":2853,"properties":{"name":"Rijeka Bakar","code":"HRRJK","country":"Croatia","country_code":"HRV","port_type":"Sea"},"geometry":{"type":"Point","coordinates":[14.4321,45.32831]}},{"type":"Feature","id":2854,"properties":{"name":"Port Dinorwic","code":"GBPDI","country":"U.K. of Great Britain and Northern Ireland","country_code":"GBR","port_type":"Sea"},"geometry":{"type":"Point","coordinates":[-4.21087,53.18493]}},{"type":"Feature","id":2855,"properties":{"name":"Bushehr","code":"IRBUZ","country":"","country_code":"IRN","port_type":"Sea"},"geometry":{"type":"Point","coordinates":[50.83353,28.99411]}},{"type":"Feature","id":2856,"properties":{"name":"Eagle River","code":"USERQ","country":"United States of America","country_code":"USA","port_type":"Lake"},"geometry":{"type":"Point","coordinates":[-89.25773,45.91687]}},{"type":"Feature","id":2857,"properties":{"name":"Guantanamo Bay","code":"CUGUB","country":"Cuba","country_code":"CUB","port_type":"Sea"},"geometry":{"type":"Point","coordinates":[-75.15044,19.99104]}},{"type":"Feature","id":2858,"properties":{"name":"Paramonga","code":"PEPAM","country":"Peru","country_code":"PER","port_type":"Sea"},"geometry":{"type":"Point","coordinates":[-77.82784,-10.68268]}},{"type":"Feature","id":2859,"properties":{"name":"La Have","code":"CALHA","country":"Canada","country_code":"CAN","port_type":"Sea"},"geometry":{"type":"Point","coordinates":[-64.3553,44.29054]}},{"type":"Feature","id":2860,"properties":{"name":"Kemaman","code":"MYKEM","country":"Malaysia","country_code":"MYS","port_type":"Sea"},"geometry":{"type":"Point","coordinates":[103.4594,4.25376]}},{"type":"Feature","id":2861,"properties":{"name":"New Mangalore","code":"INNML","country":"India","country_code":"IND","port_type":"Sea"},"geometry":{"type":"Point","coordinates":[74.81538,12.91886]}},{"type":"Feature","id":2862,"properties":{"name":"Kunak","code":"MYKUN","country":"Malaysia","country_code":"MYS","port_type":"Sea"},"geometry":{"type":"Point","coordinates":[118.25122,4.68569]}},{"type":"Feature","id":2863,"properties":{"name":"Bajo Grande / Maracaibo L","code":"VEBJV","country":"Venezuela","country_code":"VEN","port_type":"Sea"},"geometry":{"type":"Point","coordinates":[-71.63458,10.48908]}},{"type":"Feature","id":2864,"properties":{"name":"Doha","code":"","country":"Kuwait","country_code":"KWT","port_type":"Sea"},"geometry":{"type":"Point","coordinates":[47.78506,29.36863]}},{"type":"Feature","id":2865,"properties":{"name":"Carleton","code":"CACLT","country":"Canada","country_code":"CAN","port_type":"Sea"},"geometry":{"type":"Point","coordinates":[-66.12851,48.10132]}},{"type":"Feature","id":2866,"properties":{"name":"Norwich","code":"USNOC","country":"United States of America","country_code":"USA","port_type":"Sea"},"geometry":{"type":"Point","coordinates":[-72.08036,41.52305]}},{"type":"Feature","id":2867,"properties":{"name":"Silvertown","code":"GBSVT","country":"U.K. of Great Britain and Northern Ireland","country_code":"GBR","port_type":"Sea"},"geometry":{"type":"Point","coordinates":[0.03669,51.49979]}},{"type":"Feature","id":2868,"properties":{"name":"Blenheim","code":"NZBHE","country":"New Zealand","country_code":"NZL","port_type":"Sea"},"geometry":{"type":"Point","coordinates":[173.96612,-41.45265]}},{"type":"Feature","id":2869,"properties":{"name":"Kumlinge","code":"FIKUM","country":"Finland","country_code":"FIN","port_type":"Sea"},"geometry":{"type":"Point","coordinates":[20.79141,60.28746]}},{"type":"Feature","id":2870,"properties":{"name":"Leticia","code":"COLET","country":"Colombia","country_code":"COL","port_type":"River"},"geometry":{"type":"Point","coordinates":[-69.94529,-4.21622]}},{"type":"Feature","id":2871,"properties":{"name":"Tanjong Salirong","code":"BNTAS","country":"Brunei Darussalam","country_code":"BRN","port_type":"Sea"},"geometry":{"type":"Point","coordinates":[114.98922,4.90119]}},{"type":"Feature","id":2872,"properties":{"name":"Porto Grande","code":"CVPGR","country":"Cape Verde","country_code":"CPV","port_type":"Sea"},"geometry":{"type":"Point","coordinates":[-24.99722,16.89089]}},{"type":"Feature","id":2873,"properties":{"name":"Vassiliko","code":"CYVAS","country":"","country_code":"CYP","port_type":"Sea"},"geometry":{"type":"Point","coordinates":[33.31394,34.71907]}},{"type":"Feature","id":2874,"properties":{"name":"Dhekelia","code":"CYDHK","country":"Cyprus","country_code":"CYP","port_type":"Sea"},"geometry":{"type":"Point","coordinates":[33.73019,34.98006]}},{"type":"Feature","id":2875,"properties":{"name":"Hurghada","code":"EGHRG","country":"Egypt","country_code":"EGY","port_type":"Sea"},"geometry":{"type":"Point","coordinates":[33.84479,27.231]}},{"type":"Feature","id":2876,"properties":{"name":"Unnamed port","code":"","country":"Haiti","country_code":"HTI","port_type":"Unknown"},"geometry":{"type":"Point","coordinates":[-73.13152,18.47391]}},{"type":"Feature","id":2877,"properties":{"name":"Ras Bahrgan","code":"IRRBA","country":"Iran  (Islamic Republic of)","country_code":"IRN","port_type":"Sea"},"geometry":{"type":"Point","coordinates":[50.26099,29.83039]}},{"type":"Feature","id":2878,"properties":{"name":"Khor Al Zubair","code":"IQKAZ","country":"Iraq","country_code":"IRQ","port_type":"River"},"geometry":{"type":"Point","coordinates":[47.87924,30.19954]}},{"type":"Feature","id":2879,"properties":{"name":"Amamioshima","code":"JPASJ","country":"Japan","country_code":"JPN","port_type":"Sea"},"geometry":{"type":"Point","coordinates":[130.5643,31.5865]}},{"type":"Feature","id":2880,"properties":{"name":"Tokachi","code":"JPTOK","country":"Japan","country_code":"JPN","port_type":"Sea"},"geometry":{"type":"Point","coordinates":[143.31985,42.22401]}},{"type":"Feature","id":2881,"properties":{"name":"Kompongsom","code":"KHKOS","country":"Cambodia","country_code":"KHM","port_type":"Sea"},"geometry":{"type":"Point","coordinates":[103.52134,10.60654]}},{"type":"Feature","id":2882,"properties":{"name":"Cayo Arcas Terminal","code":"MXCAT","country":"","country_code":"MEX","port_type":"Sea"},"geometry":{"type":"Point","coordinates":[-92.0,20.18333]}},{"type":"Feature","id":2883,"properties":{"name":"Penang","code":"MYPEN","country":"Malaysia","country_code":"MYS","port_type":"Sea"},"geometry":{"type":"Point","coordinates":[100.38934,5.36473]}},{"type":"Feature","id":2884,"properties":{"name":"Nauru Island","code":"NRINU","country":"Nauru","country_code":"NRU","port_type":"Sea"},"geometry":{"type":"Point","coordinates":[166.91064,-0.52856]}},{"type":"Feature","id":2885,"properties":{"name":"Buka","code":"PGBUA","country":"","country_code":"PNG","port_type":"Unknown"},"geometry":{"type":"Point","coordinates":[154.67005,-5.43229]}},{"type":"Feature","id":2886,"properties":{"name":"Bumpyo","code":"KPREM","country":"Dem People's Rep of Korea","country_code":"PRK","port_type":"Sea"},"geometry":{"type":"Point","coordinates":[127.53027,39.76193]}},{"type":"Feature","id":2887,"properties":{"name":"Toyama","code":"JPTOY","country":"Japan","country_code":"JPN","port_type":"Sea"},"geometry":{"type":"Point","coordinates":[137.22281,36.75565]}},{"type":"Feature","id":2888,"properties":{"name":"Parainen","code":"FIPAR","country":"Finland","country_code":"FIN","port_type":"Sea"},"geometry":{"type":"Point","coordinates":[22.3017,60.29706]}},{"type":"Feature","id":2889,"properties":{"name":"Kosseir","code":"EGKOS","country":"Egypt","country_code":"EGY","port_type":"Sea"},"geometry":{"type":"Point","coordinates":[34.28562,26.10384]}},{"type":"Feature","id":2890,"properties":{"name":"Hunting","code":"USHNT","country":"United States of America","country_code":"USA","port_type":"Sea"},"geometry":{"type":"Point","coordinates":[-117.9583,33.634]}},{"type":"Feature","id":2891,"properties":{"name":"Loch Ewe","code":"GBLHE","country":"U.K. of Great Britain and Northern Ireland","country_code":"GBR","port_type":"Sea"},"geometry":{"type":"Point","coordinates":[-5.59924,57.84132]}},{"type":"Feature","id":2892,"properties":{"name":"Port Of Turkmenbashi","code":"","country":"Turkmenistan","country_code":"TKM","port_type":"Sea"},"geometry":{"type":"Point","coordinates":[53.01679,40.00551]}},{"type":"Feature","id":2893,"properties":{"name":"Dunda","code":"","country":"Democratic Republic of the Congo","country_code":"COD","port_type":"River"},"geometry":{"type":"Point","coordinates":[17.68053,-4.54819]}},{"type":"Feature","id":2894,"properties":{"name":"Kashab","code":"","country":"Oman","country_code":"OMN","port_type":"Sea"},"geometry":{"type":"Point","coordinates":[56.25453,26.20652]}},{"type":"Feature","id":2895,"properties":{"name":"Musoko","code":"","country":"Democratic Republic of the Congo","country_code":"COD","port_type":"River"},"geometry":{"type":"Point","coordinates":[29.08926,-2.18714]}},{"type":"Feature","id":2896,"properties":{"name":"Kashofu Ii","code":"","country":"Democratic Republic of the Congo","country_code":"COD","port_type":"River"},"geometry":{"type":"Point","coordinates":[29.02734,-2.2248]}},{"type":"Feature","id":2897,"properties":{"name":"Roebourne","code":"AURBU","country":"Australia","country_code":"AUS","port_type":"Sea"},"geometry":{"type":"Point","coordinates":[117.17563,-20.59831]}},{"type":"Feature","id":2898,"properties":{"name":"Balao","code":"ECEBL","country":"","country_code":"ECU","port_type":"Sea"},"geometry":{"type":"Point","coordinates":[-79.64808,0.98915]}},{"type":"Feature","id":2899,"properties":{"name":"Bamberton","code":"CABAM","country":"Canada","country_code":"CAN","port_type":"Sea"},"geometry":{"type":"Point","coordinates":[-123.51994,48.61392]}},{"type":"Feature","id":2900,"properties":{"name":"San Clemente","code":"USXMO","country":"United States of America","country_code":"USA","port_type":"Sea"},"geometry":{"type":"Point","coordinates":[-118.42415,32.80885]}},{"type":"Feature","id":2901,"properties":{"name":"Castle Island","code":"USCAI","country":"United States of America","country_code":"USA","port_type":"Sea"},"geometry":{"type":"Point","coordinates":[-145.23447,60.33212]}},{"type":"Feature","id":2902,"properties":{"name":"Tammisaari","code":"FITAI","country":"Finland","country_code":"FIN","port_type":"Sea"},"geometry":{"type":"Point","coordinates":[23.43341,59.97791]}},{"type":"Feature","id":2903,"properties":{"name":"Hualien","code":"TWHUN","country":"Taiwan","country_code":"TWN","port_type":"Sea"},"geometry":{"type":"Point","coordinates":[121.63119,23.99351]}},{"type":"Feature","id":2904,"properties":{"name":"Moni Anchorage","code":"CYMOI","country":"Cyprus","country_code":"CYP","port_type":"Sea"},"geometry":{"type":"Point","coordinates":[33.16621,34.71255]}},{"type":"Feature","id":2905,"properties":{"name":"Wadi Feiran","code":"EGWAF","country":"Egypt","country_code":"EGY","port_type":"Sea"},"geometry":{"type":"Point","coordinates":[33.22203,28.61797]}},{"type":"Feature","id":2906,"properties":{"name":"Rhodes","code":"GRRHO","country":"Greece","country_code":"GRC","port_type":"Sea"},"geometry":{"type":"Point","coordinates":[28.23245,36.44404]}},{"type":"Feature","id":2907,"properties":{"name":"Cape Comorin","code":"INCCN","country":"","country_code":"IND","port_type":"Sea"},"geometry":{"type":"Point","coordinates":[77.56344,8.0957]}},{"type":"Feature","id":2908,"properties":{"name":"Shahid Rajee","code":"","country":"Iran  (Islamic Republic of)","country_code":"IRN","port_type":"Sea"},"geometry":{"type":"Point","coordinates":[56.06334,27.10375]}},{"type":"Feature","id":2909,"properties":{"name":"Inchon","code":"KRINC","country":"","country_code":"KOR","port_type":"Sea"},"geometry":{"type":"Point","coordinates":[126.6093,37.45913]}},{"type":"Feature","id":2910,"properties":{"name":"Zouq","code":"","country":"","country_code":"LBN","port_type":"Unknown"},"geometry":{"type":"Point","coordinates":[35.60259,33.9698]}},{"type":"Feature","id":2911,"properties":{"name":"Tsoni","code":"","country":"Mozambique","country_code":"MOZ","port_type":"Unknown"},"geometry":{"type":"Point","coordinates":[34.97961,-17.32996]}},{"type":"Feature","id":2912,"properties":{"name":"Malatapay","code":"","country":"Philippines","country_code":"PHL","port_type":"Sea"},"geometry":{"type":"Point","coordinates":[123.21357,9.12224]}},{"type":"Feature","id":2913,"properties":{"name":"Leixoes","code":"PTLEI","country":"Portugal","country_code":"PRT","port_type":"Sea"},"geometry":{"type":"Point","coordinates":[-8.69642,41.18176]}},{"type":"Feature","id":2914,"properties":{"name":"Main Brook","code":"CAMBR","country":"Suriname","country_code":"SUR","port_type":"Sea"},"geometry":{"type":"Point","coordinates":[-56.07753,5.16112]}},{"type":"Feature","id":2915,"properties":{"name":"Karskar","code":"SEKAS","country":"Sweden","country_code":"SWE","port_type":"Sea"},"geometry":{"type":"Point","coordinates":[17.26287,60.68417]}},{"type":"Feature","id":2916,"properties":{"name":"Nghe Tinh","code":"VNNGT","country":"Viet Nam","country_code":"VNM","port_type":"Sea"},"geometry":{"type":"Point","coordinates":[105.70857,18.65489]}},{"type":"Feature","id":2917,"properties":{"name":"Vishakhapatnam","code":"INVTZ","country":"India","country_code":"IND","port_type":"Sea"},"geometry":{"type":"Point","coordinates":[83.29994,17.69603]}},{"type":"Feature","id":2918,"properties":{"name":"Boleke","code":"","country":"Democratic Republic of the Congo","country_code":"COD","port_type":"River"},"geometry":{"type":"Point","coordinates":[19.56789,-0.19241]}},{"type":"Feature","id":2919,"properties":{"name":"Mompono","code":"","country":"Democratic Republic of the Congo","country_code":"COD","port_type":"River"},"geometry":{"type":"Point","coordinates":[21.69424,0.13883]}},{"type":"Feature","id":2920,"properties":{"name":"Berori","code":"","country":"Democratic Republic of the Congo","country_code":"COD","port_type":"River"},"geometry":{"type":"Point","coordinates":[22.40123,0.16361]}},{"type":"Feature","id":2921,"properties":{"name":"Hoquiam-Aberdeen Apt","code":"USHQM","country":"United States of America","country_code":"USA","port_type":"Sea"},"geometry":{"type":"Point","coordinates":[-123.91132,46.97417]}},{"type":"Feature","id":2922,"properties":{"name":"Destrehan","code":"USNEW","country":"United States of America","country_code":"USA","port_type":"Sea"},"geometry":{"type":"Point","coordinates":[-90.35721,29.94149]}},{"type":"Feature","id":2923,"properties":{"name":"Ellsworth","code":"USEWT","country":"United States of America","country_code":"USA","port_type":"Sea"},"geometry":{"type":"Point","coordinates":[-68.42694,44.49982]}},{"type":"Feature","id":2924,"properties":{"name":"Portofino","code":"ITPTF","country":"","country_code":"ITA","port_type":"Sea"},"geometry":{"type":"Point","coordinates":[9.2105,44.30247]}},{"type":"Feature","id":2925,"properties":{"name":"Gravenchon","code":"FRGRN","country":"France","country_code":"FRA","port_type":"Sea"},"geometry":{"type":"Point","coordinates":[0.53703,49.47124]}},{"type":"Feature","id":2926,"properties":{"name":"Dunkerque (Dunkirk)","code":"FRDKK","country":"France","country_code":"FRA","port_type":"Sea"},"geometry":{"type":"Point","coordinates":[2.35909,51.03991]}},{"type":"Feature","id":2927,"properties":{"name":"Hemiksem (Hemixen)","code":"BEHEX","country":"Belgium","country_code":"BEL","port_type":"Sea"},"geometry":{"type":"Point","coordinates":[4.33219,51.15011]}},{"type":"Feature","id":2928,"properties":{"name":"Barry Dock","code":"GBBAD","country":"U.K. of Great Britain and Northern Ireland","country_code":"GBR","port_type":"Sea"},"geometry":{"type":"Point","coordinates":[-3.25183,51.4003]}},{"type":"Feature","id":2929,"properties":{"name":"Shikama","code":"JPSKM","country":"Japan","country_code":"JPN","port_type":"Sea"},"geometry":{"type":"Point","coordinates":[134.66092,34.78502]}},{"type":"Feature","id":2930,"properties":{"name":"Sriracha","code":"THSRI","country":"Thailand","country_code":"THA","port_type":"Sea"},"geometry":{"type":"Point","coordinates":[100.90098,13.12749]}},{"type":"Feature","id":2931,"properties":{"name":"Oita","code":"JPOIT","country":"Japan","country_code":"JPN","port_type":"Sea"},"geometry":{"type":"Point","coordinates":[131.66368,33.26032]}},{"type":"Feature","id":2932,"properties":{"name":"Westernport","code":"AUWEP","country":"Australia","country_code":"AUS","port_type":"Sea"},"geometry":{"type":"Point","coordinates":[145.21993,-38.37518]}},{"type":"Feature","id":2933,"properties":{"name":"Mansonville","code":"CAMAN","country":"Canada","country_code":"CAN","port_type":"Sea"},"geometry":{"type":"Point","coordinates":[-67.56782,48.8316]}},{"type":"Feature","id":2934,"properties":{"name":"Streator","code":"USSTR","country":"United States of America","country_code":"USA","port_type":"Sea"},"geometry":{"type":"Point","coordinates":[-90.35024,29.93178]}},{"type":"Feature","id":2935,"properties":{"name":"Kings Mountain","code":"USKIN","country":"United States of America","country_code":"USA","port_type":"Sea"},"geometry":{"type":"Point","coordinates":[-73.97958,41.91985]}},{"type":"Feature","id":2936,"properties":{"name":"Redcliff Bay","code":"GBREB","country":"U.K. of Great Britain and Northern Ireland","country_code":"GBR","port_type":"Sea"},"geometry":{"type":"Point","coordinates":[-2.76405,51.48655]}},{"type":"Feature","id":2937,"properties":{"name":"Voltri","code":"ITVTI","country":"Italy","country_code":"ITA","port_type":"Sea"},"geometry":{"type":"Point","coordinates":[8.90949,44.40488]}},{"type":"Feature","id":2938,"properties":{"name":"Doubtful Sound","code":"NZDGO","country":"","country_code":"NZL","port_type":"Sea"},"geometry":{"type":"Point","coordinates":[166.8605,-45.28507]}},{"type":"Feature","id":2939,"properties":{"name":"Karachi","code":"PKKHI","country":"Pakistan","country_code":"PAK","port_type":"Sea"},"geometry":{"type":"Point","coordinates":[66.97609,24.83646]}},{"type":"Feature","id":2940,"properties":{"name":"Pietarsaari","code":"FIPRS","country":"Finland","country_code":"FIN","port_type":"Sea"},"geometry":{"type":"Point","coordinates":[22.69211,63.70804]}},{"type":"Feature","id":2941,"properties":{"name":"Texel","code":"NLTEX","country":"Netherlands","country_code":"NLD","port_type":"Sea"},"geometry":{"type":"Point","coordinates":[4.77926,53.00422]}},{"type":"Feature","id":2942,"properties":{"name":"Vila De Conde","code":"BRVDC","country":"Brazil","country_code":"BRA","port_type":"Sea"},"geometry":{"type":"Point","coordinates":[-48.74902,-1.54312]}},{"type":"Feature","id":2943,"properties":{"name":"Mersa El Hamra","code":"EGMAH","country":"","country_code":"EGY","port_type":"Sea"},"geometry":{"type":"Point","coordinates":[28.79439,30.95546]}},{"type":"Feature","id":2944,"properties":{"name":"Hannan","code":"JPHAN","country":"Japan","country_code":"JPN","port_type":"Sea"},"geometry":{"type":"Point","coordinates":[135.20972,34.34179]}},{"type":"Feature","id":2945,"properties":{"name":"Etajima","code":"JPETA","country":"Japan","country_code":"JPN","port_type":"Sea"},"geometry":{"type":"Point","coordinates":[132.4417,34.22409]}},{"type":"Feature","id":2946,"properties":{"name":"Futajima","code":"JPFUT","country":"Japan","country_code":"JPN","port_type":"Sea"},"geometry":{"type":"Point","coordinates":[130.38245,33.59727]}},{"type":"Feature","id":2947,"properties":{"name":"Matsushima","code":"JPMAT","country":"Japan","country_code":"JPN","port_type":"Sea"},"geometry":{"type":"Point","coordinates":[129.60062,32.93694]}},{"type":"Feature","id":2948,"properties":{"name":"Jambongan","code":"MYJAM","country":"Malaysia","country_code":"MYS","port_type":"Sea"},"geometry":{"type":"Point","coordinates":[103.78372,1.47067]}},{"type":"Feature","id":2949,"properties":{"name":"Perim Island","code":"YEPRM","country":"","country_code":"","port_type":"Sea"},"geometry":{"type":"Point","coordinates":[43.40498,12.64611]}},{"type":"Feature","id":2950,"properties":{"name":"Suape","code":"BRSUA","country":"Brazil","country_code":"BRA","port_type":"Sea"},"geometry":{"type":"Point","coordinates":[-34.96422,-8.39583]}},{"type":"Feature","id":2951,"properties":{"name":"Bahia De Sepetiba","code":"BRSPB","country":"Brazil","country_code":"BRA","port_type":"Sea"},"geometry":{"type":"Point","coordinates":[-43.69786,-22.98564]}},{"type":"Feature","id":2952,"properties":{"name":"Zhanjiang","code":"CNZHA","country":"China","country_code":"CHN","port_type":"Sea"},"geometry":{"type":"Point","coordinates":[110.39778,21.18239]}},{"type":"Feature","id":2953,"properties":{"name":"Suao","code":"TWSUO","country":"Taiwan","country_code":"TWN","port_type":"Sea"},"geometry":{"type":"Point","coordinates":[121.86286,24.60864]}},{"type":"Feature","id":2954,"properties":{"name":"Zhoushan","code":"CNZOS","country":"China","country_code":"CHN","port_type":"Sea"},"geometry":{"type":"Point","coordinates":[122.17591,29.96284]}},{"type":"Feature","id":2955,"properties":{"name":"Waverley Harbour","code":"NZWAV","country":"New Zealand","country_code":"NZL","port_type":"Sea"},"geometry":{"type":"Point","coordinates":[174.63614,-39.83303]}},{"type":"Feature","id":2956,"properties":{"name":"Okpo","code":"KROKP","country":"","country_code":"KOR","port_type":"Sea"},"geometry":{"type":"Point","coordinates":[128.70496,34.87566]}},{"type":"Feature","id":2957,"properties":{"name":"Mezen","code":"RUMEZ","country":"Russian Federation","country_code":"RUS","port_type":"Sea"},"geometry":{"type":"Point","coordinates":[44.19009,65.87328]}},{"type":"Feature","id":2958,"properties":{"name":"Port Isabel-Brownsville","code":"USPIS","country":"","country_code":"USA","port_type":"Sea"},"geometry":{"type":"Point","coordinates":[-97.2016,26.07308]}},{"type":"Feature","id":2959,"properties":{"name":"Matilde","code":"","country":"Mozambique","country_code":"MOZ","port_type":"Unknown"},"geometry":{"type":"Point","coordinates":[36.23754,-18.66849]}},{"type":"Feature","id":2960,"properties":{"name":"Maleke","code":"","country":"Democratic Republic of the Congo","country_code":"COD","port_type":"River"},"geometry":{"type":"Point","coordinates":[18.84146,-3.22366]}},{"type":"Feature","id":2961,"properties":{"name":"Sopot","code":"PLSOP","country":"Poland","country_code":"POL","port_type":"Sea"},"geometry":{"type":"Point","coordinates":[18.5712,54.44626]}},{"type":"Feature","id":2962,"properties":{"name":"Trial Bay","code":"AUTRB","country":"Australia","country_code":"AUS","port_type":"Sea"},"geometry":{"type":"Point","coordinates":[153.07256,-30.88153]}},{"type":"Feature","id":2963,"properties":{"name":"Belledune","code":"CABEL","country":"Canada","country_code":"CAN","port_type":"Sea"},"geometry":{"type":"Point","coordinates":[-65.84486,47.90227]}},{"type":"Feature","id":2964,"properties":{"name":"Cape Hatteras","code":"USCPH","country":"","country_code":"USA","port_type":"Sea"},"geometry":{"type":"Point","coordinates":[-75.58886,35.26176]}},{"type":"Feature","id":2965,"properties":{"name":"Brekstad","code":"NOBKD","country":"Norway","country_code":"NOR","port_type":"Sea"},"geometry":{"type":"Point","coordinates":[9.66718,63.68885]}},{"type":"Feature","id":2966,"properties":{"name":"Londonderry","code":"GBLDY","country":"U.K. of Great Britain and Northern Ireland","country_code":"GBR","port_type":"Sea"},"geometry":{"type":"Point","coordinates":[-7.31921,55.0066]}},{"type":"Feature","id":2967,"properties":{"name":"Unnamed port","code":"","country":"Democratic Republic of the Congo","country_code":"COD","port_type":"Unknown"},"geometry":{"type":"Point","coordinates":[17.4,-5.83]}},{"type":"Feature","id":2968,"properties":{"name":"Unnamed port","code":"","country":"Democratic Republic of the Congo","country_code":"COD","port_type":"Unknown"},"geometry":{"type":"Point","coordinates":[17.42909,-5.86255]}},{"type":"Feature","id":2969,"properties":{"name":"Unnamed port","code":"","country":"Democratic Republic of the Congo","country_code":"COD","port_type":"Unknown"},"geometry":{"type":"Point","coordinates":[17.5829,-5.85709]}},{"type":"Feature","id":2970,"properties":{"name":"Ekolosongo","code":"","country":"Democratic Republic of the Congo","country_code":"COD","port_type":"River"},"geometry":{"type":"Point","coordinates":[23.2061,-2.26677]}},{"type":"Feature","id":2971,"properties":{"name":"Enstedvaerkets Havn","code":"DKENS","country":"Denmark","country_code":"DNK","port_type":"Sea"},"geometry":{"type":"Point","coordinates":[9.43584,55.02337]}},{"type":"Feature","id":2972,"properties":{"name":"St Vincent","code":"VCSVD","country":"Cape Verde","country_code":"CPV","port_type":"Sea"},"geometry":{"type":"Point","coordinates":[-24.99576,16.87768]}},{"type":"Feature","id":2973,"properties":{"name":"Gemikonagi","code":"CYMPB","country":"Cyprus","country_code":"CYP","port_type":"Sea"},"geometry":{"type":"Point","coordinates":[32.81445,35.14621]}},{"type":"Feature","id":2974,"properties":{"name":"Caleta Tagus","code":"ECCAT","country":"Ecuador","country_code":"ECU","port_type":"Sea"},"geometry":{"type":"Point","coordinates":[-91.3682,-0.26037]}},{"type":"Feature","id":2975,"properties":{"name":"Geisum Terminal","code":"EGGEI","country":"","country_code":"EGY","port_type":"Sea"},"geometry":{"type":"Point","coordinates":[33.58842,27.64302]}},{"type":"Feature","id":2976,"properties":{"name":"Yali Island","code":"GRYLI","country":"Greece","country_code":"GRC","port_type":"Sea"},"geometry":{"type":"Point","coordinates":[27.11999,36.66157]}},{"type":"Feature","id":2977,"properties":{"name":"Zante","code":"GRZAN","country":"Greece","country_code":"GRC","port_type":"Sea"},"geometry":{"type":"Point","coordinates":[20.90003,37.77784]}},{"type":"Feature","id":2978,"properties":{"name":"Puerto Quetzal","code":"GTPRQ","country":"Guatemala","country_code":"GTM","port_type":"Sea"},"geometry":{"type":"Point","coordinates":[-90.78618,13.92729]}},{"type":"Feature","id":2979,"properties":{"name":"Redi","code":"INRED","country":"India","country_code":"IND","port_type":"Sea"},"geometry":{"type":"Point","coordinates":[73.65554,15.74755]}},{"type":"Feature","id":2980,"properties":{"name":"Dos Bocas Terminal","code":"MXDBT","country":"Mexico","country_code":"MEX","port_type":"Sea"},"geometry":{"type":"Point","coordinates":[-93.1831,18.42974]}},{"type":"Feature","id":2981,"properties":{"name":"Braz","code":"","country":"Mozambique","country_code":"MOZ","port_type":"Unknown"},"geometry":{"type":"Point","coordinates":[35.37381,-17.74455]}},{"type":"Feature","id":2982,"properties":{"name":"Ilha Salia","code":"","country":"Mozambique","country_code":"MOZ","port_type":"Unknown"},"geometry":{"type":"Point","coordinates":[36.18311,-18.55214]}},{"type":"Feature","id":2983,"properties":{"name":"Porto","code":"PTOPO","country":"Madeira Islands","country_code":"PRT","port_type":"Sea"},"geometry":{"type":"Point","coordinates":[-16.31775,33.06402]}},{"type":"Feature","id":2984,"properties":{"name":"Yarimca","code":"TRYAR","country":"","country_code":"TUR","port_type":"Sea"},"geometry":{"type":"Point","coordinates":[29.749,40.76228]}},{"type":"Feature","id":2985,"properties":{"name":"Taichung","code":"TWTXG","country":"Taiwan","country_code":"TWN","port_type":"Sea"},"geometry":{"type":"Point","coordinates":[120.49771,24.22093]}},{"type":"Feature","id":2986,"properties":{"name":"Punta Cuchillo","code":"VEPCU","country":"Venezuela","country_code":"VEN","port_type":"River"},"geometry":{"type":"Point","coordinates":[-62.78471,8.33062]}},{"type":"Feature","id":2987,"properties":{"name":"Port Rashid","code":"AEPRA","country":"United Arab Emirates","country_code":"ARE","port_type":"Sea"},"geometry":{"type":"Point","coordinates":[55.27103,25.24865]}},{"type":"Feature","id":2988,"properties":{"name":"Quanzhou","code":"CNQZJ","country":"China","country_code":"CHN","port_type":"Sea"},"geometry":{"type":"Point","coordinates":[118.64586,24.86119]}},{"type":"Feature","id":2989,"properties":{"name":"Agio Theodoroi","code":"GRAGT","country":"Greece","country_code":"GRC","port_type":"Sea"},"geometry":{"type":"Point","coordinates":[23.14454,37.92756]}},{"type":"Feature","id":2990,"properties":{"name":"Muguza","code":"","country":"Democratic Republic of the Congo","country_code":"COD","port_type":"River"},"geometry":{"type":"Point","coordinates":[29.0945,-2.22193]}},{"type":"Feature","id":2991,"properties":{"name":"Kabwirwa","code":"","country":"Democratic Republic of the Congo","country_code":"COD","port_type":"River"},"geometry":{"type":"Point","coordinates":[29.09044,-2.18078]}},{"type":"Feature","id":2992,"properties":{"name":"Anzali","code":"","country":"Iran  (Islamic Republic of)","country_code":"IRN","port_type":"Sea"},"geometry":{"type":"Point","coordinates":[49.46727,37.4766]}},{"type":"Feature","id":2993,"properties":{"name":"Halytsynove","code":"","country":"Ukraine","country_code":"UKR","port_type":"Sea"},"geometry":{"type":"Point","coordinates":[31.94476,46.77027]}},{"type":"Feature","id":2994,"properties":{"name":"Ambavan'i Sahavato","code":"","country":"Madagascar","country_code":"MDG","port_type":"River"},"geometry":{"type":"Point","coordinates":[48.431,-20.50315]}},{"type":"Feature","id":2995,"properties":{"name":"Djoku-Punda","code":"","country":"Democratic Republic of the Congo","country_code":"COD","port_type":"River"},"geometry":{"type":"Point","coordinates":[20.92019,-5.58676]}},{"type":"Feature","id":2996,"properties":{"name":"Esbjerg","code":"DKEBJ","country":"Denmark","country_code":"DNK","port_type":"Sea"},"geometry":{"type":"Point","coordinates":[8.43536,55.46529]}},{"type":"Feature","id":2997,"properties":{"name":"Nijniy Pyanj","code":"","country":"Tajikistan","country_code":"TJK","port_type":"River"},"geometry":{"type":"Point","coordinates":[68.58586,37.19258]}},{"type":"Feature","id":2998,"properties":{"name":"Prachuap","code":"","country":"Thailand","country_code":"THA","port_type":"Sea"},"geometry":{"type":"Point","coordinates":[99.79894,11.80817]}},{"type":"Feature","id":2999,"properties":{"name":"Supsa","code":"","country":"Georgia","country_code":"GEO","port_type":"Sea"},"geometry":{"type":"Point","coordinates":[41.75929,42.00045]}},{"type":"Feature","id":3000,"properties":{"name":"Safaga","code":"EGSGA","country":"Egypt","country_code":"EGY","port_type":"Sea"},"geometry":{"type":"Point","coordinates":[33.94636,26.74666]}},{"type":"Feature","id":3001,"properties":{"name":"Songo","code":"","country":"Democratic Republic of the Congo","country_code":"COD","port_type":"River"},"geometry":{"type":"Point","coordinates":[18.65234,-4.56031]}},{"type":"Feature","id":3002,"properties":{"name":"Berenice","code":"","country":"","country_code":"EGY","port_type":"Unknown"},"geometry":{"type":"Point","coordinates":[35.48944,23.94184]}},{"type":"Feature","id":3003,"properties":{"name":"Oki","code":"JPOKI","country":"Japan","country_code":"JPN","port_type":"Sea"},"geometry":{"type":"Point","coordinates":[133.33515,36.20264]}},{"type":"Feature","id":3004,"properties":{"name":"Ithaki (Ithaca)","code":"GRITH","country":"Greece","country_code":"GRC","port_type":"Sea"},"geometry":{"type":"Point","coordinates":[20.71474,38.36565]}},{"type":"Feature","id":3005,"properties":{"name":"Kymi (Kimi)","code":"GRKIM","country":"Greece","country_code":"GRC","port_type":"Sea"},"geometry":{"type":"Point","coordinates":[24.12442,38.63095]}},{"type":"Feature","id":3006,"properties":{"name":"Alger","code":"DZALG","country":"","country_code":"DZA","port_type":"Sea"},"geometry":{"type":"Point","coordinates":[3.06147,36.76316]}},{"type":"Feature","id":3007,"properties":{"name":"Cap Lopez","code":"GACLZ","country":"Gabon","country_code":"GAB","port_type":"Sea"},"geometry":{"type":"Point","coordinates":[8.71264,-0.63046]}},{"type":"Feature","id":3008,"properties":{"name":"Gamba","code":"GAGAX","country":"Gabon","country_code":"GAB","port_type":"Sea"},"geometry":{"type":"Point","coordinates":[10.01288,-2.78758]}},{"type":"Feature","id":3009,"properties":{"name":"Levkas","code":"GRLEV","country":"Greece","country_code":"GRC","port_type":"Sea"},"geometry":{"type":"Point","coordinates":[20.71021,38.83]}},{"type":"Feature","id":3010,"properties":{"name":"Ekuata","code":"GAEKU","country":"Gabon","country_code":"GAB","port_type":"Sea"},"geometry":{"type":"Point","coordinates":[9.37683,0.30896]}},{"type":"Feature","id":3011,"properties":{"name":"Dajla","code":"","country":"Western Sahara","country_code":"ESH","port_type":"Sea"},"geometry":{"type":"Point","coordinates":[-15.925,23.70155]}},{"type":"Feature","id":3012,"properties":{"name":"Ngqura","code":"","country":"","country_code":"ZAF, MWI, ZWE","port_type":"Sea"},"geometry":{"type":"Point","coordinates":[25.68643,-33.79709]}},{"type":"Feature","id":3013,"properties":{"name":"Slagenstangen","code":"NOSLG","country":"Norway","country_code":"NOR","port_type":"Sea"},"geometry":{"type":"Point","coordinates":[10.50202,59.32187]}},{"type":"Feature","id":3014,"properties":{"name":"Sejero","code":"DKSJO","country":"Denmark","country_code":"DNK","port_type":"Sea"},"geometry":{"type":"Point","coordinates":[11.13939,55.88328]}},{"type":"Feature","id":3015,"properties":{"name":"Raoul Port","code":"","country":"Iceland","country_code":"ISL","port_type":"Sea"},"geometry":{"type":"Point","coordinates":[-14.02871,65.07583]}},{"type":"Feature","id":3016,"properties":{"name":"Lucina","code":"GALUC","country":"","country_code":"GAB","port_type":"Sea"},"geometry":{"type":"Point","coordinates":[10.9267,-3.88157]}},{"type":"Feature","id":3017,"properties":{"name":"Minamiise","code":"","country":"Japan","country_code":"JPN","port_type":"Sea"},"geometry":{"type":"Point","coordinates":[136.53816,34.2789]}},{"type":"Feature","id":3018,"properties":{"name":"Masiakampy","code":"","country":"Madagascar","country_code":"MDG","port_type":"River"},"geometry":{"type":"Point","coordinates":[45.40536,-19.68289]}},{"type":"Feature","id":3019,"properties":{"name":"Ust Dunaysk","code":"UAUDY","country":"Ukraine","country_code":"UKR","port_type":"Sea"},"geometry":{"type":"Point","coordinates":[29.71136,45.46653]}},{"type":"Feature","id":3020,"properties":{"name":"Colonia","code":"UYCYR","country":"Uruguay","country_code":"URY","port_type":"Sea"},"geometry":{"type":"Point","coordinates":[-57.84386,-34.47431]}},{"type":"Feature","id":3021,"properties":{"name":"Baniyas","code":"SYBAN","country":"","country_code":"SYR","port_type":"Sea"},"geometry":{"type":"Point","coordinates":[35.94398,35.18358]}},{"type":"Feature","id":3022,"properties":{"name":"Bosenge","code":"","country":"Democratic Republic of the Congo","country_code":"COD","port_type":"River"},"geometry":{"type":"Point","coordinates":[22.30949,1.50299]}},{"type":"Feature","id":3023,"properties":{"name":"Lavrion (Laurium)","code":"GRLAV","country":"Greece","country_code":"GRC","port_type":"Sea"},"geometry":{"type":"Point","coordinates":[24.06292,37.71262]}},{"type":"Feature","id":3024,"properties":{"name":"Belgorod-Dnestrovskiy","code":"UABGD","country":"Ukraine","country_code":"UKR","port_type":"Sea"},"geometry":{"type":"Point","coordinates":[30.37314,46.18325]}},{"type":"Feature","id":3025,"properties":{"name":"Brake","code":"DEBKE","country":"Germany","country_code":"DEU","port_type":"Sea"},"geometry":{"type":"Point","coordinates":[8.4933,53.33895]}},{"type":"Feature","id":3026,"properties":{"name":"N'Giri","code":"","country":"Democratic Republic of the Congo","country_code":"COD","port_type":"River"},"geometry":{"type":"Point","coordinates":[17.9663,0.43653]}},{"type":"Feature","id":3027,"properties":{"name":"Clear","code":"USCXI","country":"United States of America","country_code":"USA","port_type":"Sea"},"geometry":{"type":"Point","coordinates":[-82.80431,27.96419]}},{"type":"Feature","id":3028,"properties":{"name":"Kole","code":"","country":"Democratic Republic of the Congo","country_code":"COD","port_type":"River"},"geometry":{"type":"Point","coordinates":[22.45668,-3.46948]}},{"type":"Feature","id":3029,"properties":{"name":"Nahr El Kalb","code":"","country":"","country_code":"LBN","port_type":"Unknown"},"geometry":{"type":"Point","coordinates":[35.5968,33.95837]}},{"type":"Feature","id":3030,"properties":{"name":"Kuzulu","code":"","country":"Democratic Republic of the Congo","country_code":"COD","port_type":"Unknown"},"geometry":{"type":"Point","coordinates":[16.12867,-3.48149]}},{"type":"Feature","id":3031,"properties":{"name":"El Maadiya Port","code":"","country":"","country_code":"EGY","port_type":"Sea"},"geometry":{"type":"Point","coordinates":[30.15254,31.2697]}},{"type":"Feature","id":3032,"properties":{"name":"Kilrush","code":"IEKLR","country":"Ireland","country_code":"IRL","port_type":"Sea"},"geometry":{"type":"Point","coordinates":[-9.49499,52.63493]}},{"type":"Feature","id":3033,"properties":{"name":"Shediac","code":"CASHE","country":"Canada","country_code":"CAN","port_type":"Sea"},"geometry":{"type":"Point","coordinates":[-64.54271,46.22559]}},{"type":"Feature","id":3034,"properties":{"name":"Unnamed port","code":"","country":"Iceland","country_code":"ISL","port_type":"Lake"},"geometry":{"type":"Point","coordinates":[-18.81243,64.24769]}},{"type":"Feature","id":3035,"properties":{"name":"Al-Tour","code":"","country":"Egypt","country_code":"EGY","port_type":"Sea"},"geometry":{"type":"Point","coordinates":[33.6055,28.23557]}},{"type":"Feature","id":3036,"properties":{"name":"Salinetas","code":"ESSAT","country":"Spain","country_code":"ESP","port_type":"Sea"},"geometry":{"type":"Point","coordinates":[-15.37772,27.98047]}},{"type":"Feature","id":3037,"properties":{"name":"Miragoane","code":"","country":"Haiti","country_code":"HTI","port_type":"Unknown"},"geometry":{"type":"Point","coordinates":[-73.09051,18.44522]}},{"type":"Feature","id":3038,"properties":{"name":"Khoasrowabad","code":"","country":"Iran  (Islamic Republic of)","country_code":"IRN","port_type":"River"},"geometry":{"type":"Point","coordinates":[48.40378,30.14764]}},{"type":"Feature","id":3039,"properties":{"name":"El Bware","code":"","country":"","country_code":"LBN","port_type":"Unknown"},"geometry":{"type":"Point","coordinates":[35.6313,34.0453]}},{"type":"Feature","id":3040,"properties":{"name":"Nossi-Be","code":"MGNOS","country":"","country_code":"MDG","port_type":"Sea"},"geometry":{"type":"Point","coordinates":[48.2792,-13.40688]}},{"type":"Feature","id":3041,"properties":{"name":"Mona Island","code":"USOIS","country":"Puerto Rico","country_code":"PRI","port_type":"Sea"},"geometry":{"type":"Point","coordinates":[-67.90624,18.06068]}},{"type":"Feature","id":3042,"properties":{"name":"Silistra","code":"BGSLS","country":"Bulgaria","country_code":"BGR","port_type":"Sea"},"geometry":{"type":"Point","coordinates":[27.2648,44.12381]}},{"type":"Feature","id":3043,"properties":{"name":"Holmsund","code":"SEHLD","country":"Sweden","country_code":"SWE","port_type":"Sea"},"geometry":{"type":"Point","coordinates":[20.3611,63.70182]}},{"type":"Feature","id":3044,"properties":{"name":"Dilovasi","code":"","country":"","country_code":"TUR","port_type":"Sea"},"geometry":{"type":"Point","coordinates":[29.54326,40.77108]}},{"type":"Feature","id":3045,"properties":{"name":"Akdeniz","code":"","country":"Turkey","country_code":"TUR","port_type":"Sea"},"geometry":{"type":"Point","coordinates":[30.6047,36.83469]}},{"type":"Feature","id":3046,"properties":{"name":"Quang Ninh","code":"VNQNH","country":"Viet Nam","country_code":"VNM","port_type":"Sea"},"geometry":{"type":"Point","coordinates":[107.05224,20.97234]}},{"type":"Feature","id":3047,"properties":{"name":"Saigon","code":"VNSGN","country":"Viet Nam","country_code":"VNM","port_type":"River"},"geometry":{"type":"Point","coordinates":[106.7181,10.75853]}},{"type":"Feature","id":3048,"properties":{"name":"Green Harbor","code":"","country":"","country_code":"SDN","port_type":"Sea"},"geometry":{"type":"Point","coordinates":[37.23555,19.60822]}},{"type":"Feature","id":3049,"properties":{"name":"Cebu","code":"PHCEB","country":"","country_code":"PHL","port_type":"Sea"},"geometry":{"type":"Point","coordinates":[123.91541,10.30435]}},{"type":"Feature","id":3050,"properties":{"name":"Tanjung Balai Karimun","code":"","country":"Indonesia","country_code":"IDN","port_type":"Sea"},"geometry":{"type":"Point","coordinates":[103.4596,-0.81315]}},{"type":"Feature","id":3051,"properties":{"name":"Kishenyabuhyo","code":"","country":"Democratic Republic of the Congo","country_code":"COD","port_type":"River"},"geometry":{"type":"Point","coordinates":[29.08801,-1.96719]}},{"type":"Feature","id":3052,"properties":{"name":"Mushange I & II","code":"","country":"Democratic Republic of the Congo","country_code":"COD","port_type":"River"},"geometry":{"type":"Point","coordinates":[29.05506,-2.05503]}},{"type":"Feature","id":3053,"properties":{"name":"Kaseke","code":"","country":"Democratic Republic of the Congo","country_code":"COD","port_type":"River"},"geometry":{"type":"Point","coordinates":[29.05744,-2.05101]}},{"type":"Feature","id":3054,"properties":{"name":"Yuzhnyy","code":"UAYUZ","country":"Ukraine","country_code":"UKR","port_type":"Sea"},"geometry":{"type":"Point","coordinates":[31.02712,46.61595]}},{"type":"Feature","id":3055,"properties":{"name":"Nikolayev","code":"UANIK","country":"Ukraine","country_code":"UKR","port_type":"Sea"},"geometry":{"type":"Point","coordinates":[31.97247,46.94275]}},{"type":"Feature","id":3056,"properties":{"name":"Tsu","code":"JPTSU","country":"Japan","country_code":"JPN","port_type":"Sea"},"geometry":{"type":"Point","coordinates":[136.53013,34.68235]}},{"type":"Feature","id":3057,"properties":{"name":"El Sokhna","code":"","country":"","country_code":"EGY","port_type":"Sea"},"geometry":{"type":"Point","coordinates":[32.3655,29.68416]}},{"type":"Feature","id":3058,"properties":{"name":"Makanza","code":"","country":"Democratic Republic of the Congo","country_code":"COD","port_type":"River"},"geometry":{"type":"Point","coordinates":[19.10478,1.6055]}},{"type":"Feature","id":3059,"properties":{"name":"Kese","code":"","country":"Democratic Republic of the Congo","country_code":"COD","port_type":"River"},"geometry":{"type":"Point","coordinates":[18.03768,-3.38216]}},{"type":"Feature","id":3060,"properties":{"name":"Bec D'Ambes","code":"FRBEC","country":"France","country_code":"FRA","port_type":"Sea"},"geometry":{"type":"Point","coordinates":[-0.56516,45.00737]}},{"type":"Feature","id":3061,"properties":{"name":"La Mede","code":"FRLMD","country":"France","country_code":"FRA","port_type":"Sea"},"geometry":{"type":"Point","coordinates":[5.11832,43.40214]}},{"type":"Feature","id":3062,"properties":{"name":"Bususulu","code":"","country":"Democratic Republic of the Congo","country_code":"COD","port_type":"River"},"geometry":{"type":"Point","coordinates":[20.73583,0.77317]}},{"type":"Feature","id":3063,"properties":{"name":"Bokolo","code":"","country":"Democratic Republic of the Congo","country_code":"COD","port_type":"River"},"geometry":{"type":"Point","coordinates":[20.75936,3.21975]}},{"type":"Feature","id":3064,"properties":{"name":"Goose Bay","code":"CAGOO","country":"Canada","country_code":"CAN","port_type":"Sea"},"geometry":{"type":"Point","coordinates":[-60.40053,53.34342]}},{"type":"Feature","id":3065,"properties":{"name":"Gildeskal","code":"NOGIL","country":"Norway","country_code":"NOR","port_type":"Sea"},"geometry":{"type":"Point","coordinates":[14.02449,67.03565]}},{"type":"Feature","id":3066,"properties":{"name":"Siglufjordur - Hofn","code":"ISSIG","country":"","country_code":"ISL","port_type":"Sea"},"geometry":{"type":"Point","coordinates":[-18.90819,66.14883]}},{"type":"Feature","id":3067,"properties":{"name":"Nuweibah","code":"EGNUW","country":"Egypt","country_code":"EGY","port_type":"Unknown"},"geometry":{"type":"Point","coordinates":[34.66567,28.97305]}},{"type":"Feature","id":3068,"properties":{"name":"Tolanaro","code":"MGFTU","country":"Madagascar","country_code":"MDG","port_type":"Sea"},"geometry":{"type":"Point","coordinates":[46.96286,-25.06778]}},{"type":"Feature","id":3069,"properties":{"name":"Goli Goli","code":"","country":"Mozambique","country_code":"MOZ","port_type":"Unknown"},"geometry":{"type":"Point","coordinates":[35.32618,-17.60574]}},{"type":"Feature","id":3070,"properties":{"name":"Oro Bay","code":"PGROR","country":"","country_code":"PNG","port_type":"Unknown"},"geometry":{"type":"Point","coordinates":[148.49462,-8.89732]}},{"type":"Feature","id":3071,"properties":{"name":"Aneway Bay","code":"PGANB","country":"Papua New Guinea","country_code":"PNG","port_type":"Unknown"},"geometry":{"type":"Point","coordinates":[155.54664,-6.19666]}},{"type":"Feature","id":3072,"properties":{"name":"Gota","code":"SEGOA","country":"Sweden","country_code":"SWE","port_type":"Sea"},"geometry":{"type":"Point","coordinates":[12.13773,58.1083]}},{"type":"Feature","id":3073,"properties":{"name":"Quang Ngai","code":"VNXNG","country":"Viet Nam","country_code":"VNM","port_type":"Sea"},"geometry":{"type":"Point","coordinates":[108.79072,15.13359]}},{"type":"Feature","id":3074,"properties":{"name":"Valleyfield","code":"CAVLF","country":"Canada","country_code":"CAN","port_type":"Sea"},"geometry":{"type":"Point","coordinates":[-74.14167,45.25616]}},{"type":"Feature","id":3075,"properties":{"name":"Tracy","code":"CATRC","country":"Canada","country_code":"CAN","port_type":"Sea"},"geometry":{"type":"Point","coordinates":[-73.13759,46.04736]}},{"type":"Feature","id":3076,"properties":{"name":"Port Canaveral","code":"USPCA","country":"United States of America","country_code":"USA","port_type":"Sea"},"geometry":{"type":"Point","coordinates":[-80.62759,28.41085]}},{"type":"Feature","id":3077,"properties":{"name":"Nanoose","code":"CANNE","country":"","country_code":"CAN","port_type":"Sea"},"geometry":{"type":"Point","coordinates":[-124.18946,49.26228]}},{"type":"Feature","id":3078,"properties":{"name":"Ioco","code":"CAIOC","country":"","country_code":"CAN","port_type":"Sea"},"geometry":{"type":"Point","coordinates":[-122.6041,49.33393]}},{"type":"Feature","id":3079,"properties":{"name":"Butonyi","code":"","country":"Democratic Republic of the Congo","country_code":"COD","port_type":"River"},"geometry":{"type":"Point","coordinates":[29.10454,-1.96147]}},{"type":"Feature","id":3080,"properties":{"name":"Kamasha","code":"","country":"Democratic Republic of the Congo","country_code":"COD","port_type":"River"},"geometry":{"type":"Point","coordinates":[29.05378,-2.05456]}},{"type":"Feature","id":3081,"properties":{"name":"Mwiri","code":"","country":"Democratic Republic of the Congo","country_code":"COD","port_type":"River"},"geometry":{"type":"Point","coordinates":[29.0226,-2.1421]}},{"type":"Feature","id":3082,"properties":{"name":"Karhulo","code":"","country":"Democratic Republic of the Congo","country_code":"COD","port_type":"River"},"geometry":{"type":"Point","coordinates":[29.02319,-2.14512]}},{"type":"Feature","id":3083,"properties":{"name":"Marieberg","code":"SEMAR","country":"Sweden","country_code":"SWE","port_type":"Sea"},"geometry":{"type":"Point","coordinates":[11.7098,57.89426]}},{"type":"Feature","id":3084,"properties":{"name":"Keflavikurkaupstadur","code":"ISKEV","country":"","country_code":"ISL","port_type":"Sea"},"geometry":{"type":"Point","coordinates":[-22.54183,63.98597]}},{"type":"Feature","id":3085,"properties":{"name":"Brussel (Bruxelles)","code":"BEBRU","country":"Belgium","country_code":"BEL","port_type":"Sea"},"geometry":{"type":"Point","coordinates":[4.34687,50.86009]}},{"type":"Feature","id":3086,"properties":{"name":"Antwerpen (Antwerp)","code":"BEANR","country":"Belgium","country_code":"BEL","port_type":"Sea"},"geometry":{"type":"Point","coordinates":[4.38621,51.2495]}},{"type":"Feature","id":3087,"properties":{"name":"Mishima-Kawanoe","code":"JPKWN","country":"Japan","country_code":"JPN","port_type":"Sea"},"geometry":{"type":"Point","coordinates":[133.55796,33.98994]}},{"type":"Feature","id":3088,"properties":{"name":"Kenitra-Media","code":"MANNA","country":"Morocco","country_code":"MAR","port_type":"Sea"},"geometry":{"type":"Point","coordinates":[-6.67308,34.25683]}},{"type":"Feature","id":3089,"properties":{"name":"Unye","code":"TRUNY","country":"","country_code":"TUR","port_type":"Sea"},"geometry":{"type":"Point","coordinates":[37.33216,41.11297]}},{"type":"Feature","id":3090,"properties":{"name":"Suminoe","code":"JPSUM","country":"Japan","country_code":"JPN","port_type":"Sea"},"geometry":{"type":"Point","coordinates":[135.44487,34.61669]}},{"type":"Feature","id":3091,"properties":{"name":"Tabangoa","code":"PHTBG","country":"","country_code":"PHL","port_type":"Sea"},"geometry":{"type":"Point","coordinates":[121.03275,13.76837]}},{"type":"Feature","id":3092,"properties":{"name":"Rottnest Island","code":"AURTS","country":"Australia","country_code":"AUS","port_type":"Sea"},"geometry":{"type":"Point","coordinates":[115.53813,-31.99477]}},{"type":"Feature","id":3093,"properties":{"name":"Bathurst Island","code":"AUBRT","country":"Australia","country_code":"AUS","port_type":"Sea"},"geometry":{"type":"Point","coordinates":[130.63882,-11.76052]}},{"type":"Feature","id":3094,"properties":{"name":"King Bay","code":"AUKIB","country":"Australia","country_code":"AUS","port_type":"Sea"},"geometry":{"type":"Point","coordinates":[143.8452,-39.92795]}},{"type":"Feature","id":3095,"properties":{"name":"Frobisher Bay","code":"CAFBB","country":"Canada","country_code":"CAN","port_type":"Sea"},"geometry":{"type":"Point","coordinates":[-68.50906,63.74111]}},{"type":"Feature","id":3096,"properties":{"name":"Smith'S Bluff","code":"USSML","country":"United States of America","country_code":"USA","port_type":"Sea"},"geometry":{"type":"Point","coordinates":[-93.98359,30.00676]}},{"type":"Feature","id":3097,"properties":{"name":"Stamps","code":"USSTM","country":"United States of America","country_code":"USA","port_type":"Sea"},"geometry":{"type":"Point","coordinates":[-73.54539,41.04315]}},{"type":"Feature","id":3098,"properties":{"name":"Valloy","code":"NOVAL","country":"Norway","country_code":"NOR","port_type":"Sea"},"geometry":{"type":"Point","coordinates":[10.49107,59.2604]}},{"type":"Feature","id":3099,"properties":{"name":"Saltdal","code":"NOSDL","country":"Norway","country_code":"NOR","port_type":"Sea"},"geometry":{"type":"Point","coordinates":[15.3898,67.10361]}},{"type":"Feature","id":3100,"properties":{"name":"Otago Harbour","code":"NZORR","country":"","country_code":"NZL","port_type":"Sea"},"geometry":{"type":"Point","coordinates":[170.62699,-45.79917]}},{"type":"Feature","id":3101,"properties":{"name":"Jawaharlal Nehru","code":"INNSA","country":"","country_code":"IND","port_type":"Sea"},"geometry":{"type":"Point","coordinates":[72.95043,18.95374]}},{"type":"Feature","id":3102,"properties":{"name":"Mitajiri","code":"JPNAN","country":"Japan","country_code":"JPN","port_type":"Sea"},"geometry":{"type":"Point","coordinates":[131.59142,34.03783]}},{"type":"Feature","id":3103,"properties":{"name":"Uchiura","code":"JPUCR","country":"Japan","country_code":"JPN","port_type":"Sea"},"geometry":{"type":"Point","coordinates":[135.5055,35.52226]}},{"type":"Feature","id":3104,"properties":{"name":"Wajima","code":"JPWJM","country":"Japan","country_code":"JPN","port_type":"Sea"},"geometry":{"type":"Point","coordinates":[136.9005,37.39975]}},{"type":"Feature","id":3105,"properties":{"name":"Mina Saud","code":"KWMIS","country":"Kuwait","country_code":"KWT","port_type":"Sea"},"geometry":{"type":"Point","coordinates":[48.3834,28.7192]}},{"type":"Feature","id":3106,"properties":{"name":"Gan Island","code":"MVGAN","country":"","country_code":"MDV","port_type":"Sea"},"geometry":{"type":"Point","coordinates":[73.14929,-0.68777]}},{"type":"Feature","id":3107,"properties":{"name":"Labuan Hadji","code":"MYLBH","country":"Malaysia","country_code":"MYS","port_type":"Sea"},"geometry":{"type":"Point","coordinates":[115.23321,5.27289]}},{"type":"Feature","id":3108,"properties":{"name":"Malacca","code":"MYMKZ","country":"Malaysia","country_code":"MYS","port_type":"Sea"},"geometry":{"type":"Point","coordinates":[102.25423,2.1909]}},{"type":"Feature","id":3109,"properties":{"name":"Thialis","code":"FRTHI","country":"","country_code":"NCL","port_type":"Sea"},"geometry":{"type":"Point","coordinates":[166.24114,-21.61457]}},{"type":"Feature","id":3110,"properties":{"name":"Diliskelesi","code":"TRDIL","country":"","country_code":"TUR","port_type":"Sea"},"geometry":{"type":"Point","coordinates":[29.53002,40.76636]}},{"type":"Feature","id":3111,"properties":{"name":"Ras Al Kalib","code":"YERAK","country":"Yemen","country_code":"YEM","port_type":"Sea"},"geometry":{"type":"Point","coordinates":[42.87917,14.91482]}},{"type":"Feature","id":3112,"properties":{"name":"Isla De Pascua","code":"CLIPC","country":"Chile","country_code":"CHL","port_type":"Sea"},"geometry":{"type":"Point","coordinates":[-109.43841,-27.15358]}},{"type":"Feature","id":3113,"properties":{"name":"Tuticorin","code":"INTUT","country":"","country_code":"IND","port_type":"Sea"},"geometry":{"type":"Point","coordinates":[78.1941,8.75636]}},{"type":"Feature","id":3114,"properties":{"name":"Kokkola","code":"FIKOK","country":"Finland","country_code":"FIN","port_type":"Sea"},"geometry":{"type":"Point","coordinates":[23.0488,63.86256]}},{"type":"Feature","id":3115,"properties":{"name":"Campbellton","code":"CACOM","country":"","country_code":"CAN","port_type":"Sea"},"geometry":{"type":"Point","coordinates":[-66.65541,48.0]}},{"type":"Feature","id":3116,"properties":{"name":"Mananara","code":"MGWMR","country":"","country_code":"MDG","port_type":"Sea"},"geometry":{"type":"Point","coordinates":[49.76884,-16.16115]}},{"type":"Feature","id":3117,"properties":{"name":"Kyndby / Krostrup","code":"DKKBY","country":"Denmark","country_code":"DNK","port_type":"Sea"},"geometry":{"type":"Point","coordinates":[11.88131,55.81155]}},{"type":"Feature","id":3118,"properties":{"name":"Skutskar","code":"SESSR","country":"Sweden","country_code":"SWE","port_type":"Sea"},"geometry":{"type":"Point","coordinates":[17.39247,60.64672]}},{"type":"Feature","id":3119,"properties":{"name":"Fairport","code":"USFPT","country":"United States of America","country_code":"USA","port_type":"Lake"},"geometry":{"type":"Point","coordinates":[-81.28178,41.75182]}},{"type":"Feature","id":3120,"properties":{"name":"Sena","code":"","country":"Mozambique","country_code":"MOZ","port_type":"Unknown"},"geometry":{"type":"Point","coordinates":[35.04645,-17.44401]}},{"type":"Feature","id":3121,"properties":{"name":"Lisboa (Lisbon)","code":"PTLIS","country":"Portugal","country_code":"PRT","port_type":"Sea"},"geometry":{"type":"Point","coordinates":[-9.16695,38.70056]}},{"type":"Feature","id":3122,"properties":{"name":"Berre","code":"FRBEE","country":"France","country_code":"FRA","port_type":"Sea"},"geometry":{"type":"Point","coordinates":[5.16688,43.47139]}},{"type":"Feature","id":3123,"properties":{"name":"Falconara","code":"ITFAL","country":"Italy","country_code":"ITA","port_type":"Sea"},"geometry":{"type":"Point","coordinates":[13.38342,43.6376]}},{"type":"Feature","id":3124,"properties":{"name":"Puerto Bolivar","code":"COPBO","country":"Colombia","country_code":"COL","port_type":"Sea"},"geometry":{"type":"Point","coordinates":[-71.95953,12.249]}},{"type":"Feature","id":3125,"properties":{"name":"Tjilatjap","code":"IDTJI","country":"Indonesia","country_code":"IDN","port_type":"Sea"},"geometry":{"type":"Point","coordinates":[109.08483,-7.68807]}},{"type":"Feature","id":3126,"properties":{"name":"Manati","code":"CUMNT","country":"Cuba","country_code":"CUB","port_type":"Sea"},"geometry":{"type":"Point","coordinates":[-76.82571,21.35853]}},{"type":"Feature","id":3127,"properties":{"name":"Kalimnos Island","code":"GRKMI","country":"Greece","country_code":"GRC","port_type":"Sea"},"geometry":{"type":"Point","coordinates":[26.98509,36.94686]}},{"type":"Feature","id":3128,"properties":{"name":"Kish Island","code":"","country":"Iran  (Islamic Republic of)","country_code":"IRN","port_type":"Sea"},"geometry":{"type":"Point","coordinates":[54.00454,26.56645]}},{"type":"Feature","id":3129,"properties":{"name":"La Plata","code":"ARLPG","country":"Argentina","country_code":"ARG","port_type":"Sea"},"geometry":{"type":"Point","coordinates":[-57.8957,-34.86214]}},{"type":"Feature","id":3130,"properties":{"name":"Estero Bay","code":"USESB","country":"United States of America","country_code":"USA","port_type":"Sea"},"geometry":{"type":"Point","coordinates":[-120.9065,35.4491]}},{"type":"Feature","id":3131,"properties":{"name":"Strand","code":"NOSTD","country":"Norway","country_code":"NOR","port_type":"Sea"},"geometry":{"type":"Point","coordinates":[6.04371,59.0191]}},{"type":"Feature","id":3132,"properties":{"name":"Olbia (Terranova)","code":"ITOLB","country":"Italy","country_code":"ITA","port_type":"Sea"},"geometry":{"type":"Point","coordinates":[9.50519,40.92508]}},{"type":"Feature","id":3133,"properties":{"name":"Budge-Budge","code":"INBUD","country":"India","country_code":"IND","port_type":"River"},"geometry":{"type":"Point","coordinates":[88.18107,22.48903]}},{"type":"Feature","id":3134,"properties":{"name":"Mizushima","code":"JPMIZ","country":"Japan","country_code":"JPN","port_type":"Sea"},"geometry":{"type":"Point","coordinates":[133.73613,34.50968]}},{"type":"Feature","id":3135,"properties":{"name":"Tagonoura","code":"JPTGO","country":"Japan","country_code":"JPN","port_type":"Sea"},"geometry":{"type":"Point","coordinates":[138.69711,35.13918]}},{"type":"Feature","id":3136,"properties":{"name":"Abashiri","code":"JPABA","country":"Japan","country_code":"JPN","port_type":"Sea"},"geometry":{"type":"Point","coordinates":[144.284,44.01352]}},{"type":"Feature","id":3137,"properties":{"name":"Ez Zahrani","code":"","country":"","country_code":"LBN","port_type":"Unknown"},"geometry":{"type":"Point","coordinates":[35.34433,33.50451]}},{"type":"Feature","id":3138,"properties":{"name":"Pakera Point","code":"","country":"Solomon islands","country_code":"SLB","port_type":"Unknown"},"geometry":{"type":"Point","coordinates":[161.78921,-10.4108]}},{"type":"Feature","id":3139,"properties":{"name":"Skua Venture","code":"","country":"","country_code":"PYF","port_type":"Sea"},"geometry":{"type":"Point","coordinates":[125.0037,-12.10727]}},{"type":"Feature","id":3140,"properties":{"name":"Point Galeota","code":"TTPTG","country":"Trinidad and Tobago","country_code":"TTO","port_type":"Sea"},"geometry":{"type":"Point","coordinates":[-60.99736,10.14076]}},{"type":"Feature","id":3141,"properties":{"name":"Sarkoy","code":"TRSRK","country":"","country_code":"TUR","port_type":"Sea"},"geometry":{"type":"Point","coordinates":[27.11355,40.61138]}},{"type":"Feature","id":3142,"properties":{"name":"Red Beach","code":"VNRBE","country":"Viet Nam","country_code":"VNM","port_type":"Sea"},"geometry":{"type":"Point","coordinates":[108.23367,16.09529]}},{"type":"Feature","id":3143,"properties":{"name":"Caracasbaii","code":"ANCRB","country":"Netherlands Antilles","country_code":"ANT","port_type":"Sea"},"geometry":{"type":"Point","coordinates":[-68.86089,12.06961]}},{"type":"Feature","id":3144,"properties":{"name":"San Antonio Este","code":"ARSAE","country":"Argentina","country_code":"ARG","port_type":"Sea"},"geometry":{"type":"Point","coordinates":[-64.93845,-40.73555]}},{"type":"Feature","id":3145,"properties":{"name":"Min-Al-Fahal","code":"OMMFH","country":"Oman","country_code":"OMN","port_type":"Sea"},"geometry":{"type":"Point","coordinates":[58.50812,23.63931]}},{"type":"Feature","id":3146,"properties":{"name":"Port Medway","code":"CAPMW","country":"Canada","country_code":"CAN","port_type":"Sea"},"geometry":{"type":"Point","coordinates":[-64.57534,44.15172]}},{"type":"Feature","id":3147,"properties":{"name":"Come By Chance Bay","code":"CACBC","country":"Canada","country_code":"CAN","port_type":"Sea"},"geometry":{"type":"Point","coordinates":[-53.73581,47.63018]}},{"type":"Feature","id":3148,"properties":{"name":"Aughinish Island","code":"IEAUG","country":"Ireland","country_code":"IRL","port_type":"Sea"},"geometry":{"type":"Point","coordinates":[-9.05915,52.6347]}},{"type":"Feature","id":3149,"properties":{"name":"Tagoloan Mis. Or","code":"PHTGO","country":"","country_code":"PHL","port_type":"Sea"},"geometry":{"type":"Point","coordinates":[124.74165,8.53392]}},{"type":"Feature","id":3150,"properties":{"name":"Golcuk","code":"TRGOK","country":"Turkey","country_code":"TUR","port_type":"Sea"},"geometry":{"type":"Point","coordinates":[29.82794,40.72124]}},{"type":"Feature","id":3151,"properties":{"name":"Endau","code":"MYEND","country":"Malaysia","country_code":"MYS","port_type":"Sea"},"geometry":{"type":"Point","coordinates":[103.62351,2.65542]}},{"type":"Feature","id":3152,"properties":{"name":"Iokanka","code":"RUIOK","country":"Russian Federation","country_code":"RUS","port_type":"Sea"},"geometry":{"type":"Point","coordinates":[39.51599,68.05647]}},{"type":"Feature","id":3153,"properties":{"name":"Cozumel","code":"MXCZM","country":"Mexico","country_code":"MEX","port_type":"Sea"},"geometry":{"type":"Point","coordinates":[-86.95512,20.50756]}},{"type":"Feature","id":3154,"properties":{"name":"Port Dalrymple","code":"AUPTD","country":"Australia","country_code":"AUS","port_type":"Sea"},"geometry":{"type":"Point","coordinates":[146.82309,-41.10773]}},{"type":"Feature","id":3155,"properties":{"name":"Cape Preston","code":"AUCPN","country":"Australia","country_code":"AUS","port_type":"Sea"},"geometry":{"type":"Point","coordinates":[116.20503,-20.84135]}},{"type":"Feature","id":3156,"properties":{"name":"Pointe Au Pic","code":"CAPPC","country":"Canada","country_code":"CAN","port_type":"Sea"},"geometry":{"type":"Point","coordinates":[-70.14117,47.62255]}},{"type":"Feature","id":3157,"properties":{"name":"Chester","code":"CACST","country":"Canada","country_code":"CAN","port_type":"Sea"},"geometry":{"type":"Point","coordinates":[-90.69424,63.34185]}},{"type":"Feature","id":3158,"properties":{"name":"Gray","code":"USGRG","country":"United States of America","country_code":"USA","port_type":"Sea"},"geometry":{"type":"Point","coordinates":[-123.84986,46.96498]}},{"type":"Feature","id":3159,"properties":{"name":"Corpus Christi","code":"USCRP","country":"United States of America","country_code":"USA","port_type":"Sea"},"geometry":{"type":"Point","coordinates":[-97.3901,27.83327]}},{"type":"Feature","id":3160,"properties":{"name":"Halvorshavn","code":"NOHAN","country":"Norway","country_code":"NOR","port_type":"Sea"},"geometry":{"type":"Point","coordinates":[10.61711,59.57347]}},{"type":"Feature","id":3161,"properties":{"name":"Nador","code":"MANDR","country":"Morocco","country_code":"MAR","port_type":"Sea"},"geometry":{"type":"Point","coordinates":[-2.91043,35.16256]}},{"type":"Feature","id":3162,"properties":{"name":"Rotuma","code":"FJRTA","country":"Fiji","country_code":"FJI","port_type":"Unknown"},"geometry":{"type":"Point","coordinates":[177.04068,-12.50707]}},{"type":"Feature","id":3163,"properties":{"name":"Himeji","code":"JPABO","country":"Japan","country_code":"JPN","port_type":"Sea"},"geometry":{"type":"Point","coordinates":[134.60045,34.77748]}},{"type":"Feature","id":3164,"properties":{"name":"Hiki","code":"JPHIK","country":"Japan","country_code":"JPN","port_type":"Sea"},"geometry":{"type":"Point","coordinates":[135.13119,34.22805]}},{"type":"Feature","id":3165,"properties":{"name":"Vuda","code":"FJVUD","country":"","country_code":"FJI","port_type":"Unknown"},"geometry":{"type":"Point","coordinates":[177.38855,-17.68339]}},{"type":"Feature","id":3166,"properties":{"name":"Sumenep","code":"IDSUP","country":"Indonesia","country_code":"IDN","port_type":"Sea"},"geometry":{"type":"Point","coordinates":[102.15853,1.36036]}},{"type":"Feature","id":3167,"properties":{"name":"Puerto Padre","code":"CUPPA","country":"Cuba","country_code":"CUB","port_type":"Sea"},"geometry":{"type":"Point","coordinates":[-76.5986,21.20113]}},{"type":"Feature","id":3168,"properties":{"name":"Kinwan","code":"JPKIN","country":"Japan","country_code":"JPN","port_type":"Sea"},"geometry":{"type":"Point","coordinates":[127.95831,26.33912]}},{"type":"Feature","id":3169,"properties":{"name":"Tahara","code":"JPATM","country":"Japan","country_code":"JPN","port_type":"Sea"},"geometry":{"type":"Point","coordinates":[137.08806,34.64758]}},{"type":"Feature","id":3170,"properties":{"name":"Kinuura","code":"JPKNU","country":"Japan","country_code":"JPN","port_type":"Sea"},"geometry":{"type":"Point","coordinates":[136.97852,34.91329]}},{"type":"Feature","id":3171,"properties":{"name":"Pohang","code":"KRKPO","country":"","country_code":"KOR","port_type":"Sea"},"geometry":{"type":"Point","coordinates":[129.4015,36.01113]}},{"type":"Feature","id":3172,"properties":{"name":"Tanjong Kling","code":"MYTKL","country":"Malaysia","country_code":"MYS","port_type":"Sea"},"geometry":{"type":"Point","coordinates":[111.33789,2.15938]}},{"type":"Feature","id":3173,"properties":{"name":"Okhotsk","code":"RUOHO","country":"Russian Federation","country_code":"RUS","port_type":"Sea"},"geometry":{"type":"Point","coordinates":[143.1811,59.35039]}},{"type":"Feature","id":3174,"properties":{"name":"Vostochniy","code":"RUVYP","country":"Russian Federation","country_code":"RUS","port_type":"Sea"},"geometry":{"type":"Point","coordinates":[133.08259,42.73504]}},{"type":"Feature","id":3175,"properties":{"name":"Choiseul Bay","code":"SBCHY","country":"Solomon islands","country_code":"SLB","port_type":"Sea"},"geometry":{"type":"Point","coordinates":[156.40951,-6.69285]}},{"type":"Feature","id":3176,"properties":{"name":"Grand Turk Island","code":"TCGDT","country":"Turks and Caicos islands","country_code":"TCA","port_type":"Sea"},"geometry":{"type":"Point","coordinates":[-71.14488,21.42729]}},{"type":"Feature","id":3177,"properties":{"name":"Point Lisas","code":"TTPTS","country":"Trinidad and Tobago","country_code":"TTO","port_type":"Sea"},"geometry":{"type":"Point","coordinates":[-61.48727,10.39971]}},{"type":"Feature","id":3178,"properties":{"name":"Ceyhan","code":"TRCEY","country":"","country_code":"TUR","port_type":"Sea"},"geometry":{"type":"Point","coordinates":[35.9351,36.88203]}},{"type":"Feature","id":3179,"properties":{"name":"Puerto Ordaz","code":"VEPZO","country":"Venezuela","country_code":"VEN","port_type":"River"},"geometry":{"type":"Point","coordinates":[-62.72199,8.34103]}},{"type":"Feature","id":3180,"properties":{"name":"Lumut","code":"BNLUM","country":"Brunei Darussalam","country_code":"BRN","port_type":"Sea"},"geometry":{"type":"Point","coordinates":[114.46374,4.67375]}},{"type":"Feature","id":3181,"properties":{"name":"Cruz Grande","code":"CLCGR","country":"Chile","country_code":"CHL","port_type":"Sea"},"geometry":{"type":"Point","coordinates":[-71.31366,-29.45209]}},{"type":"Feature","id":3182,"properties":{"name":"San Lorenzo / Maracaibo L","code":"VESLV","country":"","country_code":"VEN","port_type":"Sea"},"geometry":{"type":"Point","coordinates":[-71.06699,9.77922]}},{"type":"Feature","id":3183,"properties":{"name":"Hamburg-Harburg","code":"DEHBU","country":"Germany","country_code":"DEU","port_type":"Sea"},"geometry":{"type":"Point","coordinates":[9.96217,53.48015]}},{"type":"Feature","id":3184,"properties":{"name":"Rosarito Terminal","code":"MXRST","country":"","country_code":"MEX","port_type":"Sea"},"geometry":{"type":"Point","coordinates":[-117.07289,32.36855]}},{"type":"Feature","id":3185,"properties":{"name":"Shuaiba","code":"KWMIB","country":"Kuwait","country_code":"KWT","port_type":"Sea"},"geometry":{"type":"Point","coordinates":[48.15593,29.0395]}},{"type":"Feature","id":3186,"properties":{"name":"Benoa","code":"IDBOA","country":"","country_code":"IDN","port_type":"Sea"},"geometry":{"type":"Point","coordinates":[115.20943,-8.74329]}},{"type":"Feature","id":3187,"properties":{"name":"El Dekheila","code":"EGEDK","country":"Egypt","country_code":"EGY","port_type":"Sea"},"geometry":{"type":"Point","coordinates":[29.79895,31.1326]}},{"type":"Feature","id":3188,"properties":{"name":"Tyne","code":"GBTYN","country":"U.K. of Great Britain and Northern Ireland","country_code":"GBR","port_type":"Sea"},"geometry":{"type":"Point","coordinates":[-1.41982,55.01643]}},{"type":"Feature","id":3189,"properties":{"name":"Alesund","code":"NOAES","country":"Norway","country_code":"NOR","port_type":"Sea"},"geometry":{"type":"Point","coordinates":[6.15274,62.47299]}},{"type":"Feature","id":3190,"properties":{"name":"Ichikikushikino","code":"","country":"Japan","country_code":"JPN","port_type":"Sea"},"geometry":{"type":"Point","coordinates":[130.26021,31.71546]}},{"type":"Feature","id":3191,"properties":{"name":"Bagata","code":"","country":"Democratic Republic of the Congo","country_code":"COD","port_type":"River"},"geometry":{"type":"Point","coordinates":[23.0631,2.26526]}},{"type":"Feature","id":3192,"properties":{"name":"San Jose Carangian","code":"","country":"Philippines","country_code":"PHL","port_type":"Sea"},"geometry":{"type":"Point","coordinates":[124.48596,12.53328]}},{"type":"Feature","id":3193,"properties":{"name":"Warnemunde","code":"DEWAR","country":"Germany","country_code":"DEU","port_type":"Sea"},"geometry":{"type":"Point","coordinates":[12.1167,54.15078]}},{"type":"Feature","id":3194,"properties":{"name":"Ramsey","code":"GBRSY","country":"","country_code":"IMY","port_type":"Sea"},"geometry":{"type":"Point","coordinates":[-4.3757,54.31824]}},{"type":"Feature","id":3195,"properties":{"name":"Hamrawein","code":"EGHAM","country":"Egypt","country_code":"EGY","port_type":"Sea"},"geometry":{"type":"Point","coordinates":[34.20444,26.25572]}},{"type":"Feature","id":3196,"properties":{"name":"Suez Canal","code":"","country":"Egypt","country_code":"EGY","port_type":"Sea"},"geometry":{"type":"Point","coordinates":[32.28029,30.58835]}},{"type":"Feature","id":3197,"properties":{"name":"Santo Tomas De Castilla","code":"","country":"","country_code":"HND","port_type":"Unknown"},"geometry":{"type":"Point","coordinates":[-87.44342,15.79067]}},{"type":"Feature","id":3198,"properties":{"name":"Mumbai","code":"","country":"","country_code":"IND","port_type":"Sea"},"geometry":{"type":"Point","coordinates":[72.83812,18.9247]}},{"type":"Feature","id":3199,"properties":{"name":"Sirri Island","code":"IRSXI","country":"","country_code":"IRN","port_type":"Sea"},"geometry":{"type":"Point","coordinates":[54.55135,25.89589]}},{"type":"Feature","id":3200,"properties":{"name":"Higashikagawa","code":"","country":"Japan","country_code":"JPN","port_type":"Sea"},"geometry":{"type":"Point","coordinates":[134.33769,34.25746]}},{"type":"Feature","id":3201,"properties":{"name":"Port Of Oskemen","code":"","country":"Kazakhstan","country_code":"KAZ","port_type":"River"},"geometry":{"type":"Point","coordinates":[82.65223,49.94202]}},{"type":"Feature","id":3202,"properties":{"name":"Shuwaikh","code":"KWSWK","country":"Kuwait","country_code":"KWT","port_type":"Sea"},"geometry":{"type":"Point","coordinates":[47.93437,29.34865]}},{"type":"Feature","id":3203,"properties":{"name":"Ain El Mraisse _El Manara","code":"","country":"","country_code":"LBN","port_type":"Unknown"},"geometry":{"type":"Point","coordinates":[35.4689,33.89853]}},{"type":"Feature","id":3204,"properties":{"name":"Ain El Mraisse _El Jisr","code":"","country":"Lebanon","country_code":"LBN","port_type":"Unknown"},"geometry":{"type":"Point","coordinates":[35.49546,33.90228]}},{"type":"Feature","id":3205,"properties":{"name":"Sangatta","code":"IDTBA","country":"","country_code":"IDN","port_type":"Sea"},"geometry":{"type":"Point","coordinates":[117.64344,0.5357]}},{"type":"Feature","id":3206,"properties":{"name":"Salinas","code":"ECSNC","country":"Ecuador","country_code":"ECU","port_type":"Sea"},"geometry":{"type":"Point","coordinates":[-80.81088,-2.15858]}},{"type":"Feature","id":3207,"properties":{"name":"Manzanillo","code":"DOMAN","country":"","country_code":"HTI","port_type":"Sea"},"geometry":{"type":"Point","coordinates":[-71.74349,19.70629]}},{"type":"Feature","id":3208,"properties":{"name":"Jardim","code":"","country":"Mozambique","country_code":"MOZ","port_type":"Unknown"},"geometry":{"type":"Point","coordinates":[35.19096,-17.63093]}},{"type":"Feature","id":3209,"properties":{"name":"Payardi","code":"PAPAY","country":"Panama","country_code":"PAN","port_type":"Sea"},"geometry":{"type":"Point","coordinates":[-79.81967,9.39205]}},{"type":"Feature","id":3210,"properties":{"name":"Viru Harbour","code":"SBVIU","country":"Solomon islands","country_code":"SLB","port_type":"Sea"},"geometry":{"type":"Point","coordinates":[157.73026,-8.49935]}},{"type":"Feature","id":3211,"properties":{"name":"Malloco Bay","code":"","country":"Solomon islands","country_code":"SLB","port_type":"Unknown"},"geometry":{"type":"Point","coordinates":[156.60523,-7.58006]}},{"type":"Feature","id":3212,"properties":{"name":"Bartin","code":"TRBTN","country":"Turkey","country_code":"TUR","port_type":"Sea"},"geometry":{"type":"Point","coordinates":[32.23357,41.68671]}},{"type":"Feature","id":3213,"properties":{"name":"Punta Quilla","code":"ARPQU","country":"Argentina","country_code":"ARG","port_type":"Sea"},"geometry":{"type":"Point","coordinates":[-68.40857,-50.1218]}},{"type":"Feature","id":3214,"properties":{"name":"Ras Sudr","code":"","country":"Egypt","country_code":"EGY","port_type":"Sea"},"geometry":{"type":"Point","coordinates":[32.71222,29.5851]}},{"type":"Feature","id":3215,"properties":{"name":"Santa Fe","code":"","country":"Philippines","country_code":"PHL","port_type":"Sea"},"geometry":{"type":"Point","coordinates":[123.80562,11.16465]}},{"type":"Feature","id":3216,"properties":{"name":"Hagnaya","code":"","country":"Philippines","country_code":"PHL","port_type":"Sea"},"geometry":{"type":"Point","coordinates":[123.94481,11.09309]}},{"type":"Feature","id":3217,"properties":{"name":"Polambato","code":"","country":"","country_code":"PHL","port_type":"Sea"},"geometry":{"type":"Point","coordinates":[123.9966,11.06977]}},{"type":"Feature","id":3218,"properties":{"name":"Naval","code":"","country":"","country_code":"PHL","port_type":"Sea"},"geometry":{"type":"Point","coordinates":[124.39179,11.56037]}},{"type":"Feature","id":3219,"properties":{"name":"Bulan","code":"","country":"","country_code":"PHL","port_type":"Sea"},"geometry":{"type":"Point","coordinates":[123.87389,12.66474]}},{"type":"Feature","id":3220,"properties":{"name":"Termiz","code":"","country":"Uzbekistan","country_code":"UZB","port_type":"River"},"geometry":{"type":"Point","coordinates":[67.30259,37.19916]}},{"type":"Feature","id":3221,"properties":{"name":"Palanca Terminal","code":"AOPAT","country":"","country_code":"AGO","port_type":"Sea"},"geometry":{"type":"Point","coordinates":[12.4035,-6.95207]}},{"type":"Feature","id":3222,"properties":{"name":"Novo Redondo","code":"AONOE","country":"","country_code":"AGO","port_type":"Sea"},"geometry":{"type":"Point","coordinates":[13.83532,-11.18835]}},{"type":"Feature","id":3223,"properties":{"name":"Willemstad","code":"ANWIL","country":"Netherlands Antilles","country_code":"ANT","port_type":"Sea"},"geometry":{"type":"Point","coordinates":[-68.93912,12.10711]}},{"type":"Feature","id":3224,"properties":{"name":"Philipsburg","code":"ANPHI","country":"Netherlands Antilles","country_code":"ANT","port_type":"Sea"},"geometry":{"type":"Point","coordinates":[-63.04171,18.02084]}},{"type":"Feature","id":3225,"properties":{"name":"Zurku Island","code":"AEZUR","country":"United Arab Emirates","country_code":"ARE","port_type":"Unknown"},"geometry":{"type":"Point","coordinates":[53.06485,24.89824]}},{"type":"Feature","id":3226,"properties":{"name":"Arzanah Island","code":"AEARZ","country":"","country_code":"ARE","port_type":"Sea"},"geometry":{"type":"Point","coordinates":[52.56419,24.77698]}},{"type":"Feature","id":3227,"properties":{"name":"Das Island","code":"AEDAS","country":"United Arab Emirates","country_code":"ARE","port_type":"Sea"},"geometry":{"type":"Point","coordinates":[52.88002,25.14179]}},{"type":"Feature","id":3228,"properties":{"name":"Abu Al Bukhoosh","code":"AEABU","country":"","country_code":"ARE","port_type":"Unknown"},"geometry":{"type":"Point","coordinates":[53.08523,24.8797]}},{"type":"Feature","id":3229,"properties":{"name":"Halul","code":"QAHAL","country":"","country_code":"QAT","port_type":"Sea"},"geometry":{"type":"Point","coordinates":[52.41047,25.66842]}},{"type":"Feature","id":3230,"properties":{"name":"Fateh Terminal","code":"AEFAT","country":"United Arab Emirates","country_code":"ARE","port_type":"Unknown"},"geometry":{"type":"Point","coordinates":[54.23508,25.21981]}},{"type":"Feature","id":3231,"properties":{"name":"Mubarek Terminal","code":"AEMUB","country":"Iran  (Islamic Republic of)","country_code":"IRN","port_type":"Unknown"},"geometry":{"type":"Point","coordinates":[55.01132,25.87548]}},{"type":"Feature","id":3232,"properties":{"name":"Jebel Ali","code":"AEJEA","country":"United Arab Emirates","country_code":"ARE","port_type":"Sea"},"geometry":{"type":"Point","coordinates":[55.04795,24.99389]}},{"type":"Feature","id":3233,"properties":{"name":"Port Huon","code":"AUPHU","country":"Australia","country_code":"AUS","port_type":"Sea"},"geometry":{"type":"Point","coordinates":[146.97602,-43.1586]}},{"type":"Feature","id":3234,"properties":{"name":"Port Giles","code":"AUPGI","country":"Australia","country_code":"AUS","port_type":"Sea"},"geometry":{"type":"Point","coordinates":[137.75838,-35.0214]}},{"type":"Feature","id":3235,"properties":{"name":"Cape Leeuwin","code":"AUCLN","country":"Australia","country_code":"AUS","port_type":"Sea"},"geometry":{"type":"Point","coordinates":[115.16699,-34.35463]}},{"type":"Feature","id":3236,"properties":{"name":"Port Bonython","code":"AUPBY","country":"Australia","country_code":"AUS","port_type":"Sea"},"geometry":{"type":"Point","coordinates":[137.76428,-32.99192]}},{"type":"Feature","id":3237,"properties":{"name":"Useless Loop","code":"AUUSL","country":"Australia","country_code":"AUS","port_type":"Sea"},"geometry":{"type":"Point","coordinates":[113.41288,-26.13013]}},{"type":"Feature","id":3238,"properties":{"name":"Exmouth","code":"AUPEX","country":"Australia","country_code":"AUS","port_type":"Sea"},"geometry":{"type":"Point","coordinates":[114.13671,-21.95633]}},{"type":"Feature","id":3239,"properties":{"name":"Port Rhoades","code":"JMPRH","country":"Jamaica","country_code":"JAM","port_type":"Sea"},"geometry":{"type":"Point","coordinates":[-77.41208,18.46072]}},{"type":"Feature","id":3240,"properties":{"name":"Saladin Marine Terminal","code":"AUSMT","country":"Australia","country_code":"AUS","port_type":"Sea"},"geometry":{"type":"Point","coordinates":[115.02432,-21.45933]}},{"type":"Feature","id":3241,"properties":{"name":"Varanus Island","code":"AUVAR","country":"Australia","country_code":"AUS","port_type":"Sea"},"geometry":{"type":"Point","coordinates":[115.47305,-20.72734]}},{"type":"Feature","id":3242,"properties":{"name":"Abbot Point","code":"AUABP","country":"Australia","country_code":"AUS","port_type":"Sea"},"geometry":{"type":"Point","coordinates":[148.07557,-19.88987]}},{"type":"Feature","id":3243,"properties":{"name":"Yampi","code":"AUYAM","country":"Australia","country_code":"AUS","port_type":"Sea"},"geometry":{"type":"Point","coordinates":[123.74961,-16.14732]}},{"type":"Feature","id":3244,"properties":{"name":"Cape Flattery","code":"AUCQP","country":"Australia","country_code":"AUS","port_type":"Sea"},"geometry":{"type":"Point","coordinates":[145.35109,-14.98212]}},{"type":"Feature","id":3245,"properties":{"name":"M'Bya Terminal","code":"GAMBY","country":"","country_code":"GAB","port_type":"Sea"},"geometry":{"type":"Point","coordinates":[10.9267,-3.88157]}},{"type":"Feature","id":3246,"properties":{"name":"Saida","code":"","country":"","country_code":"LBN","port_type":"Sea"},"geometry":{"type":"Point","coordinates":[35.3675,33.56453]}},{"type":"Feature","id":3247,"properties":{"name":"Merca","code":"","country":"Somalia","country_code":"SOM","port_type":"Sea"},"geometry":{"type":"Point","coordinates":[44.76915,1.713]}},{"type":"Feature","id":3248,"properties":{"name":"Guiuan","code":"","country":"Philippines","country_code":"PHL","port_type":"Sea"},"geometry":{"type":"Point","coordinates":[125.72299,11.03074]}},{"type":"Feature","id":3249,"properties":{"name":"Thursday Island","code":"AUTIS","country":"Australia","country_code":"AUS","port_type":"Sea"},"geometry":{"type":"Point","coordinates":[142.21965,-10.5851]}},{"type":"Feature","id":3250,"properties":{"name":"Port Stanvac","code":"AUPST","country":"Australia","country_code":"AUS","port_type":"Sea"},"geometry":{"type":"Point","coordinates":[138.47131,-35.1104]}},{"type":"Feature","id":3251,"properties":{"name":"Newcastle","code":"AUNTL","country":"Australia","country_code":"AUS","port_type":"Sea"},"geometry":{"type":"Point","coordinates":[151.76552,-32.91905]}},{"type":"Feature","id":3252,"properties":{"name":"South West Rocks","code":"AUSWR","country":"Australia","country_code":"AUS","port_type":"Sea"},"geometry":{"type":"Point","coordinates":[153.01741,-30.8938]}},{"type":"Feature","id":3253,"properties":{"name":"Port Walcott","code":"AUPWL","country":"Australia","country_code":"AUS","port_type":"Sea"},"geometry":{"type":"Point","coordinates":[117.14092,-20.62781]}},{"type":"Feature","id":3254,"properties":{"name":"Spring Bay","code":"AUSPB","country":"Australia","country_code":"AUS","port_type":"Sea"},"geometry":{"type":"Point","coordinates":[147.91873,-42.51002]}},{"type":"Feature","id":3255,"properties":{"name":"Clarence River","code":"AUCLR","country":"Australia","country_code":"AUS","port_type":"Sea"},"geometry":{"type":"Point","coordinates":[153.34921,-29.40776]}},{"type":"Feature","id":3256,"properties":{"name":"Derby","code":"AUDRB","country":"Australia","country_code":"AUS","port_type":"Sea"},"geometry":{"type":"Point","coordinates":[123.60922,-17.29159]}},{"type":"Feature","id":3257,"properties":{"name":"Gove","code":"AUGOV","country":"Australia","country_code":"AUS","port_type":"Sea"},"geometry":{"type":"Point","coordinates":[136.67919,-12.19841]}},{"type":"Feature","id":3258,"properties":{"name":"Griffin Venture","code":"","country":"Australia","country_code":"AUS","port_type":"Sea"},"geometry":{"type":"Point","coordinates":[115.13003,-21.64596]}},{"type":"Feature","id":3259,"properties":{"name":"Long Pond","code":"CALOP","country":"Canada","country_code":"CAN","port_type":"Sea"},"geometry":{"type":"Point","coordinates":[-52.97776,47.51643]}},{"type":"Feature","id":3260,"properties":{"name":"Fort Chimo","code":"CAFCM","country":"","country_code":"CAN","port_type":"Sea"},"geometry":{"type":"Point","coordinates":[-68.40779,58.09832]}},{"type":"Feature","id":3261,"properties":{"name":"Deception Bay","code":"CADEB","country":"Canada","country_code":"CAN","port_type":"Sea"},"geometry":{"type":"Point","coordinates":[-74.6952,62.14541]}},{"type":"Feature","id":3262,"properties":{"name":"Shippegan","code":"CASHP","country":"Canada","country_code":"CAN","port_type":"Sea"},"geometry":{"type":"Point","coordinates":[-64.7094,47.74219]}},{"type":"Feature","id":3263,"properties":{"name":"Harmac","code":"CAHMC","country":"Canada","country_code":"CAN","port_type":"Sea"},"geometry":{"type":"Point","coordinates":[-123.8577,49.13898]}},{"type":"Feature","id":3264,"properties":{"name":"Woodfibre","code":"CAWOO","country":"Canada","country_code":"CAN","port_type":"Sea"},"geometry":{"type":"Point","coordinates":[-123.25458,49.66649]}},{"type":"Feature","id":3265,"properties":{"name":"Duncan Bay","code":"CADCN","country":"Canada","country_code":"CAN","port_type":"Sea"},"geometry":{"type":"Point","coordinates":[-125.28594,50.0722]}},{"type":"Feature","id":3266,"properties":{"name":"Port Simpson","code":"CAPSI","country":"Canada","country_code":"CAN","port_type":"Sea"},"geometry":{"type":"Point","coordinates":[-130.43403,54.55605]}},{"type":"Feature","id":3267,"properties":{"name":"Algona","code":"USUBJ","country":"United States of America","country_code":"USA","port_type":"Lake"},"geometry":{"type":"Point","coordinates":[-82.5302,42.61885]}},{"type":"Feature","id":3268,"properties":{"name":"Hyde","code":"USHYD","country":"United States of America","country_code":"USA","port_type":"Sea"},"geometry":{"type":"Point","coordinates":[-130.01264,55.90471]}},{"type":"Feature","id":3269,"properties":{"name":"Nanisivik","code":"CANVK","country":"","country_code":"CAN","port_type":"Sea"},"geometry":{"type":"Point","coordinates":[-84.54749,73.06761]}},{"type":"Feature","id":3270,"properties":{"name":"Port Alfred","code":"CAPAF","country":"Canada","country_code":"CAN","port_type":"Sea"},"geometry":{"type":"Point","coordinates":[-70.87438,48.33369]}},{"type":"Feature","id":3271,"properties":{"name":"Pointe Noire","code":"","country":"Canada","country_code":"CAN","port_type":"Unknown"},"geometry":{"type":"Point","coordinates":[-66.48549,50.1556]}},{"type":"Feature","id":3272,"properties":{"name":"Clarkson","code":"CACSN","country":"Canada","country_code":"CAN","port_type":"Lake"},"geometry":{"type":"Point","coordinates":[-79.6167,43.48954]}},{"type":"Feature","id":3273,"properties":{"name":"Parlier","code":"USPAR","country":"United States of America","country_code":"USA","port_type":"Sea"},"geometry":{"type":"Point","coordinates":[-93.92672,29.86729]}},{"type":"Feature","id":3274,"properties":{"name":"Brooklyn","code":"USBOY","country":"United States of America","country_code":"USA","port_type":"Sea"},"geometry":{"type":"Point","coordinates":[-74.00133,40.69122]}},{"type":"Feature","id":3275,"properties":{"name":"Cape Fear","code":"USCFN","country":"","country_code":"USA","port_type":"Sea"},"geometry":{"type":"Point","coordinates":[-77.96152,33.84558]}},{"type":"Feature","id":3276,"properties":{"name":"Sewells Point","code":"USSWP","country":"United States of America","country_code":"USA","port_type":"Sea"},"geometry":{"type":"Point","coordinates":[-76.32705,36.95048]}},{"type":"Feature","id":3277,"properties":{"name":"Cape Charles","code":"USCCJ","country":"United States of America","country_code":"USA","port_type":"Sea"},"geometry":{"type":"Point","coordinates":[-76.01707,37.26569]}},{"type":"Feature","id":3278,"properties":{"name":"Hampton-Newport News-Williamsb.","code":"USPHF","country":"United States of America","country_code":"USA","port_type":"Sea"},"geometry":{"type":"Point","coordinates":[-76.33032,37.01607]}},{"type":"Feature","id":3279,"properties":{"name":"El Capitan","code":"USELC","country":"United States of America","country_code":"USA","port_type":"Sea"},"geometry":{"type":"Point","coordinates":[-118.55756,33.00486]}},{"type":"Feature","id":3280,"properties":{"name":"Eden","code":"USEDB","country":"United States of America","country_code":"USA","port_type":"Sea"},"geometry":{"type":"Point","coordinates":[-76.60948,36.05651]}},{"type":"Feature","id":3281,"properties":{"name":"Manchester","code":"USMNY","country":"","country_code":"USA","port_type":"Sea"},"geometry":{"type":"Point","coordinates":[-123.71322,38.97334]}},{"type":"Feature","id":3282,"properties":{"name":"Jacintoport","code":"","country":"United States of America","country_code":"USA","port_type":"Unknown"},"geometry":{"type":"Point","coordinates":[-95.10568,29.74736]}},{"type":"Feature","id":3283,"properties":{"name":"Vanylven","code":"NOVAY","country":"Norway","country_code":"NOR","port_type":"Sea"},"geometry":{"type":"Point","coordinates":[5.51726,62.03979]}},{"type":"Feature","id":3284,"properties":{"name":"Hitra","code":"NOHIT","country":"Norway","country_code":"NOR","port_type":"Sea"},"geometry":{"type":"Point","coordinates":[9.1089,63.52093]}},{"type":"Feature","id":3285,"properties":{"name":"Stjordal","code":"NOSTJ","country":"Norway","country_code":"NOR","port_type":"Sea"},"geometry":{"type":"Point","coordinates":[10.89367,63.47467]}},{"type":"Feature","id":3286,"properties":{"name":"Flora","code":"NOFRO","country":"Norway","country_code":"NOR","port_type":"Sea"},"geometry":{"type":"Point","coordinates":[5.02902,61.60025]}},{"type":"Feature","id":3287,"properties":{"name":"Fuglafirdi (Fuglefjord)","code":"FOFUG","country":"Norway","country_code":"NOR","port_type":"Sea"},"geometry":{"type":"Point","coordinates":[6.9489,62.30844]}},{"type":"Feature","id":3288,"properties":{"name":"Haldia","code":"INHAL","country":"India","country_code":"IND","port_type":"Sea"},"geometry":{"type":"Point","coordinates":[88.05092,22.02446]}},{"type":"Feature","id":3289,"properties":{"name":"Barton","code":"GBBNM","country":"U.K. of Great Britain and Northern Ireland","country_code":"GBR","port_type":"Sea"},"geometry":{"type":"Point","coordinates":[-2.35388,53.47482]}},{"type":"Feature","id":3290,"properties":{"name":"Islay","code":"GBIYP","country":"U.K. of Great Britain and Northern Ireland","country_code":"GBR","port_type":"Sea"},"geometry":{"type":"Point","coordinates":[-6.2887,55.75784]}},{"type":"Feature","id":3291,"properties":{"name":"Onehunga","code":"NZONE","country":"New Zealand","country_code":"NZL","port_type":"Sea"},"geometry":{"type":"Point","coordinates":[174.78516,-36.93231]}},{"type":"Feature","id":3292,"properties":{"name":"Idhra (Hydra)","code":"GRHYD","country":"Greece","country_code":"GRC","port_type":"Sea"},"geometry":{"type":"Point","coordinates":[23.4647,37.35055]}},{"type":"Feature","id":3293,"properties":{"name":"Achladi","code":"GRACL","country":"Greece","country_code":"GRC","port_type":"Sea"},"geometry":{"type":"Point","coordinates":[22.81134,38.89103]}},{"type":"Feature","id":3294,"properties":{"name":"Hitachi","code":"JPHTC","country":"Japan","country_code":"JPN","port_type":"Sea"},"geometry":{"type":"Point","coordinates":[140.62553,36.49797]}},{"type":"Feature","id":3295,"properties":{"name":"Chiang Khong","code":"","country":"Thailand","country_code":"THA","port_type":"River"},"geometry":{"type":"Point","coordinates":[100.40645,20.27398]}},{"type":"Feature","id":3296,"properties":{"name":"Stormskaer","code":"STSOK","country":"Sweden","country_code":"SWE","port_type":"Sea"},"geometry":{"type":"Point","coordinates":[20.31465,63.7875]}},{"type":"Feature","id":3297,"properties":{"name":"Mina Salman","code":"BHMIN","country":"","country_code":"BHR","port_type":"Sea"},"geometry":{"type":"Point","coordinates":[50.71173,26.19012]}},{"type":"Feature","id":3298,"properties":{"name":"Meteghan","code":"CAMET","country":"","country_code":"CAN","port_type":"Sea"},"geometry":{"type":"Point","coordinates":[-66.1663,44.19233]}},{"type":"Feature","id":3299,"properties":{"name":"Bremerhaven","code":"","country":"Germany","country_code":"DEU","port_type":"Sea"},"geometry":{"type":"Point","coordinates":[8.56288,53.56566]}},{"type":"Feature","id":3300,"properties":{"name":"Las Palmas","code":"","country":"Spain","country_code":"ESP","port_type":"Sea"},"geometry":{"type":"Point","coordinates":[-15.42721,28.14147]}},{"type":"Feature","id":3301,"properties":{"name":"Algeciras","code":"","country":"Spain","country_code":"ESP","port_type":"Sea"},"geometry":{"type":"Point","coordinates":[-5.44502,36.1283]}},{"type":"Feature","id":3302,"properties":{"name":"Cochin","code":"INCOK","country":"India","country_code":"IND","port_type":"Sea"},"geometry":{"type":"Point","coordinates":[76.2673,9.96772]}},{"type":"Feature","id":3303,"properties":{"name":"Navalakhi","code":"INNAV","country":"India","country_code":"IND","port_type":"Sea"},"geometry":{"type":"Point","coordinates":[70.44507,22.96026]}},{"type":"Feature","id":3304,"properties":{"name":"Mandvi","code":"INMDV","country":"India","country_code":"IND","port_type":"Sea"},"geometry":{"type":"Point","coordinates":[69.35905,22.83217]}},{"type":"Feature","id":3305,"properties":{"name":"Porbandar","code":"INPBD","country":"","country_code":"IND","port_type":"Sea"},"geometry":{"type":"Point","coordinates":[69.59201,21.63355]}},{"type":"Feature","id":3306,"properties":{"name":"Mormugao","code":"INMRM","country":"","country_code":"IND","port_type":"Sea"},"geometry":{"type":"Point","coordinates":[73.80131,15.40865]}},{"type":"Feature","id":3307,"properties":{"name":"Mangalore","code":"INIXE","country":"India","country_code":"IND","port_type":"Sea"},"geometry":{"type":"Point","coordinates":[74.83261,12.85832]}},{"type":"Feature","id":3308,"properties":{"name":"Kakinada","code":"INKAK","country":"India","country_code":"IND","port_type":"Sea"},"geometry":{"type":"Point","coordinates":[82.2779,16.96855]}},{"type":"Feature","id":3309,"properties":{"name":"Kandla","code":"INIXY","country":"India","country_code":"IND","port_type":"Sea"},"geometry":{"type":"Point","coordinates":[70.22264,23.00256]}},{"type":"Feature","id":3310,"properties":{"name":"Salalah","code":"OMRAY","country":"Oman","country_code":"OMN","port_type":"Sea"},"geometry":{"type":"Point","coordinates":[53.99858,16.93874]}},{"type":"Feature","id":3311,"properties":{"name":"Assab","code":"","country":"","country_code":"ERI,YEM","port_type":"Sea"},"geometry":{"type":"Point","coordinates":[42.74524,13.00664]}},{"type":"Feature","id":3312,"properties":{"name":"Calcutta","code":"INCCU","country":"India","country_code":"IND","port_type":"River"},"geometry":{"type":"Point","coordinates":[88.34609,22.57597]}},{"type":"Feature","id":3313,"properties":{"name":"Waiyavu","code":"","country":"","country_code":"","port_type":"Sea"},"geometry":{"type":"Point","coordinates":[-179.99114,-16.78773]}},{"type":"Feature","id":3314,"properties":{"name":"Port Sudan","code":"","country":"Sudan","country_code":"SDN","port_type":"Sea"},"geometry":{"type":"Point","coordinates":[37.22835,19.60101]}},{"type":"Feature","id":3315,"properties":{"name":"Koro Jetty","code":"","country":"Fiji","country_code":"FJI","port_type":"Sea"},"geometry":{"type":"Point","coordinates":[179.42398,-17.35327]}},{"type":"Feature","id":3316,"properties":{"name":"Nabouwalu Jetty","code":"","country":"","country_code":"","port_type":"Sea"},"geometry":{"type":"Point","coordinates":[178.68772,-16.99455]}},{"type":"Feature","id":3317,"properties":{"name":"Tat Taung","code":"","country":"Myanmar","country_code":"MMR","port_type":"River"},"geometry":{"type":"Point","coordinates":[93.93617,19.56698]}},{"type":"Feature","id":3318,"properties":{"name":"Lenakel","code":"","country":"Vanuatu","country_code":"VUT","port_type":"Sea"},"geometry":{"type":"Point","coordinates":[169.2658,-19.53236]}},{"type":"Feature","id":3319,"properties":{"name":"Taungup","code":"","country":"Myanmar","country_code":"MMR","port_type":"Sea"},"geometry":{"type":"Point","coordinates":[94.21878,18.83695]}},{"type":"Feature","id":3320,"properties":{"name":"Kyaukpyu","code":"","country":"","country_code":"","port_type":"Sea"},"geometry":{"type":"Point","coordinates":[93.54899,19.43481]}},{"type":"Feature","id":3321,"properties":{"name":"Gwa","code":"","country":"","country_code":"","port_type":"Sea"},"geometry":{"type":"Point","coordinates":[94.56894,17.59153]}},{"type":"Feature","id":3322,"properties":{"name":"Duqm","code":"","country":"Oman","country_code":"OMN","port_type":"Sea"},"geometry":{"type":"Point","coordinates":[57.71183,19.65835]}},{"type":"Feature","id":3323,"properties":{"name":"Esmeraldas","code":"ECESM","country":"","country_code":"ECU","port_type":"Sea"},"geometry":{"type":"Point","coordinates":[-79.64434,0.9846]}},{"type":"Feature","id":3324,"properties":{"name":"Bahia Honda","code":"CUBHO","country":"Cuba","country_code":"CUB","port_type":"Sea"},"geometry":{"type":"Point","coordinates":[-83.16866,22.97048]}},{"type":"Feature","id":3325,"properties":{"name":"Cabanas","code":"CUCAB","country":"Cuba","country_code":"CUB","port_type":"Sea"},"geometry":{"type":"Point","coordinates":[-82.92983,22.98338]}},{"type":"Feature","id":3326,"properties":{"name":"Loheiya","code":"YELOH","country":"Yemen","country_code":"YEM","port_type":"Sea"},"geometry":{"type":"Point","coordinates":[42.68884,15.70229]}},{"type":"Feature","id":3327,"properties":{"name":"Massawa","code":"","country":"","country_code":"ERI","port_type":"Sea"},"geometry":{"type":"Point","coordinates":[39.47659,15.60999]}},{"type":"Feature","id":3328,"properties":{"name":"Luanda","code":"AOLAD","country":"Angola","country_code":"AGO","port_type":"Sea"},"geometry":{"type":"Point","coordinates":[13.24482,-8.80094]}},{"type":"Feature","id":3329,"properties":{"name":"Colombo","code":"LKCMB","country":"Sri Lanka","country_code":"LKA","port_type":"Sea"},"geometry":{"type":"Point","coordinates":[79.8428,6.94119]}},{"type":"Feature","id":3330,"properties":{"name":"Nabukeru","code":"","country":"Fiji","country_code":"FJI","port_type":"Unknown"},"geometry":{"type":"Point","coordinates":[177.46469,-16.8413]}},{"type":"Feature","id":3331,"properties":{"name":"Yangon","code":"MMRGN","country":"Myanmar","country_code":"MMR","port_type":"River"},"geometry":{"type":"Point","coordinates":[96.17397,16.76688]}},{"type":"Feature","id":3332,"properties":{"name":"Port Elizabeth","code":"ZAPLZ","country":"South Africa","country_code":"ZAF","port_type":"Sea"},"geometry":{"type":"Point","coordinates":[25.62807,-33.96351]}},{"type":"Feature","id":3333,"properties":{"name":"Culasi","code":"","country":"","country_code":"PHL","port_type":"Sea"},"geometry":{"type":"Point","coordinates":[122.71019,11.60526]}},{"type":"Feature","id":3334,"properties":{"name":"Tacloban","code":"PHTAC","country":"Philippines","country_code":"PHL","port_type":"Sea"},"geometry":{"type":"Point","coordinates":[125.00016,11.24829]}},{"type":"Feature","id":3335,"properties":{"name":"Ormoc","code":"","country":"Philippines","country_code":"PHL","port_type":"Sea"},"geometry":{"type":"Point","coordinates":[124.60674,11.00506]}},{"type":"Feature","id":3336,"properties":{"name":"Isabel","code":"PHISL","country":"Philippines","country_code":"PHL","port_type":"Sea"},"geometry":{"type":"Point","coordinates":[124.43367,10.89923]}},{"type":"Feature","id":3337,"properties":{"name":"Bantayan","code":"","country":"Philippines","country_code":"PHL","port_type":"Sea"},"geometry":{"type":"Point","coordinates":[123.71807,11.16643]}},{"type":"Feature","id":3338,"properties":{"name":"Sihanoukville","code":"KHSIH","country":"Cambodia","country_code":"KHM","port_type":"Sea"},"geometry":{"type":"Point","coordinates":[103.51771,10.64955]}},{"type":"Feature","id":3339,"properties":{"name":"San Pedro De Macoris","code":"DOSPM","country":"","country_code":"DOM","port_type":"Sea"},"geometry":{"type":"Point","coordinates":[-69.31013,18.44906]}},{"type":"Feature","id":3340,"properties":{"name":"Blackpoint","code":"","country":"","country_code":"FJI","port_type":"Sea"},"geometry":{"type":"Point","coordinates":[-179.98372,-16.78158]}},{"type":"Feature","id":3341,"properties":{"name":"Mukalla","code":"YEMKX","country":"Yemen","country_code":"YEM","port_type":"Sea"},"geometry":{"type":"Point","coordinates":[49.15161,14.52085]}},{"type":"Feature","id":3342,"properties":{"name":"Nishtun","code":"YENIS","country":"Yemen","country_code":"YEM","port_type":"Sea"},"geometry":{"type":"Point","coordinates":[52.19765,15.8217]}},{"type":"Feature","id":3343,"properties":{"name":"El Ma'an","code":"","country":"Somalia","country_code":"SOM","port_type":"Sea"},"geometry":{"type":"Point","coordinates":[45.59395,2.17769]}},{"type":"Feature","id":3344,"properties":{"name":"Kiunga","code":"","country":"Kenya","country_code":"KEN","port_type":"Sea"},"geometry":{"type":"Point","coordinates":[41.49106,-1.74579]}},{"type":"Feature","id":3345,"properties":{"name":"Lamu","code":"KELAU","country":"Kenya","country_code":"KEN","port_type":"Sea"},"geometry":{"type":"Point","coordinates":[40.90159,-2.26815]}},{"type":"Feature","id":3346,"properties":{"name":"Malindi","code":"KEMYD","country":"Kenya","country_code":"KEN","port_type":"Sea"},"geometry":{"type":"Point","coordinates":[40.12566,-3.21595]}},{"type":"Feature","id":3347,"properties":{"name":"Kilifi","code":"","country":"Kenya","country_code":"KEN","port_type":"Sea"},"geometry":{"type":"Point","coordinates":[39.84509,-3.63391]}},{"type":"Feature","id":3348,"properties":{"name":"Shimoni","code":"","country":"","country_code":"KEN","port_type":"Sea"},"geometry":{"type":"Point","coordinates":[39.37979,-4.64779]}},{"type":"Feature","id":3349,"properties":{"name":"Kisumu","code":"","country":"Kenya","country_code":"KEN","port_type":"Lake"},"geometry":{"type":"Point","coordinates":[34.74529,-0.10396]}},{"type":"Feature","id":3350,"properties":{"name":"Ibo","code":"MZIBO","country":"Mozambique","country_code":"MOZ","port_type":"Sea"},"geometry":{"type":"Point","coordinates":[40.5833,-12.34354]}},{"type":"Feature","id":3351,"properties":{"name":"Pemba","code":"MZPOL","country":"Mozambique","country_code":"MOZ","port_type":"Sea"},"geometry":{"type":"Point","coordinates":[40.48836,-12.96564]}},{"type":"Feature","id":3352,"properties":{"name":"Memba","code":"MZMEM","country":"Mozambique","country_code":"MOZ","port_type":"Sea"},"geometry":{"type":"Point","coordinates":[40.52676,-14.18178]}},{"type":"Feature","id":3353,"properties":{"name":"Mocambique","code":"MZMZQ","country":"Mozambique","country_code":"MOZ","port_type":"Sea"},"geometry":{"type":"Point","coordinates":[40.73659,-15.03081]}},{"type":"Feature","id":3354,"properties":{"name":"Angoche","code":"MZANO","country":"Mozambique","country_code":"MOZ","port_type":"Sea"},"geometry":{"type":"Point","coordinates":[39.90224,-16.23501]}},{"type":"Feature","id":3355,"properties":{"name":"Moma","code":"MZMMW","country":"Mozambique","country_code":"MOZ","port_type":"Sea"},"geometry":{"type":"Point","coordinates":[39.22151,-16.76688]}},{"type":"Feature","id":3356,"properties":{"name":"Quelimane","code":"MZUEL","country":"Mozambique","country_code":"MOZ","port_type":"Sea"},"geometry":{"type":"Point","coordinates":[36.87954,-17.87888]}},{"type":"Feature","id":3357,"properties":{"name":"Nacala","code":"MZMNC","country":"Mozambique","country_code":"MOZ","port_type":"Sea"},"geometry":{"type":"Point","coordinates":[40.66748,-14.54222]}},{"type":"Feature","id":3358,"properties":{"name":"Pointe Noire","code":"CGPNR","country":"","country_code":"COG COD","port_type":"Sea"},"geometry":{"type":"Point","coordinates":[11.82791,-4.77662]}},{"type":"Feature","id":3359,"properties":{"name":"Santa Lucia","code":"","country":"Cuba","country_code":"CUB","port_type":"Sea"},"geometry":{"type":"Point","coordinates":[-83.96779,22.673]}},{"type":"Feature","id":3360,"properties":{"name":"Ash Shihr","code":"","country":"Yemen","country_code":"YEM","port_type":"Sea"},"geometry":{"type":"Point","coordinates":[49.60691,14.75048]}},{"type":"Feature","id":3361,"properties":{"name":"Ras Isa (SBM)","code":"","country":"","country_code":"YEM","port_type":"Sea"},"geometry":{"type":"Point","coordinates":[42.66201,15.18921]}},{"type":"Feature","id":3362,"properties":{"name":"Pastelillo","code":"CUPAS","country":"Cuba","country_code":"CUB","port_type":"Sea"},"geometry":{"type":"Point","coordinates":[-77.2125,21.54432]}},{"type":"Feature","id":3363,"properties":{"name":"Preston","code":"","country":"Cuba","country_code":"CUB","port_type":"Sea"},"geometry":{"type":"Point","coordinates":[-75.65524,20.76759]}},{"type":"Feature","id":3364,"properties":{"name":"Punta Gorda","code":"","country":"Cuba","country_code":"CUB","port_type":"Sea"},"geometry":{"type":"Point","coordinates":[-74.85635,20.63508]}},{"type":"Feature","id":3365,"properties":{"name":"Palenque","code":"DOPAL","country":"","country_code":"DOM","port_type":"Sea"},"geometry":{"type":"Point","coordinates":[-70.1629,18.23408]}},{"type":"Feature","id":3366,"properties":{"name":"Porto Belo","code":"MZPBE","country":"Mozambique","country_code":"MOZ","port_type":"Sea"},"geometry":{"type":"Point","coordinates":[37.18911,-17.72151]}},{"type":"Feature","id":3367,"properties":{"name":"Chinde","code":"MZINE","country":"Mozambique","country_code":"MOZ","port_type":"Sea"},"geometry":{"type":"Point","coordinates":[36.45986,-18.57656]}},{"type":"Feature","id":3368,"properties":{"name":"Inhambane","code":"MZINH","country":"Mozambique","country_code":"MOZ","port_type":"Sea"},"geometry":{"type":"Point","coordinates":[35.38038,-23.86696]}},{"type":"Feature","id":3369,"properties":{"name":"Walvis Bay","code":"NAWVB","country":"Namibia","country_code":"NAM","port_type":"Sea"},"geometry":{"type":"Point","coordinates":[14.48488,-22.95795]}},{"type":"Feature","id":3370,"properties":{"name":"Beira","code":"MZBEW","country":"Mozambique","country_code":"MOZ","port_type":"Sea"},"geometry":{"type":"Point","coordinates":[34.83322,-19.82676]}},{"type":"Feature","id":3371,"properties":{"name":"Maputo","code":"MZMPM","country":"Mozambique","country_code":"MOZ","port_type":"Sea"},"geometry":{"type":"Point","coordinates":[32.5754,-25.97701]}},{"type":"Feature","id":3372,"properties":{"name":"Bela Vista","code":"MZBEL","country":"Mozambique","country_code":"MOZ","port_type":"Sea"},"geometry":{"type":"Point","coordinates":[32.67751,-26.34634]}},{"type":"Feature","id":3373,"properties":{"name":"Djeno Terminal","code":"CGDJE","country":"Congo","country_code":"COG","port_type":"Sea"},"geometry":{"type":"Point","coordinates":[11.92924,-4.91913]}},{"type":"Feature","id":3374,"properties":{"name":"Port Vila","code":"VUVLI","country":"","country_code":"VUT","port_type":"Sea"},"geometry":{"type":"Point","coordinates":[168.30622,-17.75535]}},{"type":"Feature","id":3375,"properties":{"name":"Forari Bay","code":"","country":"","country_code":"VUT","port_type":"Unknown"},"geometry":{"type":"Point","coordinates":[168.54891,-17.68278]}},{"type":"Feature","id":3376,"properties":{"name":"Port Sandwich","code":"VUPSA","country":"","country_code":"VUT","port_type":"Unknown"},"geometry":{"type":"Point","coordinates":[167.78385,-16.4375]}},{"type":"Feature","id":3377,"properties":{"name":"Santo","code":"VUSAN","country":"","country_code":"VUT","port_type":"Unknown"},"geometry":{"type":"Point","coordinates":[167.18055,-15.5151]}},{"type":"Feature","id":3378,"properties":{"name":"Lautoka","code":"FJLTK","country":"","country_code":"FJI","port_type":"Unknown"},"geometry":{"type":"Point","coordinates":[177.4384,-17.60476]}},{"type":"Feature","id":3379,"properties":{"name":"Suva","code":"FJSUV","country":"","country_code":"FJI","port_type":"Sea"},"geometry":{"type":"Point","coordinates":[178.42447,-18.1336]}},{"type":"Feature","id":3380,"properties":{"name":"Vatia","code":"FJVAT","country":"","country_code":"FJI","port_type":"Unknown"},"geometry":{"type":"Point","coordinates":[177.7635,-17.39871]}},{"type":"Feature","id":3381,"properties":{"name":"Levuka","code":"FJLEV","country":"Fiji","country_code":"FJI","port_type":"Sea"},"geometry":{"type":"Point","coordinates":[178.83631,-17.68472]}},{"type":"Feature","id":3382,"properties":{"name":"Malau","code":"FJMAL","country":"","country_code":"FJI","port_type":"Unknown"},"geometry":{"type":"Point","coordinates":[179.36657,-16.3614]}},{"type":"Feature","id":3383,"properties":{"name":"Lambasa","code":"FJLBS","country":"","country_code":"FJI","port_type":"Unknown"},"geometry":{"type":"Point","coordinates":[179.36007,-16.36489]}},{"type":"Feature","id":3384,"properties":{"name":"Savusavu","code":"FJSUV","country":"Fiji","country_code":"FJI","port_type":"Unknown"},"geometry":{"type":"Point","coordinates":[179.32635,-16.77844]}},{"type":"Feature","id":3385,"properties":{"name":"Abu Kammash","code":"LYABK","country":"Libya","country_code":"LBY","port_type":"Sea"},"geometry":{"type":"Point","coordinates":[11.73688,33.08129]}},{"type":"Feature","id":3386,"properties":{"name":"Homs","code":"","country":"Libya","country_code":"LBY","port_type":"Sea"},"geometry":{"type":"Point","coordinates":[14.24644,32.67333]}},{"type":"Feature","id":3387,"properties":{"name":"Al Khoms","code":"","country":"Libya","country_code":"LBY","port_type":"Sea"},"geometry":{"type":"Point","coordinates":[14.27167,32.65584]}},{"type":"Feature","id":3388,"properties":{"name":"Es Sider","code":"LYESI","country":"Libya","country_code":"LBY","port_type":"Sea"},"geometry":{"type":"Point","coordinates":[18.36526,30.63549]}},{"type":"Feature","id":3389,"properties":{"name":"Derna","code":"LYDNF","country":"Libya","country_code":"LBY","port_type":"Sea"},"geometry":{"type":"Point","coordinates":[22.65246,32.76257]}},{"type":"Feature","id":3390,"properties":{"name":"Tobruq","code":"LYTOB","country":"","country_code":"LBY","port_type":"Sea"},"geometry":{"type":"Point","coordinates":[23.98277,32.07704]}},{"type":"Feature","id":3391,"properties":{"name":"Buenaventura","code":"COBUN","country":"","country_code":"COL","port_type":"Sea"},"geometry":{"type":"Point","coordinates":[-77.07841,3.89244]}},{"type":"Feature","id":3392,"properties":{"name":"Turbo","code":"COTRB","country":"Colombia","country_code":"COL","port_type":"Sea"},"geometry":{"type":"Point","coordinates":[-76.73992,8.09528]}},{"type":"Feature","id":3393,"properties":{"name":"Mamonal","code":"COMAM","country":"","country_code":"COL","port_type":"Sea"},"geometry":{"type":"Point","coordinates":[-75.50977,10.32662]}},{"type":"Feature","id":3394,"properties":{"name":"Litzlitz","code":"","country":"","country_code":"","port_type":"Sea"},"geometry":{"type":"Point","coordinates":[167.44322,-16.1144]}},{"type":"Feature","id":3395,"properties":{"name":"Loltong","code":"","country":"","country_code":"","port_type":"Sea"},"geometry":{"type":"Point","coordinates":[168.14809,-15.54755]}},{"type":"Feature","id":3396,"properties":{"name":"Sola","code":"","country":"Vanuatu","country_code":"VUT","port_type":"Sea"},"geometry":{"type":"Point","coordinates":[167.55024,-13.87268]}},{"type":"Feature","id":3397,"properties":{"name":"Anelgaohat","code":"","country":"","country_code":"","port_type":"Sea"},"geometry":{"type":"Point","coordinates":[169.78109,-20.23354]}},{"type":"Feature","id":3398,"properties":{"name":"Thandwe","code":"","country":"Myanmar","country_code":"MMR","port_type":"Sea"},"geometry":{"type":"Point","coordinates":[94.33867,18.36545]}},{"type":"Feature","id":3399,"properties":{"name":"Masirah","code":"","country":"Oman","country_code":"OMN","port_type":"Sea"},"geometry":{"type":"Point","coordinates":[58.87158,20.65829]}},{"type":"Feature","id":3400,"properties":{"name":"Sur","code":"","country":"Oman","country_code":"OMN","port_type":"Sea"},"geometry":{"type":"Point","coordinates":[59.51748,22.5769]}},{"type":"Feature","id":3401,"properties":{"name":"Istanbul","code":"TRIST","country":"Turkey","country_code":"TUR","port_type":"Sea"},"geometry":{"type":"Point","coordinates":[28.98473,41.02709]}},{"type":"Feature","id":3402,"properties":{"name":"Sabang","code":"IDSBG","country":"Indonesia","country_code":"IDN","port_type":"Sea"},"geometry":{"type":"Point","coordinates":[95.32269,5.88065]}},{"type":"Feature","id":3403,"properties":{"name":"Blang Lancang","code":"","country":"Indonesia","country_code":"IDN","port_type":"Sea"},"geometry":{"type":"Point","coordinates":[97.09631,5.22203]}},{"type":"Feature","id":3404,"properties":{"name":"Kuala Langsa","code":"IDKUA","country":"","country_code":"IDN","port_type":"Sea"},"geometry":{"type":"Point","coordinates":[98.02056,4.52416]}},{"type":"Feature","id":3405,"properties":{"name":"Bengkalis","code":"IDBKI","country":"Indonesia","country_code":"IDN","port_type":"Sea"},"geometry":{"type":"Point","coordinates":[102.10845,1.46622]}},{"type":"Feature","id":3406,"properties":{"name":"Tanjung Pinang","code":"IDTNJ","country":"","country_code":"IDN","port_type":"Sea"},"geometry":{"type":"Point","coordinates":[104.45376,0.92994]}},{"type":"Feature","id":3407,"properties":{"name":"Kidjang","code":"IDKID","country":"Indonesia","country_code":"IDN","port_type":"Sea"},"geometry":{"type":"Point","coordinates":[104.60929,0.83743]}},{"type":"Feature","id":3408,"properties":{"name":"Dabo","code":"IDDAS","country":"Indonesia","country_code":"IDN","port_type":"Unknown"},"geometry":{"type":"Point","coordinates":[104.5657,-0.501]}},{"type":"Feature","id":3409,"properties":{"name":"Muntok","code":"IDMUO","country":"Indonesia","country_code":"IDN","port_type":"Sea"},"geometry":{"type":"Point","coordinates":[105.17549,-2.07444]}},{"type":"Feature","id":3410,"properties":{"name":"Semangka Bay","code":"","country":"Indonesia","country_code":"IDN","port_type":"Sea"},"geometry":{"type":"Point","coordinates":[104.62023,-5.49955]}},{"type":"Feature","id":3411,"properties":{"name":"Sibolga","code":"IDSLG","country":"","country_code":"IDN","port_type":"Sea"},"geometry":{"type":"Point","coordinates":[98.78523,1.7292]}},{"type":"Feature","id":3412,"properties":{"name":"Susoh","code":"IDSUS","country":"","country_code":"IDN","port_type":"Unknown"},"geometry":{"type":"Point","coordinates":[96.81146,3.72073]}},{"type":"Feature","id":3413,"properties":{"name":"Meulaboh","code":"IDMEQ","country":"","country_code":"IDN","port_type":"Sea"},"geometry":{"type":"Point","coordinates":[96.12932,4.12711]}},{"type":"Feature","id":3414,"properties":{"name":"Cilacap","code":"IDCXP","country":"","country_code":"IDN","port_type":"Sea"},"geometry":{"type":"Point","coordinates":[109.01491,-7.74913]}},{"type":"Feature","id":3415,"properties":{"name":"Rembang","code":"IDREM","country":"","country_code":"IDN","port_type":"Sea"},"geometry":{"type":"Point","coordinates":[111.3374,-6.70073]}},{"type":"Feature","id":3416,"properties":{"name":"Kayangan","code":"","country":"Indonesia","country_code":"IDN","port_type":"Sea"},"geometry":{"type":"Point","coordinates":[116.67454,-8.4861]}},{"type":"Feature","id":3417,"properties":{"name":"Biak","code":"IDBIK","country":"","country_code":"IDN","port_type":"Unknown"},"geometry":{"type":"Point","coordinates":[136.37692,-1.25616]}},{"type":"Feature","id":3418,"properties":{"name":"Ternate","code":"IDTTE","country":"","country_code":"IDN","port_type":"Sea"},"geometry":{"type":"Point","coordinates":[127.38809,0.78066]}},{"type":"Feature","id":3419,"properties":{"name":"Namlea","code":"","country":"Indonesia","country_code":"IDN","port_type":"Sea"},"geometry":{"type":"Point","coordinates":[127.08498,-3.26645]}},{"type":"Feature","id":3420,"properties":{"name":"Malili","code":"IDMLI","country":"Indonesia","country_code":"IDN","port_type":"Sea"},"geometry":{"type":"Point","coordinates":[121.07289,-2.64254]}},{"type":"Feature","id":3421,"properties":{"name":"Tubang","code":"IDTBN","country":"","country_code":"IDN","port_type":"Unknown"},"geometry":{"type":"Point","coordinates":[125.09462,-1.76144]}},{"type":"Feature","id":3422,"properties":{"name":"Samarinda","code":"IDSRI","country":"Indonesia","country_code":"IDN","port_type":"River"},"geometry":{"type":"Point","coordinates":[117.15071,-0.50507]}},{"type":"Feature","id":3423,"properties":{"name":"Sampit","code":"IDSMQ","country":"Indonesia","country_code":"IDN","port_type":"Sea"},"geometry":{"type":"Point","coordinates":[112.97806,-2.5681]}},{"type":"Feature","id":3424,"properties":{"name":"Nouakchott","code":"MRNKC","country":"","country_code":"MRT","port_type":"Sea"},"geometry":{"type":"Point","coordinates":[-16.02815,17.99622]}},{"type":"Feature","id":3425,"properties":{"name":"Puerto Bolivar","code":"ECPBO","country":"Ecuador","country_code":"ECU","port_type":"Sea"},"geometry":{"type":"Point","coordinates":[-80.00008,-3.2574]}},{"type":"Feature","id":3426,"properties":{"name":"Boma","code":"","country":"Democratic Republic of the Congo","country_code":"COD","port_type":"Sea"},"geometry":{"type":"Point","coordinates":[13.05423,-5.85954]}},{"type":"Feature","id":3427,"properties":{"name":"Banana","code":"","country":"Democratic Republic of the Congo","country_code":"COD","port_type":"Sea"},"geometry":{"type":"Point","coordinates":[12.40015,-6.0013]}},{"type":"Feature","id":3428,"properties":{"name":"Bukoba","code":"","country":"United Republic of Tanzania","country_code":"TZA","port_type":"Lake"},"geometry":{"type":"Point","coordinates":[31.81625,-1.34839]}},{"type":"Feature","id":3429,"properties":{"name":"Port of Scarborough","code":"PATT","country":"Trinidad and Tobago","country_code":"TTO","port_type":"Sea"},"geometry":{"type":"Point","coordinates":[-60.73563,11.18156]}},{"type":"Feature","id":3430,"properties":{"name":"Santo Domingo","code":"DOSDQ","country":"Dominican Republic","country_code":"DOM","port_type":"Sea"},"geometry":{"type":"Point","coordinates":[-69.88201,18.47557]}},{"type":"Feature","id":3431,"properties":{"name":"Puerto Viejo De Azua","code":"DOPVA","country":"","country_code":"DOM","port_type":"Sea"},"geometry":{"type":"Point","coordinates":[-70.83629,18.34797]}},{"type":"Feature","id":3432,"properties":{"name":"Cabo Rojo","code":"DOCBJ","country":"","country_code":"DOM","port_type":"Sea"},"geometry":{"type":"Point","coordinates":[-71.6551,17.92544]}},{"type":"Feature","id":3433,"properties":{"name":"San Juan","code":"PESJA","country":"","country_code":"PER","port_type":"Sea"},"geometry":{"type":"Point","coordinates":[-75.15958,-15.35781]}},{"type":"Feature","id":3434,"properties":{"name":"Samanco","code":"PESAM","country":"Peru","country_code":"PER","port_type":"Sea"},"geometry":{"type":"Point","coordinates":[-78.49794,-9.25611]}},{"type":"Feature","id":3435,"properties":{"name":"Eten","code":"PEEEN","country":"","country_code":"PER","port_type":"Sea"},"geometry":{"type":"Point","coordinates":[-79.86607,-6.93326]}},{"type":"Feature","id":3436,"properties":{"name":"Negritos","code":"PENGS","country":"Peru","country_code":"PER","port_type":"Sea"},"geometry":{"type":"Point","coordinates":[-81.3078,-4.66044]}},{"type":"Feature","id":3437,"properties":{"name":"Rocky Point","code":"JMROP","country":"","country_code":"","port_type":"Sea"},"geometry":{"type":"Point","coordinates":[-77.14323,17.81696]}},{"type":"Feature","id":3438,"properties":{"name":"Mwanza","code":"","country":"United Republic of Tanzania","country_code":"TZA","port_type":"Lake"},"geometry":{"type":"Point","coordinates":[32.89668,-2.51752]}},{"type":"Feature","id":3439,"properties":{"name":"Port Royal","code":"JMPRO","country":"","country_code":"","port_type":"Sea"},"geometry":{"type":"Point","coordinates":[-76.84368,17.93463]}},{"type":"Feature","id":3440,"properties":{"name":"Djibouti","code":"","country":"","country_code":"DJI,SOM,ETH,SSD,SDN,YEM","port_type":"Sea"},"geometry":{"type":"Point","coordinates":[43.13937,11.6065]}},{"type":"Feature","id":3441,"properties":{"name":"Balhaf","code":"","country":"","country_code":"","port_type":"Sea"},"geometry":{"type":"Point","coordinates":[48.17711,13.97954]}},{"type":"Feature","id":3442,"properties":{"name":"Kribi","code":"CMKBI","country":"","country_code":"CMR, CAF","port_type":"Sea"},"geometry":{"type":"Point","coordinates":[9.90519,2.93725]}},{"type":"Feature","id":3443,"properties":{"name":"Pennington","code":"NGPEN","country":"","country_code":"","port_type":"Unknown"},"geometry":{"type":"Point","coordinates":[5.6025,4.24973]}},{"type":"Feature","id":3444,"properties":{"name":"Antan Terminal","code":"NGANT","country":"","country_code":"","port_type":"Unknown"},"geometry":{"type":"Point","coordinates":[8.3321,4.20893]}},{"type":"Feature","id":3445,"properties":{"name":"Sapele","code":"NGSPL","country":"Nigeria","country_code":"NGA","port_type":"Unknown"},"geometry":{"type":"Point","coordinates":[5.65623,5.91716]}},{"type":"Feature","id":3446,"properties":{"name":"Bonny","code":"NGBON","country":"Nigeria","country_code":"NGA","port_type":"Sea"},"geometry":{"type":"Point","coordinates":[7.15816,4.42732]}},{"type":"Feature","id":3447,"properties":{"name":"Brass","code":"NGBRA","country":"Nigeria","country_code":"NGA","port_type":"Unknown"},"geometry":{"type":"Point","coordinates":[6.23909,4.30587]}},{"type":"Feature","id":3448,"properties":{"name":"Calabar","code":"NGCBQ","country":"Nigeria","country_code":"NGA","port_type":"Sea"},"geometry":{"type":"Point","coordinates":[8.31729,5.01135]}},{"type":"Feature","id":3449,"properties":{"name":"Warri","code":"NGWAR","country":"Nigeria","country_code":"NGA","port_type":"Sea"},"geometry":{"type":"Point","coordinates":[5.72582,5.51753]}},{"type":"Feature","id":3450,"properties":{"name":"Que Oboe / Eket","code":"NGOBO","country":"Nigeria","country_code":"NGA","port_type":"Unknown"},"geometry":{"type":"Point","coordinates":[7.98999,4.54505]}},{"type":"Feature","id":3451,"properties":{"name":"Kole Terminal","code":"CMKOL","country":"","country_code":"","port_type":"Unknown"},"geometry":{"type":"Point","coordinates":[8.5491,4.21153]}},{"type":"Feature","id":3452,"properties":{"name":"Moudi Terminal","code":"CMMOU","country":"","country_code":"","port_type":"Unknown"},"geometry":{"type":"Point","coordinates":[8.4781,4.10893]}},{"type":"Feature","id":3453,"properties":{"name":"Victoria","code":"CMVCC","country":"","country_code":"","port_type":"Sea"},"geometry":{"type":"Point","coordinates":[9.19301,4.01142]}},{"type":"Feature","id":3454,"properties":{"name":"Lagos","code":"NGLOS","country":"Nigeria","country_code":"NGA","port_type":"Sea"},"geometry":{"type":"Point","coordinates":[3.38966,6.43672]}},{"type":"Feature","id":3455,"properties":{"name":"Dar Es Salaam","code":"TZDAR","country":"United Republic of Tanzania","country_code":"TZA","port_type":"Sea"},"geometry":{"type":"Point","coordinates":[39.28792,-6.81982]}},{"type":"Feature","id":3456,"properties":{"name":"Woodbridge Bay Port","code":"DMRSU","country":"Dominica","country_code":"DMA","port_type":"Sea"},"geometry":{"type":"Point","coordinates":[-61.3884,15.3119]}},{"type":"Feature","id":3457,"properties":{"name":"Lucea","code":"JMLUC","country":"Jamaica","country_code":"JAM","port_type":"Sea"},"geometry":{"type":"Point","coordinates":[-78.17107,18.44473]}},{"type":"Feature","id":3458,"properties":{"name":"Matadi","code":"","country":"Democratic Republic of the Congo","country_code":"COD","port_type":"Sea"},"geometry":{"type":"Point","coordinates":[13.44988,-5.82389]}},{"type":"Feature","id":3459,"properties":{"name":"Lobito","code":"AOLOB","country":"Angola","country_code":"AGO","port_type":"Sea"},"geometry":{"type":"Point","coordinates":[13.54948,-12.35075]}},{"type":"Feature","id":3460,"properties":{"name":"Durban","code":"ZADUR","country":"","country_code":"ZAF, MWI, ZWE","port_type":"Sea"},"geometry":{"type":"Point","coordinates":[31.01967,-29.88108]}},{"type":"Feature","id":3461,"properties":{"name":"Kombo","code":"","country":"Democratic Republic of the Congo","country_code":"COD","port_type":"River"},"geometry":{"type":"Point","coordinates":[18.62355,-0.10618]}},{"type":"Feature","id":3462,"properties":{"name":"Ingende","code":"","country":"Democratic Republic of the Congo","country_code":"COD","port_type":"River"},"geometry":{"type":"Point","coordinates":[18.97294,-0.31377]}},{"type":"Feature","id":3463,"properties":{"name":"Gao","code":"","country":"Mali","country_code":"MLI","port_type":"River"},"geometry":{"type":"Point","coordinates":[-0.05171,16.27809]}},{"type":"Feature","id":3464,"properties":{"name":"Kiame Marine Terminal","code":"","country":"","country_code":"AGO","port_type":"Sea"},"geometry":{"type":"Point","coordinates":[12.38707,-7.34569]}},{"type":"Feature","id":3465,"properties":{"name":"Punta Piedras","code":"","country":"Venezuela","country_code":"VEN","port_type":"Sea"},"geometry":{"type":"Point","coordinates":[-71.61605,10.58756]}},{"type":"Feature","id":3466,"properties":{"name":"English Harbour","code":"","country":"","country_code":"","port_type":"Sea"},"geometry":{"type":"Point","coordinates":[-159.35988,3.8573]}},{"type":"Feature","id":3467,"properties":{"name":"Menzel Bourguiba","code":"TNMBA","country":"Tunisia","country_code":"TUN","port_type":"Sea"},"geometry":{"type":"Point","coordinates":[9.80648,37.1569]}},{"type":"Feature","id":3468,"properties":{"name":"Kiabo Marine Terminal","code":"","country":"","country_code":"AGO","port_type":"Sea"},"geometry":{"type":"Point","coordinates":[12.58824,-7.33097]}},{"type":"Feature","id":3469,"properties":{"name":"Takula Terminal","code":"AOTAK","country":"Angola","country_code":"AGO","port_type":"Sea"},"geometry":{"type":"Point","coordinates":[12.14199,-5.21935]}},{"type":"Feature","id":3470,"properties":{"name":"Quinfuquena Terminal","code":"AOSOQ","country":"","country_code":"AGO","port_type":"Sea"},"geometry":{"type":"Point","coordinates":[12.2295,-6.33107]}},{"type":"Feature","id":3471,"properties":{"name":"Roseau","code":"DMRSU","country":"Dominica","country_code":"DMA","port_type":"Sea"},"geometry":{"type":"Point","coordinates":[-61.38987,15.29815]}},{"type":"Feature","id":3472,"properties":{"name":"Portsmouth","code":"DMPOR","country":"Dominica","country_code":"DMA","port_type":"Sea"},"geometry":{"type":"Point","coordinates":[-61.45744,15.57743]}},{"type":"Feature","id":3473,"properties":{"name":"Majuro","code":"MHMAJ","country":"Marshall Islands","country_code":"MHL","port_type":"Sea"},"geometry":{"type":"Point","coordinates":[171.36524,7.08559]}},{"type":"Feature","id":3474,"properties":{"name":"Okat","code":"","country":"","country_code":"FSM","port_type":"Sea"},"geometry":{"type":"Point","coordinates":[162.96127,5.35508]}},{"type":"Feature","id":3475,"properties":{"name":"Weno","code":"","country":"Micronesia (Federated States of)","country_code":"FSM","port_type":"Sea"},"geometry":{"type":"Point","coordinates":[151.83988,7.4455]}},{"type":"Feature","id":3476,"properties":{"name":"Hodeidah","code":"YEHOD","country":"","country_code":"YEM","port_type":"Sea"},"geometry":{"type":"Point","coordinates":[42.93464,14.8323]}},{"type":"Feature","id":3477,"properties":{"name":"Riga","code":"LVRIX","country":"Latvia","country_code":"LVA","port_type":"Sea"},"geometry":{"type":"Point","coordinates":[24.077,57.0401]}},{"type":"Feature","id":3478,"properties":{"name":"Soyo","code":"AOSZA","country":"Angola","country_code":"AGO","port_type":"Sea"},"geometry":{"type":"Point","coordinates":[12.33946,-6.11982]}},{"type":"Feature","id":3479,"properties":{"name":"Ntokoro","code":"","country":"Uganda","country_code":"UGA","port_type":"Lake"},"geometry":{"type":"Point","coordinates":[30.53738,1.05432]}},{"type":"Feature","id":3480,"properties":{"name":"Lombo Marine Terminal","code":"","country":"","country_code":"AGO","port_type":"Sea"},"geometry":{"type":"Point","coordinates":[12.37226,-6.8326]}},{"type":"Feature","id":3481,"properties":{"name":"La Ceiba / Maracaibo L","code":"VELCV","country":"Venezuela","country_code":"VEN","port_type":"Sea"},"geometry":{"type":"Point","coordinates":[-71.58856,10.70434]}},{"type":"Feature","id":3482,"properties":{"name":"Pohnpei","code":"","country":"","country_code":"FSM","port_type":"Sea"},"geometry":{"type":"Point","coordinates":[158.20141,6.97957]}},{"type":"Feature","id":3483,"properties":{"name":"Ventspils","code":"LVVNT","country":"","country_code":"LVA","port_type":"Sea"},"geometry":{"type":"Point","coordinates":[21.55136,57.40036]}},{"type":"Feature","id":3484,"properties":{"name":"Kwajalein","code":"MHKWA","country":"Marshall Islands","country_code":"MHL","port_type":"Sea"},"geometry":{"type":"Point","coordinates":[167.73667,8.73203]}},{"type":"Feature","id":3485,"properties":{"name":"Tomil","code":"FMYAP","country":"","country_code":"FSM","port_type":"Sea"},"geometry":{"type":"Point","coordinates":[138.12526,9.51578]}},{"type":"Feature","id":3486,"properties":{"name":"Banaba","code":"","country":"Kiribati","country_code":"KIR","port_type":"Sea"},"geometry":{"type":"Point","coordinates":[169.53438,-0.86506]}},{"type":"Feature","id":3487,"properties":{"name":"London","code":"","country":"","country_code":"","port_type":"Sea"},"geometry":{"type":"Point","coordinates":[-157.47164,1.98309]}},{"type":"Feature","id":3488,"properties":{"name":"Betio Harbour","code":"","country":"","country_code":"","port_type":"Sea"},"geometry":{"type":"Point","coordinates":[172.93222,1.35859]}},{"type":"Feature","id":3489,"properties":{"name":"Roja Harbor","code":"","country":"Latvia","country_code":"LVA","port_type":"Sea"},"geometry":{"type":"Point","coordinates":[22.80828,57.50702]}},{"type":"Feature","id":3490,"properties":{"name":"Nasser","code":"","country":"South Sudan","country_code":"SSD","port_type":"River"},"geometry":{"type":"Point","coordinates":[33.06205,8.61362]}},{"type":"Feature","id":3491,"properties":{"name":"Apra","code":"GUAPR","country":"","country_code":"GUM","port_type":"Sea"},"geometry":{"type":"Point","coordinates":[144.6628,13.43965]}},{"type":"Feature","id":3492,"properties":{"name":"Skulte","code":"LVSKU","country":"Latvia","country_code":"LVA","port_type":"Sea"},"geometry":{"type":"Point","coordinates":[24.40706,57.31686]}},{"type":"Feature","id":3493,"properties":{"name":"Port of Koror","code":"","country":"","country_code":"","port_type":"Sea"},"geometry":{"type":"Point","coordinates":[134.45702,7.33088]}},{"type":"Feature","id":3494,"properties":{"name":"Salacgriva Harbor","code":"","country":"","country_code":"LVA","port_type":"Sea"},"geometry":{"type":"Point","coordinates":[24.35095,57.75836]}},{"type":"Feature","id":3495,"properties":{"name":"Baler","code":"","country":"Philippines","country_code":"PHL","port_type":"Sea"},"geometry":{"type":"Point","coordinates":[121.5912,15.75582]}},{"type":"Feature","id":3496,"properties":{"name":"Port of Avatiu","code":"","country":"Cook Islands","country_code":"COK","port_type":"Sea"},"geometry":{"type":"Point","coordinates":[-159.78383,-21.20415]}},{"type":"Feature","id":3497,"properties":{"name":"Saipan","code":"MPSPN","country":"Northern Mariana Islands","country_code":"MNP","port_type":"Sea"},"geometry":{"type":"Point","coordinates":[145.73505,15.22486]}},{"type":"Feature","id":3498,"properties":{"name":"Itang","code":"","country":"Ethiopia","country_code":"ETH","port_type":"River"},"geometry":{"type":"Point","coordinates":[34.26844,8.19125]}},{"type":"Feature","id":3499,"properties":{"name":"Shambe","code":"","country":"South Sudan","country_code":"SSD","port_type":"River"},"geometry":{"type":"Point","coordinates":[30.7741,7.10669]}},{"type":"Feature","id":3500,"properties":{"name":"Gambela","code":"","country":"Ethiopia","country_code":"ETH","port_type":"River"},"geometry":{"type":"Point","coordinates":[34.58947,8.24532]}},{"type":"Feature","id":3501,"properties":{"name":"Rota West","code":"MPROP","country":"Northern Mariana Islands","country_code":"MNP","port_type":"Sea"},"geometry":{"type":"Point","coordinates":[145.1436,14.13943]}},{"type":"Feature","id":3502,"properties":{"name":"Tinian","code":"MPTIQ","country":"","country_code":"","port_type":"Sea"},"geometry":{"type":"Point","coordinates":[145.62027,14.96588]}},{"type":"Feature","id":3503,"properties":{"name":"Renk","code":"","country":"South Sudan","country_code":"SSD","port_type":"River"},"geometry":{"type":"Point","coordinates":[32.78869,11.74781]}},{"type":"Feature","id":3504,"properties":{"name":"Metar","code":"","country":"Ethiopia","country_code":"ETH","port_type":"River"},"geometry":{"type":"Point","coordinates":[33.44645,8.35625]}},{"type":"Feature","id":3505,"properties":{"name":"Taroa","code":"MHTAR","country":"","country_code":"MHL","port_type":"Sea"},"geometry":{"type":"Point","coordinates":[171.22509,8.70444]}},{"type":"Feature","id":3506,"properties":{"name":"Mbulungu","code":"","country":"Zambia","country_code":"ZMB","port_type":""},"geometry":{"type":"Point","coordinates":[31.1053,-8.76378]}},{"type":"Feature","id":3507,"properties":{"name":"Kigoma","code":"","country":"United Republic of Tanzania","country_code":"TZA","port_type":""},"geometry":{"type":"Point","coordinates":[29.62667,-4.87694]}},{"type":"Feature","id":3508,"properties":{"name":"Melut","code":"","country":"South Sudan","country_code":"SSD","port_type":"River"},"geometry":{"type":"Point","coordinates":[32.20148,10.43587]}},{"type":"Feature","id":3509,"properties":{"name":"Mongalia","code":"","country":"South Sudan","country_code":"SSD","port_type":"River"},"geometry":{"type":"Point","coordinates":[31.76846,5.20182]}},{"type":"Feature","id":3510,"properties":{"name":"Chalna Port","code":"BDCHL","country":"Bangladesh","country_code":"BGD","port_type":"River"},"geometry":{"type":"Point","coordinates":[89.52181,22.60053]}},{"type":"Feature","id":3511,"properties":{"name":"Chittagong Port","code":"BDCGP","country":"Bangladesh","country_code":"BGD","port_type":"Sea"},"geometry":{"type":"Point","coordinates":[91.79599,22.30146]}},{"type":"Feature","id":3512,"properties":{"name":"Tarawa","code":"KITRW","country":"","country_code":"KIR","port_type":"Sea"},"geometry":{"type":"Point","coordinates":[172.97476,1.33164]}},{"type":"Feature","id":3513,"properties":{"name":"Khulna Port","code":"","country":"Bangladesh","country_code":"BGD","port_type":"River"},"geometry":{"type":"Point","coordinates":[89.58126,22.80161]}},{"type":"Feature","id":3514,"properties":{"name":"Mongla Port","code":"BDMGL","country":"Bangladesh","country_code":"BGD","port_type":"River"},"geometry":{"type":"Point","coordinates":[89.59083,22.48786]}},{"type":"Feature","id":3515,"properties":{"name":"Narayanganj Port","code":"BDNAR","country":"","country_code":"BGD","port_type":"River"},"geometry":{"type":"Point","coordinates":[90.5051,23.60323]}},{"type":"Feature","id":3516,"properties":{"name":"Palo Alto","code":"CUPAL","country":"","country_code":"BHS","port_type":"Sea"},"geometry":{"type":"Point","coordinates":[-78.97407,21.598]}},{"type":"Feature","id":3517,"properties":{"name":"Savanna La Mar","code":"JMSLM","country":"Jamaica","country_code":"JAM","port_type":"Sea"},"geometry":{"type":"Point","coordinates":[-78.1341,18.2085]}},{"type":"Feature","id":3518,"properties":{"name":"Kilo 29","code":"","country":"South Sudan","country_code":"SSD","port_type":"River"},"geometry":{"type":"Point","coordinates":[30.27156,8.5501]}},{"type":"Feature","id":3519,"properties":{"name":"Port Antonio","code":"JMPOT","country":"","country_code":"JAM","port_type":"Sea"},"geometry":{"type":"Point","coordinates":[-76.45294,18.18188]}},{"type":"Feature","id":3520,"properties":{"name":"Montego Bay","code":"JMMBJ","country":"","country_code":"JAM","port_type":"Sea"},"geometry":{"type":"Point","coordinates":[-77.93672,18.45858]}},{"type":"Feature","id":3521,"properties":{"name":"Douala","code":"CMDLA","country":"","country_code":"CAF COD TCD CMR","port_type":"Sea"},"geometry":{"type":"Point","coordinates":[9.70061,4.06603]}},{"type":"Feature","id":3522,"properties":{"name":"Aricha Ghat Port","code":"","country":"","country_code":"","port_type":"River"},"geometry":{"type":"Point","coordinates":[89.78049,23.83599]}},{"type":"Feature","id":3523,"properties":{"name":"Payra Port","code":"","country":"","country_code":"","port_type":"River"},"geometry":{"type":"Point","coordinates":[90.27926,21.989]}},{"type":"Feature","id":3524,"properties":{"name":"Ashuganj Port","code":"","country":"Bangladesh","country_code":"BGD","port_type":"River"},"geometry":{"type":"Point","coordinates":[91.00113,24.04233]}},{"type":"Feature","id":3525,"properties":{"name":"Dhaka River Port","code":"","country":"Bangladesh","country_code":"BGD","port_type":"River"},"geometry":{"type":"Point","coordinates":[90.40943,23.70566]}},{"type":"Feature","id":3526,"properties":{"name":"Pangaon Port","code":"","country":"Bangladesh","country_code":"BGD","port_type":"River"},"geometry":{"type":"Point","coordinates":[90.45527,23.657]}},{"type":"Feature","id":3527,"properties":{"name":"Jucaro","code":"CUJUC","country":"","country_code":"CUB","port_type":"Sea"},"geometry":{"type":"Point","coordinates":[-78.85286,21.62087]}},{"type":"Feature","id":3528,"properties":{"name":"King Abdullah Port","code":"","country":"Saudi Arabia","country_code":"SAU","port_type":"Sea"},"geometry":{"type":"Point","coordinates":[39.10406,22.3051]}},{"type":"Feature","id":3529,"properties":{"name":"Dunmore","code":"","country":"Bahamas","country_code":"BHS","port_type":""},"geometry":{"type":"Point","coordinates":[-76.63722,25.49998]}},{"type":"Feature","id":3530,"properties":{"name":"Manzanillo","code":"","country":"Panama","country_code":"PAN","port_type":"Sea Port"},"geometry":{"type":"Point","coordinates":[-79.88075,9.36139]}},{"type":"Feature","id":3531,"properties":{"name":"Houston","code":"","country":"United States of America","country_code":"USA","port_type":"Sea"},"geometry":{"type":"Point","coordinates":[-95.27215,29.73005]}},{"type":"Feature","id":3532,"properties":{"name":"Gioia Tauro","code":"","country":"Italy","country_code":"ITA","port_type":"Sea"},"geometry":{"type":"Point","coordinates":[15.90899,38.45794]}},{"type":"Feature","id":3533,"properties":{"name":"Elat","code":"ILETH","country":"Israel","country_code":"ISR","port_type":"Unknown"},"geometry":{"type":"Point","coordinates":[34.95878,29.55035]}},{"type":"Feature","id":3534,"properties":{"name":"Mutsamudu","code":"KMMUT","country":"Comoros","country_code":"COM","port_type":"Sea"},"geometry":{"type":"Point","coordinates":[44.39271,-12.16744]}},{"type":"Feature","id":3535,"properties":{"name":"Dili","code":"","country":"Timor-Leste","country_code":"TLS","port_type":"Sea"},"geometry":{"type":"Point","coordinates":[125.57469,-8.55409]}},{"type":"Feature","id":3536,"properties":{"name":"Albury","code":"","country":"Bahamas","country_code":"BHS","port_type":""},"geometry":{"type":"Point","coordinates":[-77.03902,26.55098]}},{"type":"Feature","id":3537,"properties":{"name":"Gerge Town","code":"","country":"Bahamas","country_code":"BHS","port_type":""},"geometry":{"type":"Point","coordinates":[-75.76868,23.50694]}},{"type":"Feature","id":3538,"properties":{"name":"Mocmboa da Praia","code":"","country":"Mozambique","country_code":"MOZ","port_type":""},"geometry":{"type":"Point","coordinates":[40.36019,-11.33714]}},{"type":"Feature","id":3539,"properties":{"name":"Kipindi","code":"","country":"Democratic Republic of the Congo","country_code":"COD","port_type":"River"},"geometry":{"type":"Point","coordinates":[18.72147,-4.65347]}},{"type":"Feature","id":3540,"properties":{"name":"Ipole","code":"","country":"Democratic Republic of the Congo","country_code":"COD","port_type":"River"},"geometry":{"type":"Point","coordinates":[18.91101,-3.83567]}},{"type":"Feature","id":3541,"properties":{"name":"Nkuvu","code":"","country":"Democratic Republic of the Congo","country_code":"COD","port_type":"River"},"geometry":{"type":"Point","coordinates":[29.09693,-2.20858]}},{"type":"Feature","id":3542,"properties":{"name":"Ulindi","code":"","country":"Democratic Republic of the Congo","country_code":"COD","port_type":"River"},"geometry":{"type":"Point","coordinates":[27.34071,-2.68302]}},{"type":"Feature","id":3543,"properties":{"name":"Unnamed port","code":"","country":"Democratic Republic of the Congo","country_code":"COD","port_type":"Unknown"},"geometry":{"type":"Point","coordinates":[17.39064,-5.66033]}},{"type":"Feature","id":3544,"properties":{"name":"Lilanga","code":"","country":"Democratic Republic of the Congo","country_code":"COD","port_type":"River"},"geometry":{"type":"Point","coordinates":[21.77296,1.63242]}},{"type":"Feature","id":3545,"properties":{"name":"Makayabo","code":"","country":"Democratic Republic of the Congo","country_code":"COD","port_type":"River"},"geometry":{"type":"Point","coordinates":[20.96312,-4.61295]}},{"type":"Feature","id":3546,"properties":{"name":"Itoko","code":"","country":"Democratic Republic of the Congo","country_code":"COD","port_type":"River"},"geometry":{"type":"Point","coordinates":[21.69882,-1.01846]}},{"type":"Feature","id":3547,"properties":{"name":"Karhanywa","code":"","country":"Democratic Republic of the Congo","country_code":"COD","port_type":"River"},"geometry":{"type":"Point","coordinates":[29.09508,-2.16882]}},{"type":"Feature","id":3548,"properties":{"name":"Unnamed port","code":"","country":"Democratic Republic of the Congo","country_code":"COD","port_type":"Unknown"},"geometry":{"type":"Point","coordinates":[17.37416,-5.33226]}},{"type":"Feature","id":3549,"properties":{"name":"Unnamed port","code":"","country":"Democratic Republic of the Congo","country_code":"COD","port_type":"Unknown"},"geometry":{"type":"Point","coordinates":[17.40712,-5.83523]}},{"type":"Feature","id":3550,"properties":{"name":"Boza","code":"","country":"Democratic Republic of the Congo","country_code":"COD","port_type":"River"},"geometry":{"type":"Point","coordinates":[29.08098,-2.24254]}},{"type":"Feature","id":3551,"properties":{"name":"Mabunde","code":"","country":"Democratic Republic of the Congo","country_code":"COD","port_type":"River"},"geometry":{"type":"Point","coordinates":[21.24198,1.56829]}},{"type":"Feature","id":3552,"properties":{"name":"De Bwina","code":"","country":"Democratic Republic of the Congo","country_code":"COD","port_type":"River"},"geometry":{"type":"Point","coordinates":[29.05394,-2.26658]}},{"type":"Feature","id":3553,"properties":{"name":"Annicet / Ntantu","code":"","country":"Democratic Republic of the Congo","country_code":"COD","port_type":"River"},"geometry":{"type":"Point","coordinates":[18.61303,-4.52729]}},{"type":"Feature","id":3554,"properties":{"name":"Kunde","code":"","country":"Democratic Republic of the Congo","country_code":"COD","port_type":"River"},"geometry":{"type":"Point","coordinates":[16.5353,-4.87387]}},{"type":"Feature","id":3555,"properties":{"name":"Shwishwi","code":"","country":"Democratic Republic of the Congo","country_code":"COD","port_type":"River"},"geometry":{"type":"Point","coordinates":[29.10298,-2.15902]}},{"type":"Feature","id":3556,"properties":{"name":"Mushimbake","code":"","country":"Democratic Republic of the Congo","country_code":"COD","port_type":"Lake"},"geometry":{"type":"Point","coordinates":[29.09777,-4.10649]}},{"type":"Feature","id":3557,"properties":{"name":"Lumbu","code":"","country":"Democratic Republic of the Congo","country_code":"COD","port_type":"River"},"geometry":{"type":"Point","coordinates":[17.44018,-3.24331]}},{"type":"Feature","id":3558,"properties":{"name":"Batempa","code":"","country":"Democratic Republic of the Congo","country_code":"COD","port_type":"River"},"geometry":{"type":"Point","coordinates":[23.79068,-5.04654]}},{"type":"Feature","id":3559,"properties":{"name":"Olympia","code":"","country":"Democratic Republic of the Congo","country_code":"COD","port_type":"River"},"geometry":{"type":"Point","coordinates":[18.95872,-3.908]}},{"type":"Feature","id":3560,"properties":{"name":"Unnamed port","code":"","country":"Democratic Republic of the Congo","country_code":"COD","port_type":"Unknown"},"geometry":{"type":"Point","coordinates":[17.4,-5.83]}},{"type":"Feature","id":3561,"properties":{"name":"Lusanga","code":"","country":"Democratic Republic of the Congo","country_code":"COD","port_type":"River"},"geometry":{"type":"Point","coordinates":[21.07014,-5.22867]}},{"type":"Feature","id":3562,"properties":{"name":"Kimpasa","code":"","country":"Democratic Republic of the Congo","country_code":"COD","port_type":"River"},"geometry":{"type":"Point","coordinates":[16.54431,-4.68516]}},{"type":"Feature","id":3563,"properties":{"name":"Unnamed port","code":"","country":"Democratic Republic of the Congo","country_code":"COD","port_type":"Unknown"},"geometry":{"type":"Point","coordinates":[17.45106,-6.23947]}},{"type":"Feature","id":3564,"properties":{"name":"Fabieza","code":"","country":"Democratic Republic of the Congo","country_code":"COD","port_type":"River"},"geometry":{"type":"Point","coordinates":[16.8937,-4.04567]}},{"type":"Feature","id":3565,"properties":{"name":"Bwajingi","code":"","country":"Democratic Republic of the Congo","country_code":"COD","port_type":"River"},"geometry":{"type":"Point","coordinates":[29.0985,-1.94489]}},{"type":"Feature","id":3566,"properties":{"name":"Boburu","code":"","country":"Democratic Republic of the Congo","country_code":"COD","port_type":"Unknown"},"geometry":{"type":"Point","coordinates":[18.04205,1.44238]}},{"type":"Feature","id":3567,"properties":{"name":"Nkora","code":"","country":"Democratic Republic of the Congo","country_code":"COD","port_type":"River"},"geometry":{"type":"Point","coordinates":[29.05378,-1.9556]}},{"type":"Feature","id":3568,"properties":{"name":"Kamtsha","code":"","country":"Democratic Republic of the Congo","country_code":"COD","port_type":"River"},"geometry":{"type":"Point","coordinates":[19.23364,-4.47108]}},{"type":"Feature","id":3569,"properties":{"name":"Kagobe","code":"","country":"Democratic Republic of the Congo","country_code":"COD","port_type":"River"},"geometry":{"type":"Point","coordinates":[29.04511,-1.96975]}},{"type":"Feature","id":3570,"properties":{"name":"Kirabo","code":"","country":"Democratic Republic of the Congo","country_code":"COD","port_type":"River"},"geometry":{"type":"Point","coordinates":[29.05596,-2.05165]}},{"type":"Feature","id":3571,"properties":{"name":"Nsulo","code":"","country":"Democratic Republic of the Congo","country_code":"COD","port_type":"River"},"geometry":{"type":"Point","coordinates":[29.09809,-1.94136]}},{"type":"Feature","id":3572,"properties":{"name":"Kihara","code":"","country":"Democratic Republic of the Congo","country_code":"COD","port_type":"River"},"geometry":{"type":"Point","coordinates":[29.0179,-2.15711]}},{"type":"Feature","id":3573,"properties":{"name":"Mazinga","code":"","country":"Democratic Republic of the Congo","country_code":"COD","port_type":"River"},"geometry":{"type":"Point","coordinates":[18.60389,-4.52965]}},{"type":"Feature","id":3574,"properties":{"name":"Malela","code":"","country":"Democratic Republic of the Congo","country_code":"COD","port_type":"River"},"geometry":{"type":"Point","coordinates":[16.19901,-3.17901]}},{"type":"Feature","id":3575,"properties":{"name":"Unnamed port","code":"","country":"Democratic Republic of the Congo","country_code":"COD","port_type":"Unknown"},"geometry":{"type":"Point","coordinates":[17.4,-5.83]}},{"type":"Feature","id":3576,"properties":{"name":"Nyaroump","code":"","country":"South Sudan","country_code":"SSD","port_type":"River"},"geometry":{"type":"Point","coordinates":[30.24384,8.68357]}},{"type":"Feature","id":3577,"properties":{"name":"Ed Daoura Fuel Oil Port","code":"","country":"Lebanon","country_code":"LBN","port_type":"sea"},"geometry":{"type":"Point","coordinates":[35.55245,33.89813]}},{"type":"Feature","id":3578,"properties":{"name":"Tripoli Fishing Port","code":"","country":"Lebanon","country_code":"LBN","port_type":"sea"},"geometry":{"type":"Point","coordinates":[35.81286,34.45521]}},{"type":"Feature","id":3579,"properties":{"name":"Dbaiye 2 Port","code":"","country":"Lebanon","country_code":"LBN","port_type":"sea"},"geometry":{"type":"Point","coordinates":[35.58868,33.9441]}},{"type":"Feature","id":3580,"properties":{"name":"Saida Commercial Port","code":"","country":"Lebanon","country_code":"LBN","port_type":"sea"},"geometry":{"type":"Point","coordinates":[35.36527,33.55656]}},{"type":"Feature","id":3581,"properties":{"name":"Sour Commercial Port","code":"","country":"Lebanon","country_code":"LBN","port_type":"sea"},"geometry":{"type":"Point","coordinates":[35.19796,33.27382]}},{"type":"Feature","id":3582,"properties":{"name":"Aamshite Fuel Oil Port","code":"","country":"Lebanon","country_code":"LBN","port_type":"sea"},"geometry":{"type":"Point","coordinates":[35.63044,34.15434]}},{"type":"Feature","id":3583,"properties":{"name":"Chekka Fuel Oil Port","code":"","country":"Lebanon","country_code":"LBN","port_type":"sea"},"geometry":{"type":"Point","coordinates":[35.72545,34.32934]}}]}
